admin_id,project_id,nodal_officer_assigned,dept_workload_score,sla_compliance_percentage,bottleneck_score
ADM-TN-0042,LG-TN-0042,R. Sundaram (IAS),8.5,52.0,78.0
ADM-AP-0002,LG-AP-0002,Officer-AP-2,8.0,80.8,24.0
ADM-AR-0003,LG-AR-0003,Officer-AR-3,4.2,81.0,23.8
ADM-AS-0004,LG-AS-0004,Officer-AS-4,7.8,87.1,16.1
ADM-BR-0005,LG-BR-0005,Officer-BR-5,5.8,47.0,66.2
ADM-CG-0006,LG-CG-0006,Officer-CG-6,2.0,33.3,83.4
ADM-GA-0007,LG-GA-0007,Officer-GA-7,5.6,54.2,57.2
ADM-GJ-0008,LG-GJ-0008,Officer-GJ-8,2.5,30.6,86.8
ADM-HR-0009,LG-HR-0009,Officer-HR-9,5.2,64.5,44.4
ADM-HP-0010,LG-HP-0010,Officer-HP-10,5.0,59.8,50.2
ADM-JH-0011,LG-JH-0011,Officer-JH-11,2.6,56.6,54.2
ADM-KA-0012,LG-KA-0012,Officer-KA-12,9.5,70.7,36.6
ADM-KL-0013,LG-KL-0013,Officer-KL-13,6.5,57.4,53.3
ADM-MP-0014,LG-MP-0014,Officer-MP-14,6.1,77.9,27.6
ADM-MH-0015,LG-MH-0015,Officer-MH-15,3.2,40.5,74.4
ADM-MN-0016,LG-MN-0016,Officer-MN-16,8.6,79.2,26.0
ADM-ML-0017,LG-ML-0017,Officer-ML-17,8.4,73.5,33.1
ADM-MZ-0018,LG-MZ-0018,Officer-MZ-18,8.8,51.4,60.7
ADM-NL-0019,LG-NL-0019,Officer-NL-19,3.1,60.6,49.2
ADM-OD-0020,LG-OD-0020,Officer-OD-20,3.2,37.7,77.9
ADM-PB-0021,LG-PB-0021,Officer-PB-21,2.5,78.1,27.3
ADM-RJ-0022,LG-RJ-0022,Officer-RJ-22,6.4,55.5,55.6
ADM-SK-0023,LG-SK-0023,Officer-SK-23,8.3,61.0,48.7
ADM-TN-0024,LG-TN-0024,Officer-TN-24,7.8,69.8,37.8
ADM-TS-0025,LG-TS-0025,Officer-TS-25,8.2,53.6,58.1
ADM-TR-0026,LG-TR-0026,Officer-TR-26,5.7,70.4,37.0
ADM-UP-0027,LG-UP-0027,Officer-UP-27,7.5,69.9,37.7
ADM-UK-0028,LG-UK-0028,Officer-UK-28,5.3,45.8,67.8
ADM-WB-0029,LG-WB-0029,Officer-WB-29,8.5,79.9,25.2
ADM-AN-0030,LG-AN-0030,Officer-AN-30,7.9,91.3,10.8
ADM-CH-0031,LG-CH-0031,Officer-CH-31,6.5,82.6,21.7
ADM-DH-0032,LG-DH-0032,Officer-DH-32,4.4,51.5,60.6
ADM-DL-0033,LG-DL-0033,Officer-DL-33,6.1,67.7,40.3
ADM-JK-0034,LG-JK-0034,Officer-JK-34,5.6,75.4,30.8
ADM-LA-0035,LG-LA-0035,Officer-LA-35,7.7,51.2,61.0
ADM-LD-0036,LG-LD-0036,Officer-LD-36,7.4,34.0,82.6
ADM-PY-0037,LG-PY-0037,Officer-PY-37,5.3,48.2,64.8
ADM-AP-0038,LG-AP-0038,Officer-AP-38,7.0,58.6,51.8
ADM-AR-0039,LG-AR-0039,Officer-AR-39,2.1,84.4,19.5
ADM-AS-0040,LG-AS-0040,Officer-AS-40,4.5,63.1,46.2
ADM-BR-0041,LG-BR-0041,Officer-BR-41,4.8,40.5,74.3
ADM-CG-0042,LG-CG-0042,Officer-CG-42,6.0,41.2,73.5
ADM-GA-0043,LG-GA-0043,Officer-GA-43,7.0,47.3,65.9
ADM-GJ-0044,LG-GJ-0044,Officer-GJ-44,3.3,80.1,24.9
ADM-HR-0045,LG-HR-0045,Officer-HR-45,9.2,54.3,57.2
ADM-HP-0046,LG-HP-0046,Officer-HP-46,8.7,70.1,37.4
ADM-JH-0047,LG-JH-0047,Officer-JH-47,5.1,27.8,90.3
ADM-KA-0048,LG-KA-0048,Officer-KA-48,7.3,52.4,59.5
ADM-KL-0049,LG-KL-0049,Officer-KL-49,2.6,77.6,28.0
ADM-MP-0050,LG-MP-0050,Officer-MP-50,2.1,55.9,55.2
ADM-MH-0051,LG-MH-0051,Officer-MH-51,9.1,79.2,26.0
ADM-MN-0052,LG-MN-0052,Officer-MN-52,3.9,47.8,65.2
ADM-ML-0053,LG-ML-0053,Officer-ML-53,4.6,53.6,58.0
ADM-MZ-0054,LG-MZ-0054,Officer-MZ-54,8.7,63.0,46.3
ADM-NL-0055,LG-NL-0055,Officer-NL-55,6.4,74.7,31.6
ADM-OD-0056,LG-OD-0056,Officer-OD-56,3.7,50.2,62.2
ADM-PB-0057,LG-PB-0057,Officer-PB-57,6.0,84.7,19.1
ADM-RJ-0058,LG-RJ-0058,Officer-RJ-58,4.0,66.4,42.0
ADM-SK-0059,LG-SK-0059,Officer-SK-59,5.5,73.4,33.3
ADM-TN-0060,LG-TN-0060,Officer-TN-60,3.1,35.6,80.5
ADM-TS-0061,LG-TS-0061,Officer-TS-61,2.3,68.5,39.3
ADM-TR-0062,LG-TR-0062,Officer-TR-62,7.9,84.0,20.0
ADM-UP-0063,LG-UP-0063,Officer-UP-63,6.5,74.4,32.0
ADM-UK-0064,LG-UK-0064,Officer-UK-64,3.8,30.4,87.0
ADM-WB-0065,LG-WB-0065,Officer-WB-65,8.9,65.6,42.9
ADM-AN-0066,LG-AN-0066,Officer-AN-66,2.2,63.2,45.9
ADM-CH-0067,LG-CH-0067,Officer-CH-67,4.3,53.9,57.6
ADM-DH-0068,LG-DH-0068,Officer-DH-68,2.3,32.2,84.8
ADM-DL-0069,LG-DL-0069,Officer-DL-69,7.4,74.8,31.5
ADM-JK-0070,LG-JK-0070,Officer-JK-70,4.3,72.8,34.0
ADM-LA-0071,LG-LA-0071,Officer-LA-71,4.2,60.7,49.1
ADM-LD-0072,LG-LD-0072,Officer-LD-72,4.4,50.7,61.7
ADM-PY-0073,LG-PY-0073,Officer-PY-73,5.6,62.2,47.2
ADM-AP-0074,LG-AP-0074,Officer-AP-74,9.2,66.6,41.8
ADM-AR-0075,LG-AR-0075,Officer-AR-75,6.3,60.6,49.3
ADM-AS-0076,LG-AS-0076,Officer-AS-76,7.0,32.8,84.1
ADM-BR-0077,LG-BR-0077,Officer-BR-77,5.1,38.3,77.2
ADM-CG-0078,LG-CG-0078,Officer-CG-78,8.1,81.1,23.6
ADM-GA-0079,LG-GA-0079,Officer-GA-79,5.4,72.3,34.6
ADM-GJ-0080,LG-GJ-0080,Officer-GJ-80,9.4,57.2,53.5
ADM-HR-0081,LG-HR-0081,Officer-HR-81,6.4,72.0,35.1
ADM-HP-0082,LG-HP-0082,Officer-HP-82,3.3,44.8,69.0
ADM-JH-0083,LG-JH-0083,Officer-JH-83,6.1,47.5,65.6
ADM-KA-0084,LG-KA-0084,Officer-KA-84,3.6,55.5,55.7
ADM-KL-0085,LG-KL-0085,Officer-KL-85,9.1,90.8,11.5
ADM-MP-0086,LG-MP-0086,Officer-MP-86,6.0,73.3,33.4
ADM-MH-0087,LG-MH-0087,Officer-MH-87,7.8,73.7,32.9
ADM-MN-0088,LG-MN-0088,Officer-MN-88,8.3,38.8,76.5
ADM-ML-0089,LG-ML-0089,Officer-ML-89,5.1,40.2,74.8
ADM-MZ-0090,LG-MZ-0090,Officer-MZ-90,5.9,47.4,65.7
ADM-NL-0091,LG-NL-0091,Officer-NL-91,3.3,43.4,70.8
ADM-OD-0092,LG-OD-0092,Officer-OD-92,4.2,91.3,10.8
ADM-PB-0093,LG-PB-0093,Officer-PB-93,4.7,40.7,74.1
ADM-RJ-0094,LG-RJ-0094,Officer-RJ-94,5.4,57.1,53.6
ADM-SK-0095,LG-SK-0095,Officer-SK-95,4.0,80.6,24.3
ADM-TN-0096,LG-TN-0096,Officer-TN-96,6.5,63.6,45.5
ADM-TS-0097,LG-TS-0097,Officer-TS-97,7.2,56.1,54.9
ADM-TR-0098,LG-TR-0098,Officer-TR-98,3.9,74.6,31.7
ADM-UP-0099,LG-UP-0099,Officer-UP-99,5.6,80.5,24.4
ADM-UK-0100,LG-UK-0100,Officer-UK-100,3.2,59.8,50.3
ADM-WB-0101,LG-WB-0101,Officer-WB-101,8.5,60.1,49.9
ADM-AN-0102,LG-AN-0102,Officer-AN-102,5.2,53.1,58.7
ADM-CH-0103,LG-CH-0103,Officer-CH-103,2.2,30.3,87.1
ADM-DH-0104,LG-DH-0104,Officer-DH-104,8.5,42.7,71.6
ADM-DL-0105,LG-DL-0105,Officer-DL-105,9.2,64.1,44.9
ADM-JK-0106,LG-JK-0106,Officer-JK-106,6.4,60.1,49.9
ADM-LA-0107,LG-LA-0107,Officer-LA-107,7.9,41.4,73.3
ADM-LD-0108,LG-LD-0108,Officer-LD-108,2.7,57.9,52.6
ADM-PY-0109,LG-PY-0109,Officer-PY-109,6.2,84.6,19.2
ADM-AP-0110,LG-AP-0110,Officer-AP-110,8.4,53.8,57.8
ADM-AR-0111,LG-AR-0111,Officer-AR-111,2.5,73.4,33.3
ADM-AS-0112,LG-AS-0112,Officer-AS-112,9.2,56.5,54.4
ADM-BR-0113,LG-BR-0113,Officer-BR-113,8.7,76.3,29.6
ADM-CG-0114,LG-CG-0114,Officer-CG-114,3.3,73.7,32.9
ADM-GA-0115,LG-GA-0115,Officer-GA-115,5.4,56.9,53.9
ADM-GJ-0116,LG-GJ-0116,Officer-GJ-116,6.0,42.6,71.8
ADM-HR-0117,LG-HR-0117,Officer-HR-117,8.4,42.9,71.4
ADM-HP-0118,LG-HP-0118,Officer-HP-118,8.1,76.6,29.3
ADM-JH-0119,LG-JH-0119,Officer-JH-119,8.2,64.9,43.9
ADM-KA-0120,LG-KA-0120,Officer-KA-120,5.0,37.4,78.3
ADM-KL-0121,LG-KL-0121,Officer-KL-121,7.4,73.3,33.4
ADM-MP-0122,LG-MP-0122,Officer-MP-122,9.0,45.5,68.1
ADM-MH-0123,LG-MH-0123,Officer-MH-123,7.4,74.9,31.4
ADM-MN-0124,LG-MN-0124,Officer-MN-124,9.3,41.3,73.4
ADM-ML-0125,LG-ML-0125,Officer-ML-125,3.1,72.7,34.1
ADM-MZ-0126,LG-MZ-0126,Officer-MZ-126,8.6,92.0,10.0
ADM-NL-0127,LG-NL-0127,Officer-NL-127,5.2,26.0,92.5
ADM-OD-0128,LG-OD-0128,Officer-OD-128,7.0,82.2,22.3
ADM-PB-0129,LG-PB-0129,Officer-PB-129,6.2,68.6,39.2
ADM-RJ-0130,LG-RJ-0130,Officer-RJ-130,6.3,80.5,24.3
ADM-SK-0131,LG-SK-0131,Officer-SK-131,5.0,89.0,13.7
ADM-TN-0132,LG-TN-0132,Officer-TN-132,6.9,90.0,12.5
ADM-TS-0133,LG-TS-0133,Officer-TS-133,9.3,51.2,61.1
ADM-TR-0134,LG-TR-0134,Officer-TR-134,5.4,49.5,63.1
ADM-UP-0135,LG-UP-0135,Officer-UP-135,3.7,70.8,36.5
ADM-UK-0136,LG-UK-0136,Officer-UK-136,3.6,72.7,34.2
ADM-WB-0137,LG-WB-0137,Officer-WB-137,7.7,69.5,38.1
ADM-AN-0138,LG-AN-0138,Officer-AN-138,5.5,62.3,47.2
ADM-CH-0139,LG-CH-0139,Officer-CH-139,8.5,64.4,44.5
ADM-DH-0140,LG-DH-0140,Officer-DH-140,5.2,60.8,49.0
ADM-DL-0141,LG-DL-0141,Officer-DL-141,2.3,89.4,13.2
ADM-JK-0142,LG-JK-0142,Officer-JK-142,6.9,89.4,13.3
ADM-LA-0143,LG-LA-0143,Officer-LA-143,8.2,78.1,27.4
ADM-LD-0144,LG-LD-0144,Officer-LD-144,6.3,30.2,87.2
ADM-PY-0145,LG-PY-0145,Officer-PY-145,6.9,83.5,20.6
ADM-AP-0146,LG-AP-0146,Officer-AP-146,5.6,40.7,74.2
ADM-AR-0147,LG-AR-0147,Officer-AR-147,7.4,29.9,87.6
ADM-AS-0148,LG-AS-0148,Officer-AS-148,2.6,69.4,38.3
ADM-BR-0149,LG-BR-0149,Officer-BR-149,7.8,62.9,46.4
ADM-CG-0150,LG-CG-0150,Officer-CG-150,8.2,61.6,48.0
ADM-GA-0151,LG-GA-0151,Officer-GA-151,4.9,41.0,73.7
ADM-GJ-0152,LG-GJ-0152,Officer-GJ-152,6.9,69.7,37.8
ADM-HR-0153,LG-HR-0153,Officer-HR-153,3.1,53.7,57.9
ADM-HP-0154,LG-HP-0154,Officer-HP-154,3.7,49.8,62.8
ADM-JH-0155,LG-JH-0155,Officer-JH-155,7.3,86.7,16.6
ADM-KA-0156,LG-KA-0156,Officer-KA-156,4.2,72.8,34.0
ADM-KL-0157,LG-KL-0157,Officer-KL-157,8.7,43.5,70.6
ADM-MP-0158,LG-MP-0158,Officer-MP-158,2.4,56.5,54.4
ADM-MH-0159,LG-MH-0159,Officer-MH-159,9.0,62.0,47.5
ADM-MN-0160,LG-MN-0160,Officer-MN-160,9.1,32.9,83.8
ADM-ML-0161,LG-ML-0161,Officer-ML-161,7.4,40.1,74.9
ADM-MZ-0162,LG-MZ-0162,Officer-MZ-162,3.0,72.6,34.2
ADM-NL-0163,LG-NL-0163,Officer-NL-163,3.6,54.8,56.5
ADM-OD-0164,LG-OD-0164,Officer-OD-164,2.3,59.9,50.2
ADM-PB-0165,LG-PB-0165,Officer-PB-165,4.8,31.3,85.8
ADM-RJ-0166,LG-RJ-0166,Officer-RJ-166,5.1,45.7,67.9
ADM-SK-0167,LG-SK-0167,Officer-SK-167,8.5,72.4,34.5
ADM-TN-0168,LG-TN-0168,Officer-TN-168,6.5,54.3,57.2
ADM-TS-0169,LG-TS-0169,Officer-TS-169,3.9,60.2,49.7
ADM-TR-0170,LG-TR-0170,Officer-TR-170,9.4,67.5,40.7
ADM-UP-0171,LG-UP-0171,Officer-UP-171,9.2,40.8,74.0
ADM-UK-0172,LG-UK-0172,Officer-UK-172,3.5,72.7,34.1
ADM-WB-0173,LG-WB-0173,Officer-WB-173,6.1,84.0,20.0
ADM-AN-0174,LG-AN-0174,Officer-AN-174,6.2,73.1,33.7
ADM-CH-0175,LG-CH-0175,Officer-CH-175,9.0,55.8,55.2
ADM-DH-0176,LG-DH-0176,Officer-DH-176,6.1,43.5,70.6
ADM-DL-0177,LG-DL-0177,Officer-DL-177,9.3,28.0,90.0
ADM-JK-0178,LG-JK-0178,Officer-JK-178,9.3,71.8,35.3
ADM-LA-0179,LG-LA-0179,Officer-LA-179,3.9,51.2,61.0
ADM-LD-0180,LG-LD-0180,Officer-LD-180,2.6,81.2,23.5
ADM-PY-0181,LG-PY-0181,Officer-PY-181,3.4,79.1,26.1
ADM-AP-0182,LG-AP-0182,Officer-AP-182,3.7,72.1,34.9
ADM-AR-0183,LG-AR-0183,Officer-AR-183,5.6,65.2,43.5
ADM-AS-0184,LG-AS-0184,Officer-AS-184,4.8,91.8,10.2
ADM-BR-0185,LG-BR-0185,Officer-BR-185,6.6,59.8,50.2
ADM-CG-0186,LG-CG-0186,Officer-CG-186,7.9,87.7,15.4
ADM-GA-0187,LG-GA-0187,Officer-GA-187,7.1,44.2,69.8
ADM-GJ-0188,LG-GJ-0188,Officer-GJ-188,3.2,36.1,79.9
ADM-HR-0189,LG-HR-0189,Officer-HR-189,3.9,64.8,44.0
ADM-HP-0190,LG-HP-0190,Officer-HP-190,3.4,83.0,21.2
ADM-JH-0191,LG-JH-0191,Officer-JH-191,3.4,65.5,43.1
ADM-KA-0192,LG-KA-0192,Officer-KA-192,2.5,84.8,19.0
ADM-KL-0193,LG-KL-0193,Officer-KL-193,6.9,62.5,46.9
ADM-MP-0194,LG-MP-0194,Officer-MP-194,6.5,44.1,69.9
ADM-MH-0195,LG-MH-0195,Officer-MH-195,2.6,70.7,36.6
ADM-MN-0196,LG-MN-0196,Officer-MN-196,2.3,28.6,89.3
ADM-ML-0197,LG-ML-0197,Officer-ML-197,3.0,64.6,44.3
ADM-MZ-0198,LG-MZ-0198,Officer-MZ-198,2.3,91.5,10.6
ADM-NL-0199,LG-NL-0199,Officer-NL-199,9.4,52.7,59.2
ADM-OD-0200,LG-OD-0200,Officer-OD-200,9.3,68.8,39.0
ADM-PB-0201,LG-PB-0201,Officer-PB-201,3.9,36.9,78.9
ADM-RJ-0202,LG-RJ-0202,Officer-RJ-202,3.0,24.6,94.3
ADM-SK-0203,LG-SK-0203,Officer-SK-203,7.6,77.5,28.2
ADM-TN-0204,LG-TN-0204,Officer-TN-204,8.4,90.4,12.0
ADM-TS-0205,LG-TS-0205,Officer-TS-205,2.3,42.1,72.3
ADM-TR-0206,LG-TR-0206,Officer-TR-206,5.0,77.3,28.4
ADM-UP-0207,LG-UP-0207,Officer-UP-207,6.4,44.9,68.9
ADM-UK-0208,LG-UK-0208,Officer-UK-208,6.2,72.5,34.4
ADM-WB-0209,LG-WB-0209,Officer-WB-209,5.6,66.8,41.5
ADM-AN-0210,LG-AN-0210,Officer-AN-210,9.5,75.2,31.0
ADM-CH-0211,LG-CH-0211,Officer-CH-211,2.4,44.9,68.9
ADM-DH-0212,LG-DH-0212,Officer-DH-212,2.0,48.1,64.9
ADM-DL-0213,LG-DL-0213,Officer-DL-213,7.4,81.9,22.7
ADM-JK-0214,LG-JK-0214,Officer-JK-214,6.3,75.7,30.4
ADM-LA-0215,LG-LA-0215,Officer-LA-215,5.4,44.7,69.1
ADM-LD-0216,LG-LD-0216,Officer-LD-216,7.4,74.5,31.8
ADM-PY-0217,LG-PY-0217,Officer-PY-217,2.9,41.7,72.8
ADM-AP-0218,LG-AP-0218,Officer-AP-218,3.3,91.4,10.7
ADM-AR-0219,LG-AR-0219,Officer-AR-219,9.1,73.6,33.0
ADM-AS-0220,LG-AS-0220,Officer-AS-220,4.3,69.0,38.7
ADM-BR-0221,LG-BR-0221,Officer-BR-221,5.3,54.8,56.6
ADM-CG-0222,LG-CG-0222,Officer-CG-222,7.4,36.2,79.7
ADM-GA-0223,LG-GA-0223,Officer-GA-223,3.0,49.7,62.9
ADM-GJ-0224,LG-GJ-0224,Officer-GJ-224,5.8,89.3,13.4
ADM-HR-0225,LG-HR-0225,Officer-HR-225,2.6,61.9,47.6
ADM-HP-0226,LG-HP-0226,Officer-HP-226,6.7,40.6,74.2
ADM-JH-0227,LG-JH-0227,Officer-JH-227,7.3,73.8,32.8
ADM-KA-0228,LG-KA-0228,Officer-KA-228,5.6,55.1,56.1
ADM-KL-0229,LG-KL-0229,Officer-KL-229,4.0,91.2,11.0
ADM-MP-0230,LG-MP-0230,Officer-MP-230,2.2,75.8,30.3
ADM-MH-0231,LG-MH-0231,Officer-MH-231,2.6,57.3,53.4
ADM-MN-0232,LG-MN-0232,Officer-MN-232,2.1,57.7,52.8
ADM-ML-0233,LG-ML-0233,Officer-ML-233,7.1,60.3,49.6
ADM-MZ-0234,LG-MZ-0234,Officer-MZ-234,3.4,74.1,32.4
ADM-NL-0235,LG-NL-0235,Officer-NL-235,2.3,78.9,26.3
ADM-OD-0236,LG-OD-0236,Officer-OD-236,6.3,71.6,35.5
ADM-PB-0237,LG-PB-0237,Officer-PB-237,3.3,45.9,67.6
ADM-RJ-0238,LG-RJ-0238,Officer-RJ-238,2.0,88.4,14.5
ADM-SK-0239,LG-SK-0239,Officer-SK-239,3.6,82.5,21.9
ADM-TN-0240,LG-TN-0240,Officer-TN-240,8.7,58.0,52.5
ADM-TS-0241,LG-TS-0241,Officer-TS-241,4.6,55.0,56.2
ADM-TR-0242,LG-TR-0242,Officer-TR-242,7.8,41.7,72.8
ADM-UP-0243,LG-UP-0243,Officer-UP-243,7.8,88.8,14.0
ADM-UK-0244,LG-UK-0244,Officer-UK-244,2.4,76.2,29.7
ADM-WB-0245,LG-WB-0245,Officer-WB-245,2.5,24.8,94.0
ADM-AN-0246,LG-AN-0246,Officer-AN-246,2.8,54.7,56.6
ADM-CH-0247,LG-CH-0247,Officer-CH-247,7.2,57.1,53.7
ADM-DH-0248,LG-DH-0248,Officer-DH-248,2.3,47.4,65.7
ADM-DL-0249,LG-DL-0249,Officer-DL-249,8.7,66.0,42.5
ADM-JK-0250,LG-JK-0250,Officer-JK-250,2.6,90.9,11.4
ADM-LA-0251,LG-LA-0251,Officer-LA-251,4.2,69.8,37.7
ADM-LD-0252,LG-LD-0252,Officer-LD-252,8.2,38.5,76.8
ADM-PY-0253,LG-PY-0253,Officer-PY-253,5.6,62.2,47.2
ADM-AP-0254,LG-AP-0254,Officer-AP-254,6.0,86.5,16.8
ADM-AR-0255,LG-AR-0255,Officer-AR-255,2.8,53.7,57.9
ADM-AS-0256,LG-AS-0256,Officer-AS-256,3.6,61.1,48.6
ADM-BR-0257,LG-BR-0257,Officer-BR-257,3.1,60.9,48.9
ADM-CG-0258,LG-CG-0258,Officer-CG-258,7.2,88.6,14.3
ADM-GA-0259,LG-GA-0259,Officer-GA-259,6.5,51.4,60.8
ADM-GJ-0260,LG-GJ-0260,Officer-GJ-260,9.3,33.5,83.1
ADM-HR-0261,LG-HR-0261,Officer-HR-261,5.7,49.5,63.1
ADM-HP-0262,LG-HP-0262,Officer-HP-262,6.1,65.6,43.0
ADM-JH-0263,LG-JH-0263,Officer-JH-263,8.4,61.7,47.9
ADM-KA-0264,LG-KA-0264,Officer-KA-264,2.4,79.5,25.6
ADM-KL-0265,LG-KL-0265,Officer-KL-265,2.8,64.2,44.7
ADM-MP-0266,LG-MP-0266,Officer-MP-266,2.5,77.1,28.6
ADM-MH-0267,LG-MH-0267,Officer-MH-267,7.4,58.4,52.0
ADM-MN-0268,LG-MN-0268,Officer-MN-268,8.0,51.9,60.1
ADM-ML-0269,LG-ML-0269,Officer-ML-269,9.1,51.0,61.3
ADM-MZ-0270,LG-MZ-0270,Officer-MZ-270,5.3,43.1,71.1
ADM-NL-0271,LG-NL-0271,Officer-NL-271,4.7,46.3,67.1
ADM-OD-0272,LG-OD-0272,Officer-OD-272,2.6,83.2,21.0
ADM-PB-0273,LG-PB-0273,Officer-PB-273,5.0,91.5,10.7
ADM-RJ-0274,LG-RJ-0274,Officer-RJ-274,8.6,46.5,66.9
ADM-SK-0275,LG-SK-0275,Officer-SK-275,5.9,89.0,13.7
ADM-TN-0276,LG-TN-0276,Officer-TN-276,3.8,44.4,69.5
ADM-TS-0277,LG-TS-0277,Officer-TS-277,5.8,50.7,61.7
ADM-TR-0278,LG-TR-0278,Officer-TR-278,4.1,41.7,72.9
ADM-UP-0279,LG-UP-0279,Officer-UP-279,5.3,55.4,55.7
ADM-UK-0280,LG-UK-0280,Officer-UK-280,3.8,87.8,15.3
ADM-WB-0281,LG-WB-0281,Officer-WB-281,9.5,86.6,16.7
ADM-AN-0282,LG-AN-0282,Officer-AN-282,9.2,42.2,72.2
ADM-CH-0283,LG-CH-0283,Officer-CH-283,5.9,76.9,28.9
ADM-DH-0284,LG-DH-0284,Officer-DH-284,7.0,75.0,31.2
ADM-DL-0285,LG-DL-0285,Officer-DL-285,7.6,78.6,26.8
ADM-JK-0286,LG-JK-0286,Officer-JK-286,3.4,40.4,74.5
ADM-LA-0287,LG-LA-0287,Officer-LA-287,3.8,74.0,32.6
ADM-LD-0288,LG-LD-0288,Officer-LD-288,4.4,46.5,66.8
ADM-PY-0289,LG-PY-0289,Officer-PY-289,7.3,73.8,32.7
ADM-AP-0290,LG-AP-0290,Officer-AP-290,8.6,49.3,63.3
ADM-AR-0291,LG-AR-0291,Officer-AR-291,6.2,58.5,51.8
ADM-AS-0292,LG-AS-0292,Officer-AS-292,3.3,40.5,74.4
ADM-BR-0293,LG-BR-0293,Officer-BR-293,4.4,55.5,55.6
ADM-CG-0294,LG-CG-0294,Officer-CG-294,5.0,32.9,83.8
ADM-GA-0295,LG-GA-0295,Officer-GA-295,6.8,81.2,23.5
ADM-GJ-0296,LG-GJ-0296,Officer-GJ-296,4.1,80.6,24.3
ADM-HR-0297,LG-HR-0297,Officer-HR-297,4.0,89.4,13.3
ADM-HP-0298,LG-HP-0298,Officer-HP-298,6.3,75.3,30.8
ADM-JH-0299,LG-JH-0299,Officer-JH-299,8.8,76.0,30.1
ADM-KA-0300,LG-KA-0300,Officer-KA-300,6.8,45.3,68.4
ADM-KL-0301,LG-KL-0301,Officer-KL-301,3.4,27.9,90.2
ADM-MP-0302,LG-MP-0302,Officer-MP-302,4.4,55.6,55.5
ADM-MH-0303,LG-MH-0303,Officer-MH-303,6.2,31.3,85.8
ADM-MN-0304,LG-MN-0304,Officer-MN-304,6.5,34.7,81.6
ADM-ML-0305,LG-ML-0305,Officer-ML-305,9.4,65.9,42.6
ADM-MZ-0306,LG-MZ-0306,Officer-MZ-306,4.8,45.6,68.0
ADM-NL-0307,LG-NL-0307,Officer-NL-307,9.4,52.3,59.7
ADM-OD-0308,LG-OD-0308,Officer-OD-308,9.0,87.4,15.7
ADM-PB-0309,LG-PB-0309,Officer-PB-309,5.2,67.0,41.2
ADM-RJ-0310,LG-RJ-0310,Officer-RJ-310,5.3,42.7,71.7
ADM-SK-0311,LG-SK-0311,Officer-SK-311,5.5,68.4,39.5
ADM-TN-0312,LG-TN-0312,Officer-TN-312,3.0,80.5,24.3
ADM-TS-0313,LG-TS-0313,Officer-TS-313,3.4,59.3,50.9
ADM-TR-0314,LG-TR-0314,Officer-TR-314,7.8,87.5,15.6
ADM-UP-0315,LG-UP-0315,Officer-UP-315,2.2,72.0,34.9
ADM-UK-0316,LG-UK-0316,Officer-UK-316,4.8,74.4,32.0
ADM-WB-0317,LG-WB-0317,Officer-WB-317,4.9,74.3,32.1
ADM-AN-0318,LG-AN-0318,Officer-AN-318,6.1,67.0,41.3
ADM-CH-0319,LG-CH-0319,Officer-CH-319,2.7,70.7,36.6
ADM-DH-0320,LG-DH-0320,Officer-DH-320,6.3,91.8,10.2
ADM-DL-0321,LG-DL-0321,Officer-DL-321,6.3,72.2,34.7
ADM-JK-0322,LG-JK-0322,Officer-JK-322,4.9,53.8,57.8
ADM-LA-0323,LG-LA-0323,Officer-LA-323,8.4,78.8,26.5
ADM-LD-0324,LG-LD-0324,Officer-LD-324,5.0,46.6,66.7
ADM-PY-0325,LG-PY-0325,Officer-PY-325,9.1,46.1,67.4
ADM-AP-0326,LG-AP-0326,Officer-AP-326,2.5,37.5,78.2
ADM-AR-0327,LG-AR-0327,Officer-AR-327,2.1,39.2,76.1
ADM-AS-0328,LG-AS-0328,Officer-AS-328,2.0,79.3,25.9
ADM-BR-0329,LG-BR-0329,Officer-BR-329,5.0,49.3,63.3
ADM-CG-0330,LG-CG-0330,Officer-CG-330,9.2,87.6,15.5
ADM-GA-0331,LG-GA-0331,Officer-GA-331,7.5,87.4,15.8
ADM-GJ-0332,LG-GJ-0332,Officer-GJ-332,3.7,28.3,89.7
ADM-HR-0333,LG-HR-0333,Officer-HR-333,2.6,52.9,58.8
ADM-HP-0334,LG-HP-0334,Officer-HP-334,8.4,83.2,21.0
ADM-JH-0335,LG-JH-0335,Officer-JH-335,5.7,74.8,31.5
ADM-KA-0336,LG-KA-0336,Officer-KA-336,7.0,45.6,68.0
ADM-KL-0337,LG-KL-0337,Officer-KL-337,7.5,67.5,40.6
ADM-MP-0338,LG-MP-0338,Officer-MP-338,7.3,49.3,63.4
ADM-MH-0339,LG-MH-0339,Officer-MH-339,5.6,38.1,77.3
ADM-MN-0340,LG-MN-0340,Officer-MN-340,2.4,69.3,38.4
ADM-ML-0341,LG-ML-0341,Officer-ML-341,8.6,62.8,46.5
ADM-MZ-0342,LG-MZ-0342,Officer-MZ-342,9.5,41.1,73.6
ADM-NL-0343,LG-NL-0343,Officer-NL-343,3.0,84.3,19.6
ADM-OD-0344,LG-OD-0344,Officer-OD-344,4.8,73.7,32.9
ADM-PB-0345,LG-PB-0345,Officer-PB-345,5.4,47.4,65.8
ADM-RJ-0346,LG-RJ-0346,Officer-RJ-346,9.4,59.4,50.7
ADM-SK-0347,LG-SK-0347,Officer-SK-347,5.6,60.2,49.8
ADM-TN-0348,LG-TN-0348,Officer-TN-348,7.4,25.1,93.6
ADM-TS-0349,LG-TS-0349,Officer-TS-349,6.4,84.7,19.2
ADM-TR-0350,LG-TR-0350,Officer-TR-350,3.6,68.1,39.8
ADM-UP-0351,LG-UP-0351,Officer-UP-351,9.1,50.2,62.3
ADM-UK-0352,LG-UK-0352,Officer-UK-352,7.5,58.9,51.4
ADM-WB-0353,LG-WB-0353,Officer-WB-353,3.2,31.1,86.1
ADM-AN-0354,LG-AN-0354,Officer-AN-354,8.6,75.8,30.2
ADM-CH-0355,LG-CH-0355,Officer-CH-355,7.8,75.8,30.2
ADM-DH-0356,LG-DH-0356,Officer-DH-356,6.3,35.9,80.2
ADM-DL-0357,LG-DL-0357,Officer-DL-357,5.4,57.8,52.8
ADM-JK-0358,LG-JK-0358,Officer-JK-358,6.3,58.8,51.4
ADM-LA-0359,LG-LA-0359,Officer-LA-359,8.8,90.0,12.5
ADM-LD-0360,LG-LD-0360,Officer-LD-360,5.2,91.9,10.1
ADM-PY-0361,LG-PY-0361,Officer-PY-361,5.8,42.8,71.5
ADM-AP-0362,LG-AP-0362,Officer-AP-362,7.3,76.7,29.2
ADM-AR-0363,LG-AR-0363,Officer-AR-363,5.6,58.7,51.6
ADM-AS-0364,LG-AS-0364,Officer-AS-364,4.3,73.8,32.7
ADM-BR-0365,LG-BR-0365,Officer-BR-365,2.6,77.1,28.6
ADM-CG-0366,LG-CG-0366,Officer-CG-366,2.5,35.6,80.5
ADM-GA-0367,LG-GA-0367,Officer-GA-367,3.7,64.2,44.8
ADM-GJ-0368,LG-GJ-0368,Officer-GJ-368,8.6,89.7,12.9
ADM-HR-0369,LG-HR-0369,Officer-HR-369,4.4,84.4,19.5
ADM-HP-0370,LG-HP-0370,Officer-HP-370,3.4,72.4,34.5
ADM-JH-0371,LG-JH-0371,Officer-JH-371,5.6,70.6,36.7
ADM-KA-0372,LG-KA-0372,Officer-KA-372,3.1,83.7,20.4
ADM-KL-0373,LG-KL-0373,Officer-KL-373,8.1,88.4,14.5
ADM-MP-0374,LG-MP-0374,Officer-MP-374,9.5,43.0,71.3
ADM-MH-0375,LG-MH-0375,Officer-MH-375,3.8,47.5,65.6
ADM-MN-0376,LG-MN-0376,Officer-MN-376,9.2,40.5,74.4
ADM-ML-0377,LG-ML-0377,Officer-ML-377,7.4,83.7,20.4
ADM-MZ-0378,LG-MZ-0378,Officer-MZ-378,5.9,73.6,33.0
ADM-NL-0379,LG-NL-0379,Officer-NL-379,6.5,53.4,58.3
ADM-OD-0380,LG-OD-0380,Officer-OD-380,4.1,64.7,44.1
ADM-PB-0381,LG-PB-0381,Officer-PB-381,7.1,70.2,37.3
ADM-RJ-0382,LG-RJ-0382,Officer-RJ-382,2.7,46.9,66.3
ADM-SK-0383,LG-SK-0383,Officer-SK-383,6.6,24.6,94.3
ADM-TN-0384,LG-TN-0384,Officer-TN-384,5.5,68.5,39.4
ADM-TS-0385,LG-TS-0385,Officer-TS-385,4.4,73.7,32.9
ADM-TR-0386,LG-TR-0386,Officer-TR-386,8.7,54.9,56.4
ADM-UP-0387,LG-UP-0387,Officer-UP-387,8.7,59.5,50.6
ADM-UK-0388,LG-UK-0388,Officer-UK-388,4.7,62.1,47.4
ADM-WB-0389,LG-WB-0389,Officer-WB-389,9.0,64.1,44.9
ADM-AN-0390,LG-AN-0390,Officer-AN-390,4.6,87.8,15.3
ADM-CH-0391,LG-CH-0391,Officer-CH-391,9.2,75.3,30.8
ADM-DH-0392,LG-DH-0392,Officer-DH-392,6.7,42.0,72.5
ADM-DL-0393,LG-DL-0393,Officer-DL-393,8.3,56.3,54.6
ADM-JK-0394,LG-JK-0394,Officer-JK-394,8.0,53.1,58.6
ADM-LA-0395,LG-LA-0395,Officer-LA-395,7.6,72.5,34.4
ADM-LD-0396,LG-LD-0396,Officer-LD-396,3.9,74.2,32.3
ADM-PY-0397,LG-PY-0397,Officer-PY-397,9.2,67.4,40.7
ADM-AP-0398,LG-AP-0398,Officer-AP-398,3.7,85.6,18.0
ADM-AR-0399,LG-AR-0399,Officer-AR-399,3.3,75.0,31.2
ADM-AS-0400,LG-AS-0400,Officer-AS-400,7.7,79.1,26.1
ADM-BR-0401,LG-BR-0401,Officer-BR-401,8.5,40.1,74.9
ADM-CG-0402,LG-CG-0402,Officer-CG-402,5.7,46.7,66.7
ADM-GA-0403,LG-GA-0403,Officer-GA-403,7.3,71.7,35.4
ADM-GJ-0404,LG-GJ-0404,Officer-GJ-404,5.5,45.6,68.0
ADM-HR-0405,LG-HR-0405,Officer-HR-405,5.7,61.4,48.3
ADM-HP-0406,LG-HP-0406,Officer-HP-406,7.9,84.1,19.8
ADM-JH-0407,LG-JH-0407,Officer-JH-407,2.6,72.8,34.1
ADM-KA-0408,LG-KA-0408,Officer-KA-408,4.7,54.4,57.0
ADM-KL-0409,LG-KL-0409,Officer-KL-409,6.7,50.2,62.2
ADM-MP-0410,LG-MP-0410,Officer-MP-410,7.1,80.7,24.2
ADM-MH-0411,LG-MH-0411,Officer-MH-411,7.3,75.3,30.9
ADM-MN-0412,LG-MN-0412,Officer-MN-412,2.6,67.3,40.9
ADM-ML-0413,LG-ML-0413,Officer-ML-413,6.4,43.4,70.7
ADM-MZ-0414,LG-MZ-0414,Officer-MZ-414,3.1,47.0,66.3
ADM-NL-0415,LG-NL-0415,Officer-NL-415,5.6,54.3,57.1
ADM-OD-0416,LG-OD-0416,Officer-OD-416,5.1,45.3,68.4
ADM-PB-0417,LG-PB-0417,Officer-PB-417,7.3,75.8,30.2
ADM-RJ-0418,LG-RJ-0418,Officer-RJ-418,4.4,46.3,67.1
ADM-SK-0419,LG-SK-0419,Officer-SK-419,8.4,40.5,74.3
ADM-TN-0420,LG-TN-0420,Officer-TN-420,3.1,67.3,40.9
ADM-TS-0421,LG-TS-0421,Officer-TS-421,3.0,53.8,57.8
ADM-TR-0422,LG-TR-0422,Officer-TR-422,6.9,58.9,51.3
ADM-UP-0423,LG-UP-0423,Officer-UP-423,5.6,43.3,70.9
ADM-UK-0424,LG-UK-0424,Officer-UK-424,5.2,30.3,87.1
ADM-WB-0425,LG-WB-0425,Officer-WB-425,2.4,76.1,29.8
ADM-AN-0426,LG-AN-0426,Officer-AN-426,3.8,50.3,62.1
ADM-CH-0427,LG-CH-0427,Officer-CH-427,5.7,29.5,88.1
ADM-DH-0428,LG-DH-0428,Officer-DH-428,8.8,55.2,56.0
ADM-DL-0429,LG-DL-0429,Officer-DL-429,4.1,60.6,49.2
ADM-JK-0430,LG-JK-0430,Officer-JK-430,9.2,51.8,60.3
ADM-LA-0431,LG-LA-0431,Officer-LA-431,6.2,73.1,33.7
ADM-LD-0432,LG-LD-0432,Officer-LD-432,4.1,85.5,18.1
ADM-PY-0433,LG-PY-0433,Officer-PY-433,8.2,79.8,25.2
ADM-AP-0434,LG-AP-0434,Officer-AP-434,8.0,65.6,43.0
ADM-AR-0435,LG-AR-0435,Officer-AR-435,4.4,64.6,44.2
ADM-AS-0436,LG-AS-0436,Officer-AS-436,8.5,91.3,10.9
ADM-BR-0437,LG-BR-0437,Officer-BR-437,6.4,63.4,45.8
ADM-CG-0438,LG-CG-0438,Officer-CG-438,9.1,64.7,44.1
ADM-GA-0439,LG-GA-0439,Officer-GA-439,6.1,79.9,25.2
ADM-GJ-0440,LG-GJ-0440,Officer-GJ-440,8.0,54.1,57.4
ADM-HR-0441,LG-HR-0441,Officer-HR-441,7.1,50.9,61.4
ADM-HP-0442,LG-HP-0442,Officer-HP-442,4.2,63.7,45.3
ADM-JH-0443,LG-JH-0443,Officer-JH-443,3.8,41.7,72.8
ADM-KA-0444,LG-KA-0444,Officer-KA-444,2.8,69.8,37.7
ADM-KL-0445,LG-KL-0445,Officer-KL-445,3.6,53.5,58.1
ADM-MP-0446,LG-MP-0446,Officer-MP-446,2.6,89.5,13.1
ADM-MH-0447,LG-MH-0447,Officer-MH-447,5.2,86.0,17.6
ADM-MN-0448,LG-MN-0448,Officer-MN-448,8.1,28.6,89.3
ADM-ML-0449,LG-ML-0449,Officer-ML-449,7.2,69.2,38.4
ADM-MZ-0450,LG-MZ-0450,Officer-MZ-450,5.7,41.6,73.0
ADM-NL-0451,LG-NL-0451,Officer-NL-451,7.4,71.9,35.1
ADM-OD-0452,LG-OD-0452,Officer-OD-452,8.2,85.0,18.8
ADM-PB-0453,LG-PB-0453,Officer-PB-453,3.3,89.5,13.2
ADM-RJ-0454,LG-RJ-0454,Officer-RJ-454,8.6,64.8,44.0
ADM-SK-0455,LG-SK-0455,Officer-SK-455,9.0,69.1,38.6
ADM-TN-0456,LG-TN-0456,Officer-TN-456,6.7,30.1,87.4
ADM-TS-0457,LG-TS-0457,Officer-TS-457,7.0,90.1,12.4
ADM-TR-0458,LG-TR-0458,Officer-TR-458,4.1,91.1,11.1
ADM-UP-0459,LG-UP-0459,Officer-UP-459,4.8,74.4,32.0
ADM-UK-0460,LG-UK-0460,Officer-UK-460,6.3,48.8,64.0
ADM-WB-0461,LG-WB-0461,Officer-WB-461,8.8,63.4,45.8
ADM-AN-0462,LG-AN-0462,Officer-AN-462,5.6,64.5,44.4
ADM-CH-0463,LG-CH-0463,Officer-CH-463,3.2,73.2,33.5
ADM-DH-0464,LG-DH-0464,Officer-DH-464,4.9,45.0,68.7
ADM-DL-0465,LG-DL-0465,Officer-DL-465,6.8,88.4,14.5
ADM-JK-0466,LG-JK-0466,Officer-JK-466,2.1,59.3,50.9
ADM-LA-0467,LG-LA-0467,Officer-LA-467,2.6,59.1,51.1
ADM-LD-0468,LG-LD-0468,Officer-LD-468,4.7,87.0,16.3
ADM-PY-0469,LG-PY-0469,Officer-PY-469,4.4,82.8,21.5
ADM-AP-0470,LG-AP-0470,Officer-AP-470,6.3,73.7,32.9
ADM-AR-0471,LG-AR-0471,Officer-AR-471,2.5,82.8,21.6
ADM-AS-0472,LG-AS-0472,Officer-AS-472,6.2,62.5,46.8
ADM-BR-0473,LG-BR-0473,Officer-BR-473,9.1,77.1,28.6
ADM-CG-0474,LG-CG-0474,Officer-CG-474,8.9,73.9,32.6
ADM-GA-0475,LG-GA-0475,Officer-GA-475,2.7,73.2,33.5
ADM-GJ-0476,LG-GJ-0476,Officer-GJ-476,6.8,34.8,81.5
ADM-HR-0477,LG-HR-0477,Officer-HR-477,8.2,47.4,65.7
ADM-HP-0478,LG-HP-0478,Officer-HP-478,4.6,54.4,56.9
ADM-JH-0479,LG-JH-0479,Officer-JH-479,8.0,80.6,24.2
ADM-KA-0480,LG-KA-0480,Officer-KA-480,8.5,88.6,14.3
ADM-KL-0481,LG-KL-0481,Officer-KL-481,7.0,84.9,18.9
ADM-MP-0482,LG-MP-0482,Officer-MP-482,3.4,71.1,36.1
ADM-MH-0483,LG-MH-0483,Officer-MH-483,2.1,74.3,32.1
ADM-MN-0484,LG-MN-0484,Officer-MN-484,9.3,70.0,37.5
ADM-ML-0485,LG-ML-0485,Officer-ML-485,3.2,66.0,42.5
ADM-MZ-0486,LG-MZ-0486,Officer-MZ-486,6.2,50.1,62.4
ADM-NL-0487,LG-NL-0487,Officer-NL-487,4.1,49.2,63.5
ADM-OD-0488,LG-OD-0488,Officer-OD-488,7.6,81.2,23.4
ADM-PB-0489,LG-PB-0489,Officer-PB-489,3.7,60.6,49.2
ADM-RJ-0490,LG-RJ-0490,Officer-RJ-490,2.6,40.1,74.9
ADM-SK-0491,LG-SK-0491,Officer-SK-491,7.9,26.4,92.0
ADM-TN-0492,LG-TN-0492,Officer-TN-492,2.2,72.0,35.0
ADM-TS-0493,LG-TS-0493,Officer-TS-493,5.3,57.1,53.6
ADM-TR-0494,LG-TR-0494,Officer-TR-494,2.8,87.8,15.3
ADM-UP-0495,LG-UP-0495,Officer-UP-495,3.9,26.5,91.9
ADM-UK-0496,LG-UK-0496,Officer-UK-496,5.0,61.2,48.5
ADM-WB-0497,LG-WB-0497,Officer-WB-497,9.4,85.0,18.7
ADM-AN-0498,LG-AN-0498,Officer-AN-498,8.7,72.1,34.9
ADM-CH-0499,LG-CH-0499,Officer-CH-499,2.3,44.0,70.0
ADM-DH-0500,LG-DH-0500,Officer-DH-500,7.0,60.6,49.2
ADM-DL-0501,LG-DL-0501,Officer-DL-501,9.1,72.3,34.6
ADM-JK-0502,LG-JK-0502,Officer-JK-502,2.4,72.7,34.1
ADM-LA-0503,LG-LA-0503,Officer-LA-503,7.9,90.8,11.5
ADM-LD-0504,LG-LD-0504,Officer-LD-504,5.3,50.8,61.5
ADM-PY-0505,LG-PY-0505,Officer-PY-505,8.4,62.2,47.3
ADM-AP-0506,LG-AP-0506,Officer-AP-506,6.5,59.9,50.1
ADM-AR-0507,LG-AR-0507,Officer-AR-507,5.5,83.6,20.5
ADM-AS-0508,LG-AS-0508,Officer-AS-508,2.4,75.6,30.5
ADM-BR-0509,LG-BR-0509,Officer-BR-509,4.3,43.1,71.1
ADM-CG-0510,LG-CG-0510,Officer-CG-510,7.3,32.8,84.0
ADM-GA-0511,LG-GA-0511,Officer-GA-511,5.3,72.9,33.9
ADM-GJ-0512,LG-GJ-0512,Officer-GJ-512,4.7,26.0,92.6
ADM-HR-0513,LG-HR-0513,Officer-HR-513,6.3,59.5,50.7
ADM-HP-0514,LG-HP-0514,Officer-HP-514,3.6,51.6,60.5
ADM-JH-0515,LG-JH-0515,Officer-JH-515,3.4,74.6,31.8
ADM-KA-0516,LG-KA-0516,Officer-KA-516,9.4,67.4,40.8
ADM-KL-0517,LG-KL-0517,Officer-KL-517,6.0,76.0,30.0
ADM-MP-0518,LG-MP-0518,Officer-MP-518,7.1,76.1,29.8
ADM-MH-0519,LG-MH-0519,Officer-MH-519,8.8,71.2,36.0
ADM-MN-0520,LG-MN-0520,Officer-MN-520,4.4,57.1,53.6
ADM-ML-0521,LG-ML-0521,Officer-ML-521,5.8,55.6,55.6
ADM-MZ-0522,LG-MZ-0522,Officer-MZ-522,5.0,57.5,53.1
ADM-NL-0523,LG-NL-0523,Officer-NL-523,7.2,60.4,49.5
ADM-OD-0524,LG-OD-0524,Officer-OD-524,5.6,59.5,50.6
ADM-PB-0525,LG-PB-0525,Officer-PB-525,3.5,55.3,55.9
ADM-RJ-0526,LG-RJ-0526,Officer-RJ-526,3.3,40.6,74.3
ADM-SK-0527,LG-SK-0527,Officer-SK-527,8.8,75.5,30.6
ADM-TN-0528,LG-TN-0528,Officer-TN-528,7.3,50.1,62.4
ADM-TS-0529,LG-TS-0529,Officer-TS-529,6.9,44.4,69.5
ADM-TR-0530,LG-TR-0530,Officer-TR-530,6.3,65.0,43.8
ADM-UP-0531,LG-UP-0531,Officer-UP-531,8.9,79.8,25.3
ADM-UK-0532,LG-UK-0532,Officer-UK-532,6.1,69.9,37.6
ADM-WB-0533,LG-WB-0533,Officer-WB-533,3.3,72.4,34.5
ADM-AN-0534,LG-AN-0534,Officer-AN-534,8.9,49.3,63.4
ADM-CH-0535,LG-CH-0535,Officer-CH-535,8.0,68.4,39.5
ADM-DH-0536,LG-DH-0536,Officer-DH-536,4.8,74.1,32.4
ADM-DL-0537,LG-DL-0537,Officer-DL-537,2.7,78.7,26.6
ADM-JK-0538,LG-JK-0538,Officer-JK-538,3.1,42.2,72.2
ADM-LA-0539,LG-LA-0539,Officer-LA-539,5.7,44.2,69.7
ADM-LD-0540,LG-LD-0540,Officer-LD-540,3.4,69.6,38.0
ADM-PY-0541,LG-PY-0541,Officer-PY-541,6.4,43.4,70.8
ADM-AP-0542,LG-AP-0542,Officer-AP-542,5.6,88.8,14.0
ADM-AR-0543,LG-AR-0543,Officer-AR-543,4.8,43.1,71.1
ADM-AS-0544,LG-AS-0544,Officer-AS-544,8.6,44.7,69.2
ADM-BR-0545,LG-BR-0545,Officer-BR-545,4.0,66.5,41.8
ADM-CG-0546,LG-CG-0546,Officer-CG-546,7.8,51.8,60.2
ADM-GA-0547,LG-GA-0547,Officer-GA-547,4.4,42.1,72.4
ADM-GJ-0548,LG-GJ-0548,Officer-GJ-548,7.6,90.2,12.3
ADM-HR-0549,LG-HR-0549,Officer-HR-549,3.0,45.7,67.9
ADM-HP-0550,LG-HP-0550,Officer-HP-550,6.0,78.0,27.5
ADM-JH-0551,LG-JH-0551,Officer-JH-551,3.5,56.6,54.2
ADM-KA-0552,LG-KA-0552,Officer-KA-552,6.5,72.4,34.5
ADM-KL-0553,LG-KL-0553,Officer-KL-553,5.1,42.9,71.3
ADM-MP-0554,LG-MP-0554,Officer-MP-554,6.2,29.5,88.1
ADM-MH-0555,LG-MH-0555,Officer-MH-555,4.0,86.4,17.0
ADM-MN-0556,LG-MN-0556,Officer-MN-556,6.8,66.9,41.4
ADM-ML-0557,LG-ML-0557,Officer-ML-557,8.9,68.8,39.0
ADM-MZ-0558,LG-MZ-0558,Officer-MZ-558,7.5,51.9,60.1
ADM-NL-0559,LG-NL-0559,Officer-NL-559,4.3,60.0,50.0
ADM-OD-0560,LG-OD-0560,Officer-OD-560,6.4,80.0,24.9
ADM-PB-0561,LG-PB-0561,Officer-PB-561,6.1,45.0,68.7
ADM-RJ-0562,LG-RJ-0562,Officer-RJ-562,8.9,64.1,44.8
ADM-SK-0563,LG-SK-0563,Officer-SK-563,7.4,68.3,39.7
ADM-TN-0564,LG-TN-0564,Officer-TN-564,8.6,66.5,41.8
ADM-TS-0565,LG-TS-0565,Officer-TS-565,4.9,41.7,72.9
ADM-TR-0566,LG-TR-0566,Officer-TR-566,3.0,42.0,72.5
ADM-UP-0567,LG-UP-0567,Officer-UP-567,9.1,68.1,39.9
ADM-UK-0568,LG-UK-0568,Officer-UK-568,5.8,66.7,41.6
ADM-WB-0569,LG-WB-0569,Officer-WB-569,3.4,73.5,33.2
ADM-AN-0570,LG-AN-0570,Officer-AN-570,7.9,82.7,21.6
ADM-CH-0571,LG-CH-0571,Officer-CH-571,6.4,91.9,10.1
ADM-DH-0572,LG-DH-0572,Officer-DH-572,7.0,73.9,32.7
ADM-DL-0573,LG-DL-0573,Officer-DL-573,6.6,56.7,54.2
ADM-JK-0574,LG-JK-0574,Officer-JK-574,3.1,84.3,19.7
ADM-LA-0575,LG-LA-0575,Officer-LA-575,3.9,64.0,45.0
ADM-LD-0576,LG-LD-0576,Officer-LD-576,3.6,70.9,36.4
ADM-PY-0577,LG-PY-0577,Officer-PY-577,2.7,58.8,51.5
ADM-AP-0578,LG-AP-0578,Officer-AP-578,4.4,64.9,43.8
ADM-AR-0579,LG-AR-0579,Officer-AR-579,6.0,52.0,60.0
ADM-AS-0580,LG-AS-0580,Officer-AS-580,4.8,64.0,45.0
ADM-BR-0581,LG-BR-0581,Officer-BR-581,8.7,44.6,69.3
ADM-CG-0582,LG-CG-0582,Officer-CG-582,5.8,57.6,53.0
ADM-GA-0583,LG-GA-0583,Officer-GA-583,5.3,43.5,70.6
ADM-GJ-0584,LG-GJ-0584,Officer-GJ-584,7.5,33.1,83.7
ADM-HR-0585,LG-HR-0585,Officer-HR-585,5.6,40.9,73.9
ADM-HP-0586,LG-HP-0586,Officer-HP-586,2.6,90.0,12.5
ADM-JH-0587,LG-JH-0587,Officer-JH-587,6.6,25.4,93.2
ADM-KA-0588,LG-KA-0588,Officer-KA-588,8.7,72.4,34.4
ADM-KL-0589,LG-KL-0589,Officer-KL-589,6.5,89.2,13.5
ADM-MP-0590,LG-MP-0590,Officer-MP-590,9.5,48.6,64.2
ADM-MH-0591,LG-MH-0591,Officer-MH-591,8.4,55.5,55.7
ADM-MN-0592,LG-MN-0592,Officer-MN-592,3.1,53.4,58.3
ADM-ML-0593,LG-ML-0593,Officer-ML-593,9.1,62.8,46.5
ADM-MZ-0594,LG-MZ-0594,Officer-MZ-594,4.0,46.5,66.8
ADM-NL-0595,LG-NL-0595,Officer-NL-595,8.4,51.1,61.1
ADM-OD-0596,LG-OD-0596,Officer-OD-596,7.7,30.6,86.8
ADM-PB-0597,LG-PB-0597,Officer-PB-597,7.9,48.0,65.0
ADM-RJ-0598,LG-RJ-0598,Officer-RJ-598,5.8,73.5,33.1
ADM-SK-0599,LG-SK-0599,Officer-SK-599,9.0,26.0,92.5
ADM-TN-0600,LG-TN-0600,Officer-TN-600,2.8,60.3,49.7
ADM-TS-0601,LG-TS-0601,Officer-TS-601,9.3,72.3,34.6
ADM-TR-0602,LG-TR-0602,Officer-TR-602,6.9,41.5,73.1
ADM-UP-0603,LG-UP-0603,Officer-UP-603,2.0,63.0,46.2
ADM-UK-0604,LG-UK-0604,Officer-UK-604,5.0,52.0,60.0
ADM-WB-0605,LG-WB-0605,Officer-WB-605,4.6,24.8,94.0
ADM-AN-0606,LG-AN-0606,Officer-AN-606,2.0,73.1,33.7
ADM-CH-0607,LG-CH-0607,Officer-CH-607,3.2,85.9,17.6
ADM-DH-0608,LG-DH-0608,Officer-DH-608,8.7,81.7,22.9
ADM-DL-0609,LG-DL-0609,Officer-DL-609,8.3,44.5,69.4
ADM-JK-0610,LG-JK-0610,Officer-JK-610,9.5,74.5,31.9
ADM-LA-0611,LG-LA-0611,Officer-LA-611,4.1,63.8,45.3
ADM-LD-0612,LG-LD-0612,Officer-LD-612,3.3,64.9,43.9
ADM-PY-0613,LG-PY-0613,Officer-PY-613,3.3,60.8,49.0
ADM-AP-0614,LG-AP-0614,Officer-AP-614,3.3,46.5,66.8
ADM-AR-0615,LG-AR-0615,Officer-AR-615,8.8,78.1,27.4
ADM-AS-0616,LG-AS-0616,Officer-AS-616,8.4,54.5,56.9
ADM-BR-0617,LG-BR-0617,Officer-BR-617,3.4,43.5,70.6
ADM-CG-0618,LG-CG-0618,Officer-CG-618,7.7,74.3,32.1
ADM-GA-0619,LG-GA-0619,Officer-GA-619,4.0,47.5,65.6
ADM-GJ-0620,LG-GJ-0620,Officer-GJ-620,8.3,75.7,30.4
ADM-HR-0621,LG-HR-0621,Officer-HR-621,5.9,52.1,59.8
ADM-HP-0622,LG-HP-0622,Officer-HP-622,4.8,48.6,64.2
ADM-JH-0623,LG-JH-0623,Officer-JH-623,2.8,83.8,20.3
ADM-KA-0624,LG-KA-0624,Officer-KA-624,7.5,52.7,59.2
ADM-KL-0625,LG-KL-0625,Officer-KL-625,2.3,87.7,15.4
ADM-MP-0626,LG-MP-0626,Officer-MP-626,6.8,49.4,63.3
ADM-MH-0627,LG-MH-0627,Officer-MH-627,4.6,73.5,33.1
ADM-MN-0628,LG-MN-0628,Officer-MN-628,4.8,91.3,10.9
ADM-ML-0629,LG-ML-0629,Officer-ML-629,8.6,74.5,31.9
ADM-MZ-0630,LG-MZ-0630,Officer-MZ-630,8.2,46.8,66.4
ADM-NL-0631,LG-NL-0631,Officer-NL-631,7.0,83.9,20.2
ADM-OD-0632,LG-OD-0632,Officer-OD-632,8.7,32.0,84.9
ADM-PB-0633,LG-PB-0633,Officer-PB-633,9.2,42.6,71.8
ADM-RJ-0634,LG-RJ-0634,Officer-RJ-634,9.4,62.6,46.8
ADM-SK-0635,LG-SK-0635,Officer-SK-635,5.6,51.7,60.3
ADM-TN-0636,LG-TN-0636,Officer-TN-636,2.0,42.4,72.0
ADM-TS-0637,LG-TS-0637,Officer-TS-637,6.7,91.5,10.6
ADM-TR-0638,LG-TR-0638,Officer-TR-638,8.6,58.1,52.4
ADM-UP-0639,LG-UP-0639,Officer-UP-639,3.5,43.7,70.4
ADM-UK-0640,LG-UK-0640,Officer-UK-640,5.7,72.7,34.1
ADM-WB-0641,LG-WB-0641,Officer-WB-641,9.5,86.1,17.4
ADM-AN-0642,LG-AN-0642,Officer-AN-642,6.1,64.2,44.7
ADM-CH-0643,LG-CH-0643,Officer-CH-643,9.0,44.0,70.0
ADM-DH-0644,LG-DH-0644,Officer-DH-644,9.4,69.4,38.2
ADM-DL-0645,LG-DL-0645,Officer-DL-645,8.7,62.4,47.0
ADM-JK-0646,LG-JK-0646,Officer-JK-646,5.8,32.9,83.8
ADM-LA-0647,LG-LA-0647,Officer-LA-647,6.1,68.4,39.5
ADM-LD-0648,LG-LD-0648,Officer-LD-648,7.5,63.1,46.1
ADM-PY-0649,LG-PY-0649,Officer-PY-649,4.9,84.9,18.8
ADM-AP-0650,LG-AP-0650,Officer-AP-650,3.7,72.6,34.2
ADM-AR-0651,LG-AR-0651,Officer-AR-651,3.5,72.1,34.9
ADM-AS-0652,LG-AS-0652,Officer-AS-652,5.2,84.7,19.2
ADM-BR-0653,LG-BR-0653,Officer-BR-653,5.9,47.0,66.2
ADM-CG-0654,LG-CG-0654,Officer-CG-654,4.5,81.2,23.5
ADM-GA-0655,LG-GA-0655,Officer-GA-655,8.0,83.4,20.7
ADM-GJ-0656,LG-GJ-0656,Officer-GJ-656,6.6,45.9,67.7
ADM-HR-0657,LG-HR-0657,Officer-HR-657,6.1,73.6,33.0
ADM-HP-0658,LG-HP-0658,Officer-HP-658,2.7,71.9,35.1
ADM-JH-0659,LG-JH-0659,Officer-JH-659,2.4,81.8,22.8
ADM-KA-0660,LG-KA-0660,Officer-KA-660,6.9,40.7,74.1
ADM-KL-0661,LG-KL-0661,Officer-KL-661,6.3,45.7,67.9
ADM-MP-0662,LG-MP-0662,Officer-MP-662,6.3,80.1,24.9
ADM-MH-0663,LG-MH-0663,Officer-MH-663,3.6,43.8,70.2
ADM-MN-0664,LG-MN-0664,Officer-MN-664,8.5,74.9,31.4
ADM-ML-0665,LG-ML-0665,Officer-ML-665,6.5,55.1,56.1
ADM-MZ-0666,LG-MZ-0666,Officer-MZ-666,2.3,29.1,88.7
ADM-NL-0667,LG-NL-0667,Officer-NL-667,7.9,55.8,55.3
ADM-OD-0668,LG-OD-0668,Officer-OD-668,7.0,30.0,87.5
ADM-PB-0669,LG-PB-0669,Officer-PB-669,9.0,27.1,91.2
ADM-RJ-0670,LG-RJ-0670,Officer-RJ-670,7.3,42.2,72.2
ADM-SK-0671,LG-SK-0671,Officer-SK-671,2.8,56.0,55.0
ADM-TN-0672,LG-TN-0672,Officer-TN-672,2.7,84.0,20.0
ADM-TS-0673,LG-TS-0673,Officer-TS-673,4.3,87.4,15.7
ADM-TR-0674,LG-TR-0674,Officer-TR-674,5.0,69.3,38.3
ADM-UP-0675,LG-UP-0675,Officer-UP-675,2.3,42.6,71.7
ADM-UK-0676,LG-UK-0676,Officer-UK-676,6.5,86.9,16.4
ADM-WB-0677,LG-WB-0677,Officer-WB-677,3.6,55.2,56.0
ADM-AN-0678,LG-AN-0678,Officer-AN-678,6.9,48.6,64.2
ADM-CH-0679,LG-CH-0679,Officer-CH-679,5.8,74.3,32.1
ADM-DH-0680,LG-DH-0680,Officer-DH-680,2.7,72.5,34.3
ADM-DL-0681,LG-DL-0681,Officer-DL-681,6.4,47.9,65.1
ADM-JK-0682,LG-JK-0682,Officer-JK-682,4.1,73.9,32.7
ADM-LA-0683,LG-LA-0683,Officer-LA-683,6.0,64.4,44.5
ADM-LD-0684,LG-LD-0684,Officer-LD-684,5.1,59.4,50.7
ADM-PY-0685,LG-PY-0685,Officer-PY-685,4.4,72.9,33.9
ADM-AP-0686,LG-AP-0686,Officer-AP-686,2.6,47.3,65.9
ADM-AR-0687,LG-AR-0687,Officer-AR-687,4.0,69.8,37.8
ADM-AS-0688,LG-AS-0688,Officer-AS-688,4.4,42.4,72.0
ADM-BR-0689,LG-BR-0689,Officer-BR-689,8.5,72.6,34.3
ADM-CG-0690,LG-CG-0690,Officer-CG-690,3.8,67.0,41.3
ADM-GA-0691,LG-GA-0691,Officer-GA-691,4.2,78.1,27.4
ADM-GJ-0692,LG-GJ-0692,Officer-GJ-692,6.4,59.0,51.3
ADM-HR-0693,LG-HR-0693,Officer-HR-693,8.9,28.1,89.8
ADM-HP-0694,LG-HP-0694,Officer-HP-694,8.0,72.5,34.4
ADM-JH-0695,LG-JH-0695,Officer-JH-695,4.2,51.4,60.7
ADM-KA-0696,LG-KA-0696,Officer-KA-696,9.5,43.5,70.7
ADM-KL-0697,LG-KL-0697,Officer-KL-697,3.9,49.0,63.8
ADM-MP-0698,LG-MP-0698,Officer-MP-698,5.4,79.2,26.0
ADM-MH-0699,LG-MH-0699,Officer-MH-699,2.3,42.6,71.8
ADM-MN-0700,LG-MN-0700,Officer-MN-700,8.5,62.8,46.5
ADM-ML-0701,LG-ML-0701,Officer-ML-701,4.2,91.4,10.7
ADM-MZ-0702,LG-MZ-0702,Officer-MZ-702,2.0,60.7,49.2
ADM-NL-0703,LG-NL-0703,Officer-NL-703,2.6,62.6,46.7
ADM-OD-0704,LG-OD-0704,Officer-OD-704,6.6,49.1,63.6
ADM-PB-0705,LG-PB-0705,Officer-PB-705,8.6,66.9,41.4
ADM-RJ-0706,LG-RJ-0706,Officer-RJ-706,4.9,41.6,72.9
ADM-SK-0707,LG-SK-0707,Officer-SK-707,8.2,75.8,30.3
ADM-TN-0708,LG-TN-0708,Officer-TN-708,8.2,45.9,67.6
ADM-TS-0709,LG-TS-0709,Officer-TS-709,8.9,77.7,27.9
ADM-TR-0710,LG-TR-0710,Officer-TR-710,4.7,89.8,12.7
ADM-UP-0711,LG-UP-0711,Officer-UP-711,6.2,69.8,37.8
ADM-UK-0712,LG-UK-0712,Officer-UK-712,6.2,54.7,56.7
ADM-WB-0713,LG-WB-0713,Officer-WB-713,5.2,81.4,23.2
ADM-AN-0714,LG-AN-0714,Officer-AN-714,5.4,69.4,38.3
ADM-CH-0715,LG-CH-0715,Officer-CH-715,5.8,24.2,94.8
ADM-DH-0716,LG-DH-0716,Officer-DH-716,5.3,41.3,73.4
ADM-DL-0717,LG-DL-0717,Officer-DL-717,2.3,62.3,47.2
ADM-JK-0718,LG-JK-0718,Officer-JK-718,4.6,56.9,53.9
ADM-LA-0719,LG-LA-0719,Officer-LA-719,4.7,72.5,34.4
ADM-LD-0720,LG-LD-0720,Officer-LD-720,8.4,87.2,16.0
ADM-PY-0721,LG-PY-0721,Officer-PY-721,2.5,69.7,37.8
ADM-AP-0722,LG-AP-0722,Officer-AP-722,5.3,60.7,49.1
ADM-AR-0723,LG-AR-0723,Officer-AR-723,8.0,64.1,44.8
ADM-AS-0724,LG-AS-0724,Officer-AS-724,6.6,52.4,59.5
ADM-BR-0725,LG-BR-0725,Officer-BR-725,2.3,64.6,44.2
ADM-CG-0726,LG-CG-0726,Officer-CG-726,7.7,38.5,76.9
ADM-GA-0727,LG-GA-0727,Officer-GA-727,2.9,73.5,33.1
ADM-GJ-0728,LG-GJ-0728,Officer-GJ-728,5.1,44.5,69.4
ADM-HR-0729,LG-HR-0729,Officer-HR-729,8.5,63.0,46.3
ADM-HP-0730,LG-HP-0730,Officer-HP-730,6.2,73.2,33.5
ADM-JH-0731,LG-JH-0731,Officer-JH-731,9.3,76.4,29.5
ADM-KA-0732,LG-KA-0732,Officer-KA-732,6.2,86.1,17.4
ADM-KL-0733,LG-KL-0733,Officer-KL-733,3.0,54.6,56.7
ADM-MP-0734,LG-MP-0734,Officer-MP-734,7.5,36.7,79.1
ADM-MH-0735,LG-MH-0735,Officer-MH-735,3.3,70.6,36.8
ADM-MN-0736,LG-MN-0736,Officer-MN-736,9.4,75.1,31.1
ADM-ML-0737,LG-ML-0737,Officer-ML-737,6.9,50.9,61.3
ADM-MZ-0738,LG-MZ-0738,Officer-MZ-738,8.7,80.9,23.9
ADM-NL-0739,LG-NL-0739,Officer-NL-739,3.4,83.1,21.1
ADM-OD-0740,LG-OD-0740,Officer-OD-740,3.4,91.3,10.9
ADM-PB-0741,LG-PB-0741,Officer-PB-741,4.9,52.8,59.0
ADM-RJ-0742,LG-RJ-0742,Officer-RJ-742,8.4,52.4,59.5
ADM-SK-0743,LG-SK-0743,Officer-SK-743,3.2,66.0,42.4
ADM-TN-0744,LG-TN-0744,Officer-TN-744,9.4,48.3,64.6
ADM-TS-0745,LG-TS-0745,Officer-TS-745,6.6,26.8,91.5
ADM-TR-0746,LG-TR-0746,Officer-TR-746,6.9,42.8,71.6
ADM-UP-0747,LG-UP-0747,Officer-UP-747,9.0,70.5,36.9
ADM-UK-0748,LG-UK-0748,Officer-UK-748,8.0,80.2,24.8
ADM-WB-0749,LG-WB-0749,Officer-WB-749,6.2,77.0,28.8
ADM-AN-0750,LG-AN-0750,Officer-AN-750,6.8,80.5,24.4
ADM-CH-0751,LG-CH-0751,Officer-CH-751,4.8,43.1,71.1
ADM-DH-0752,LG-DH-0752,Officer-DH-752,9.4,64.1,44.8
ADM-DL-0753,LG-DL-0753,Officer-DL-753,2.4,32.7,84.1
ADM-JK-0754,LG-JK-0754,Officer-JK-754,9.3,64.8,44.0
ADM-LA-0755,LG-LA-0755,Officer-LA-755,5.9,70.8,36.5
ADM-LD-0756,LG-LD-0756,Officer-LD-756,7.2,39.0,76.2
ADM-PY-0757,LG-PY-0757,Officer-PY-757,3.1,52.1,59.9
ADM-AP-0758,LG-AP-0758,Officer-AP-758,4.0,63.4,45.7
ADM-AR-0759,LG-AR-0759,Officer-AR-759,4.2,78.6,26.8
ADM-AS-0760,LG-AS-0760,Officer-AS-760,6.9,64.6,44.2
ADM-BR-0761,LG-BR-0761,Officer-BR-761,4.5,75.7,30.4
ADM-CG-0762,LG-CG-0762,Officer-CG-762,7.5,87.4,15.7
ADM-GA-0763,LG-GA-0763,Officer-GA-763,3.8,71.8,35.3
ADM-GJ-0764,LG-GJ-0764,Officer-GJ-764,7.8,74.4,32.0
ADM-HR-0765,LG-HR-0765,Officer-HR-765,4.4,76.2,29.7
ADM-HP-0766,LG-HP-0766,Officer-HP-766,9.2,40.3,74.7
ADM-JH-0767,LG-JH-0767,Officer-JH-767,2.8,80.2,24.7
ADM-KA-0768,LG-KA-0768,Officer-KA-768,6.0,74.4,32.0
ADM-KL-0769,LG-KL-0769,Officer-KL-769,5.4,58.8,51.5
ADM-MP-0770,LG-MP-0770,Officer-MP-770,2.6,73.8,32.8
ADM-MH-0771,LG-MH-0771,Officer-MH-771,6.7,83.3,20.9
ADM-MN-0772,LG-MN-0772,Officer-MN-772,6.8,55.4,55.8
ADM-ML-0773,LG-ML-0773,Officer-ML-773,9.4,91.8,10.2
ADM-MZ-0774,LG-MZ-0774,Officer-MZ-774,3.6,63.2,45.9
ADM-NL-0775,LG-NL-0775,Officer-NL-775,7.7,81.8,22.8
ADM-OD-0776,LG-OD-0776,Officer-OD-776,6.1,92.0,10.1
ADM-PB-0777,LG-PB-0777,Officer-PB-777,5.4,45.4,68.2
ADM-RJ-0778,LG-RJ-0778,Officer-RJ-778,2.8,50.6,61.7
ADM-SK-0779,LG-SK-0779,Officer-SK-779,5.7,53.0,58.7
ADM-TN-0780,LG-TN-0780,Officer-TN-780,7.2,82.8,21.5
ADM-TS-0781,LG-TS-0781,Officer-TS-781,6.7,46.1,67.3
ADM-TR-0782,LG-TR-0782,Officer-TR-782,6.6,75.6,30.5
ADM-UP-0783,LG-UP-0783,Officer-UP-783,4.4,81.3,23.4
ADM-UK-0784,LG-UK-0784,Officer-UK-784,6.2,75.6,30.5
ADM-WB-0785,LG-WB-0785,Officer-WB-785,2.0,87.3,15.9
ADM-AN-0786,LG-AN-0786,Officer-AN-786,2.9,27.5,90.6
ADM-CH-0787,LG-CH-0787,Officer-CH-787,8.9,91.1,11.1
ADM-DH-0788,LG-DH-0788,Officer-DH-788,5.7,46.3,67.2
ADM-DL-0789,LG-DL-0789,Officer-DL-789,7.3,90.4,12.0
ADM-JK-0790,LG-JK-0790,Officer-JK-790,4.4,86.6,16.8
ADM-LA-0791,LG-LA-0791,Officer-LA-791,5.5,63.3,45.9
ADM-LD-0792,LG-LD-0792,Officer-LD-792,3.7,48.6,64.2
ADM-PY-0793,LG-PY-0793,Officer-PY-793,3.5,47.9,65.1
ADM-AP-0794,LG-AP-0794,Officer-AP-794,8.5,55.2,56.0
ADM-AR-0795,LG-AR-0795,Officer-AR-795,2.3,76.1,29.8
ADM-AS-0796,LG-AS-0796,Officer-AS-796,9.0,70.3,37.2
ADM-BR-0797,LG-BR-0797,Officer-BR-797,6.1,73.1,33.6
ADM-CG-0798,LG-CG-0798,Officer-CG-798,6.0,47.6,65.5
ADM-GA-0799,LG-GA-0799,Officer-GA-799,3.1,26.7,91.7
ADM-GJ-0800,LG-GJ-0800,Officer-GJ-800,9.2,49.7,62.9
ADM-HR-0801,LG-HR-0801,Officer-HR-801,8.8,75.1,31.1
ADM-HP-0802,LG-HP-0802,Officer-HP-802,9.2,74.8,31.5
ADM-JH-0803,LG-JH-0803,Officer-JH-803,3.2,75.2,31.0
ADM-KA-0804,LG-KA-0804,Officer-KA-804,8.5,72.0,35.0
ADM-KL-0805,LG-KL-0805,Officer-KL-805,6.0,89.3,13.4
ADM-MP-0806,LG-MP-0806,Officer-MP-806,8.4,43.8,70.3
ADM-MH-0807,LG-MH-0807,Officer-MH-807,6.1,27.4,90.8
ADM-MN-0808,LG-MN-0808,Officer-MN-808,4.6,81.7,22.8
ADM-ML-0809,LG-ML-0809,Officer-ML-809,9.5,55.1,56.1
ADM-MZ-0810,LG-MZ-0810,Officer-MZ-810,8.3,44.1,69.9
ADM-NL-0811,LG-NL-0811,Officer-NL-811,9.0,68.4,39.5
ADM-OD-0812,LG-OD-0812,Officer-OD-812,5.5,74.8,31.5
ADM-PB-0813,LG-PB-0813,Officer-PB-813,2.8,43.1,71.1
ADM-RJ-0814,LG-RJ-0814,Officer-RJ-814,3.1,49.6,62.9
ADM-SK-0815,LG-SK-0815,Officer-SK-815,4.0,73.4,33.3
ADM-TN-0816,LG-TN-0816,Officer-TN-816,5.2,35.9,80.1
ADM-TS-0817,LG-TS-0817,Officer-TS-817,4.3,74.2,32.2
ADM-TR-0818,LG-TR-0818,Officer-TR-818,5.2,88.8,13.9
ADM-UP-0819,LG-UP-0819,Officer-UP-819,2.8,65.6,43.0
ADM-UK-0820,LG-UK-0820,Officer-UK-820,9.1,66.9,41.4
ADM-WB-0821,LG-WB-0821,Officer-WB-821,5.8,67.1,41.1
ADM-AN-0822,LG-AN-0822,Officer-AN-822,3.1,57.1,53.6
ADM-CH-0823,LG-CH-0823,Officer-CH-823,4.6,51.4,60.8
ADM-DH-0824,LG-DH-0824,Officer-DH-824,6.1,88.8,14.0
ADM-DL-0825,LG-DL-0825,Officer-DL-825,2.6,83.8,20.2
ADM-JK-0826,LG-JK-0826,Officer-JK-826,8.7,67.3,40.9
ADM-LA-0827,LG-LA-0827,Officer-LA-827,7.7,71.3,35.9
ADM-LD-0828,LG-LD-0828,Officer-LD-828,5.5,31.6,85.5
ADM-PY-0829,LG-PY-0829,Officer-PY-829,2.7,59.8,50.3
ADM-AP-0830,LG-AP-0830,Officer-AP-830,2.0,48.1,64.9
ADM-AR-0831,LG-AR-0831,Officer-AR-831,3.2,58.7,51.7
ADM-AS-0832,LG-AS-0832,Officer-AS-832,5.4,61.4,48.2
ADM-BR-0833,LG-BR-0833,Officer-BR-833,9.4,79.0,26.3
ADM-CG-0834,LG-CG-0834,Officer-CG-834,2.0,50.6,61.8
ADM-GA-0835,LG-GA-0835,Officer-GA-835,8.3,46.6,66.8
ADM-GJ-0836,LG-GJ-0836,Officer-GJ-836,2.9,42.1,72.4
ADM-HR-0837,LG-HR-0837,Officer-HR-837,4.2,42.4,72.0
ADM-HP-0838,LG-HP-0838,Officer-HP-838,2.1,47.4,65.8
ADM-JH-0839,LG-JH-0839,Officer-JH-839,2.1,60.1,49.9
ADM-KA-0840,LG-KA-0840,Officer-KA-840,2.7,42.2,72.3
ADM-KL-0841,LG-KL-0841,Officer-KL-841,4.7,49.0,63.7
ADM-MP-0842,LG-MP-0842,Officer-MP-842,8.4,69.9,37.7
ADM-MH-0843,LG-MH-0843,Officer-MH-843,9.1,67.4,40.7
ADM-MN-0844,LG-MN-0844,Officer-MN-844,2.4,62.6,46.8
ADM-ML-0845,LG-ML-0845,Officer-ML-845,4.5,75.8,30.2
ADM-MZ-0846,LG-MZ-0846,Officer-MZ-846,6.9,40.9,73.9
ADM-NL-0847,LG-NL-0847,Officer-NL-847,8.4,88.5,14.4
ADM-OD-0848,LG-OD-0848,Officer-OD-848,5.3,48.8,64.0
ADM-PB-0849,LG-PB-0849,Officer-PB-849,2.2,38.4,77.0
ADM-RJ-0850,LG-RJ-0850,Officer-RJ-850,4.9,72.2,34.8
ADM-SK-0851,LG-SK-0851,Officer-SK-851,2.0,61.0,48.7
ADM-TN-0852,LG-TN-0852,Officer-TN-852,3.5,75.3,30.8
ADM-TS-0853,LG-TS-0853,Officer-TS-853,3.5,78.3,27.1
ADM-TR-0854,LG-TR-0854,Officer-TR-854,7.9,72.7,34.1
ADM-UP-0855,LG-UP-0855,Officer-UP-855,2.7,64.1,44.9
ADM-UK-0856,LG-UK-0856,Officer-UK-856,6.4,57.9,52.6
ADM-WB-0857,LG-WB-0857,Officer-WB-857,5.5,53.8,57.8
ADM-AN-0858,LG-AN-0858,Officer-AN-858,2.3,76.2,29.8
ADM-CH-0859,LG-CH-0859,Officer-CH-859,6.0,78.7,26.6
ADM-DH-0860,LG-DH-0860,Officer-DH-860,3.2,42.2,72.2
ADM-DL-0861,LG-DL-0861,Officer-DL-861,6.3,90.2,12.3
ADM-JK-0862,LG-JK-0862,Officer-JK-862,3.7,88.1,14.9
ADM-LA-0863,LG-LA-0863,Officer-LA-863,4.1,49.3,63.4
ADM-LD-0864,LG-LD-0864,Officer-LD-864,8.6,42.2,72.3
ADM-PY-0865,LG-PY-0865,Officer-PY-865,3.6,62.8,46.5
ADM-AP-0866,LG-AP-0866,Officer-AP-866,7.8,75.2,31.0
ADM-AR-0867,LG-AR-0867,Officer-AR-867,3.5,76.8,29.0
ADM-AS-0868,LG-AS-0868,Officer-AS-868,4.0,50.9,61.4
ADM-BR-0869,LG-BR-0869,Officer-BR-869,5.0,69.0,38.8
ADM-CG-0870,LG-CG-0870,Officer-CG-870,9.3,60.5,49.4
ADM-GA-0871,LG-GA-0871,Officer-GA-871,6.8,67.9,40.1
ADM-GJ-0872,LG-GJ-0872,Officer-GJ-872,8.3,58.6,51.7
ADM-HR-0873,LG-HR-0873,Officer-HR-873,6.4,43.8,70.3
ADM-HP-0874,LG-HP-0874,Officer-HP-874,6.4,90.2,12.3
ADM-JH-0875,LG-JH-0875,Officer-JH-875,4.8,40.1,74.9
ADM-KA-0876,LG-KA-0876,Officer-KA-876,4.6,48.5,64.4
ADM-KL-0877,LG-KL-0877,Officer-KL-877,8.6,41.7,72.9
ADM-MP-0878,LG-MP-0878,Officer-MP-878,6.9,73.1,33.7
ADM-MH-0879,LG-MH-0879,Officer-MH-879,3.5,75.2,31.0
ADM-MN-0880,LG-MN-0880,Officer-MN-880,2.1,38.1,77.4
ADM-ML-0881,LG-ML-0881,Officer-ML-881,4.7,53.9,57.6
ADM-MZ-0882,LG-MZ-0882,Officer-MZ-882,3.1,44.5,69.3
ADM-NL-0883,LG-NL-0883,Officer-NL-883,5.9,73.8,32.8
ADM-OD-0884,LG-OD-0884,Officer-OD-884,5.7,60.2,49.8
ADM-PB-0885,LG-PB-0885,Officer-PB-885,2.4,54.6,56.7
ADM-RJ-0886,LG-RJ-0886,Officer-RJ-886,6.4,52.7,59.1
ADM-SK-0887,LG-SK-0887,Officer-SK-887,6.7,75.4,30.8
ADM-TN-0888,LG-TN-0888,Officer-TN-888,8.0,57.3,53.4
ADM-TS-0889,LG-TS-0889,Officer-TS-889,3.1,72.2,34.8
ADM-TR-0890,LG-TR-0890,Officer-TR-890,7.8,48.1,64.9
ADM-UP-0891,LG-UP-0891,Officer-UP-891,4.6,72.8,34.0
ADM-UK-0892,LG-UK-0892,Officer-UK-892,2.1,62.7,46.7
ADM-WB-0893,LG-WB-0893,Officer-WB-893,6.1,32.2,84.7
ADM-AN-0894,LG-AN-0894,Officer-AN-894,8.4,39.3,75.9
ADM-CH-0895,LG-CH-0895,Officer-CH-895,8.4,75.2,31.0
ADM-DH-0896,LG-DH-0896,Officer-DH-896,2.1,82.9,21.4
ADM-DL-0897,LG-DL-0897,Officer-DL-897,7.9,49.8,62.8
ADM-JK-0898,LG-JK-0898,Officer-JK-898,5.9,89.4,13.2
ADM-LA-0899,LG-LA-0899,Officer-LA-899,2.4,91.8,10.2
ADM-LD-0900,LG-LD-0900,Officer-LD-900,9.1,63.5,45.6
ADM-PY-0901,LG-PY-0901,Officer-PY-901,4.6,79.4,25.8
ADM-AP-0902,LG-AP-0902,Officer-AP-902,5.2,87.3,15.9
ADM-AR-0903,LG-AR-0903,Officer-AR-903,5.9,61.5,48.1
ADM-AS-0904,LG-AS-0904,Officer-AS-904,9.0,75.8,30.3
ADM-BR-0905,LG-BR-0905,Officer-BR-905,3.4,63.5,45.7
ADM-CG-0906,LG-CG-0906,Officer-CG-906,3.4,59.7,50.4
ADM-GA-0907,LG-GA-0907,Officer-GA-907,2.7,44.5,69.4
ADM-GJ-0908,LG-GJ-0908,Officer-GJ-908,8.9,59.6,50.5
ADM-HR-0909,LG-HR-0909,Officer-HR-909,7.4,41.4,73.2
ADM-HP-0910,LG-HP-0910,Officer-HP-910,4.2,65.9,42.6
ADM-JH-0911,LG-JH-0911,Officer-JH-911,4.0,75.2,31.0
ADM-KA-0912,LG-KA-0912,Officer-KA-912,7.6,46.4,67.0
ADM-KL-0913,LG-KL-0913,Officer-KL-913,6.6,89.4,13.3
ADM-MP-0914,LG-MP-0914,Officer-MP-914,5.9,27.5,90.7
ADM-MH-0915,LG-MH-0915,Officer-MH-915,9.3,40.0,75.0
ADM-MN-0916,LG-MN-0916,Officer-MN-916,2.4,58.8,51.5
ADM-ML-0917,LG-ML-0917,Officer-ML-917,4.1,68.8,39.0
ADM-MZ-0918,LG-MZ-0918,Officer-MZ-918,3.1,74.2,32.3
ADM-NL-0919,LG-NL-0919,Officer-NL-919,7.5,57.7,52.9
ADM-OD-0920,LG-OD-0920,Officer-OD-920,4.4,40.2,74.8
ADM-PB-0921,LG-PB-0921,Officer-PB-921,6.9,65.0,43.7
ADM-RJ-0922,LG-RJ-0922,Officer-RJ-922,9.2,61.1,48.6
ADM-SK-0923,LG-SK-0923,Officer-SK-923,7.5,51.6,60.5
ADM-TN-0924,LG-TN-0924,Officer-TN-924,5.8,45.5,68.1
ADM-TS-0925,LG-TS-0925,Officer-TS-925,6.3,31.5,85.6
ADM-TR-0926,LG-TR-0926,Officer-TR-926,8.6,46.0,67.5
ADM-UP-0927,LG-UP-0927,Officer-UP-927,5.6,71.8,35.3
ADM-UK-0928,LG-UK-0928,Officer-UK-928,8.9,47.4,65.8
ADM-WB-0929,LG-WB-0929,Officer-WB-929,7.4,78.7,26.6
ADM-AN-0930,LG-AN-0930,Officer-AN-930,8.8,59.2,51.0
ADM-CH-0931,LG-CH-0931,Officer-CH-931,6.0,63.0,46.3
ADM-DH-0932,LG-DH-0932,Officer-DH-932,9.4,68.9,38.9
ADM-DL-0933,LG-DL-0933,Officer-DL-933,5.8,84.7,19.2
ADM-JK-0934,LG-JK-0934,Officer-JK-934,4.9,61.3,48.4
ADM-LA-0935,LG-LA-0935,Officer-LA-935,8.7,41.2,73.5
ADM-LD-0936,LG-LD-0936,Officer-LD-936,7.0,48.2,64.7
ADM-PY-0937,LG-PY-0937,Officer-PY-937,9.1,50.0,62.5
ADM-AP-0938,LG-AP-0938,Officer-AP-938,4.7,74.0,32.5
ADM-AR-0939,LG-AR-0939,Officer-AR-939,2.4,84.1,19.9
ADM-AS-0940,LG-AS-0940,Officer-AS-940,9.3,50.0,62.5
ADM-BR-0941,LG-BR-0941,Officer-BR-941,8.9,41.4,73.2
ADM-CG-0942,LG-CG-0942,Officer-CG-942,4.4,87.7,15.3
ADM-GA-0943,LG-GA-0943,Officer-GA-943,6.0,90.3,12.1
ADM-GJ-0944,LG-GJ-0944,Officer-GJ-944,9.1,65.0,43.7
ADM-HR-0945,LG-HR-0945,Officer-HR-945,5.6,41.2,73.5
ADM-HP-0946,LG-HP-0946,Officer-HP-946,3.0,74.6,31.7
ADM-JH-0947,LG-JH-0947,Officer-JH-947,8.4,76.1,29.9
ADM-KA-0948,LG-KA-0948,Officer-KA-948,7.0,55.1,56.1
ADM-KL-0949,LG-KL-0949,Officer-KL-949,5.1,26.1,92.4
ADM-MP-0950,LG-MP-0950,Officer-MP-950,4.2,30.0,87.5
ADM-MH-0951,LG-MH-0951,Officer-MH-951,2.8,62.8,46.5
ADM-MN-0952,LG-MN-0952,Officer-MN-952,5.7,76.4,29.5
ADM-ML-0953,LG-ML-0953,Officer-ML-953,7.8,61.4,48.3
ADM-MZ-0954,LG-MZ-0954,Officer-MZ-954,2.8,73.8,32.7
ADM-NL-0955,LG-NL-0955,Officer-NL-955,7.8,49.8,62.8
ADM-OD-0956,LG-OD-0956,Officer-OD-956,3.6,42.8,71.5
ADM-PB-0957,LG-PB-0957,Officer-PB-957,8.9,73.8,32.8
ADM-RJ-0958,LG-RJ-0958,Officer-RJ-958,9.0,52.8,58.9
ADM-SK-0959,LG-SK-0959,Officer-SK-959,9.3,75.0,31.2
ADM-TN-0960,LG-TN-0960,Officer-TN-960,2.5,75.0,31.2
ADM-TS-0961,LG-TS-0961,Officer-TS-961,3.4,87.3,15.9
ADM-TR-0962,LG-TR-0962,Officer-TR-962,4.1,82.7,21.7
ADM-UP-0963,LG-UP-0963,Officer-UP-963,3.0,58.3,52.2
ADM-UK-0964,LG-UK-0964,Officer-UK-964,2.0,26.8,91.5
ADM-WB-0965,LG-WB-0965,Officer-WB-965,6.2,89.6,13.0
ADM-AN-0966,LG-AN-0966,Officer-AN-966,7.0,89.7,12.9
ADM-CH-0967,LG-CH-0967,Officer-CH-967,8.9,62.7,46.6
ADM-DH-0968,LG-DH-0968,Officer-DH-968,6.8,66.6,41.7
ADM-DL-0969,LG-DL-0969,Officer-DL-969,8.1,42.1,72.4
ADM-JK-0970,LG-JK-0970,Officer-JK-970,5.4,70.0,37.5
ADM-LA-0971,LG-LA-0971,Officer-LA-971,8.4,75.6,30.5
ADM-LD-0972,LG-LD-0972,Officer-LD-972,5.0,54.7,56.6
ADM-PY-0973,LG-PY-0973,Officer-PY-973,8.4,52.6,59.3
ADM-AP-0974,LG-AP-0974,Officer-AP-974,5.1,86.1,17.4
ADM-AR-0975,LG-AR-0975,Officer-AR-975,3.1,54.1,57.4
ADM-AS-0976,LG-AS-0976,Officer-AS-976,5.7,69.2,38.5
ADM-BR-0977,LG-BR-0977,Officer-BR-977,4.8,72.8,34.1
ADM-CG-0978,LG-CG-0978,Officer-CG-978,2.9,40.5,74.4
ADM-GA-0979,LG-GA-0979,Officer-GA-979,3.8,73.5,33.2
ADM-GJ-0980,LG-GJ-0980,Officer-GJ-980,8.8,63.9,45.2
ADM-HR-0981,LG-HR-0981,Officer-HR-981,6.3,65.3,43.4
ADM-HP-0982,LG-HP-0982,Officer-HP-982,4.4,87.6,15.5
ADM-JH-0983,LG-JH-0983,Officer-JH-983,4.4,70.4,37.0
ADM-KA-0984,LG-KA-0984,Officer-KA-984,8.6,52.3,59.6
ADM-KL-0985,LG-KL-0985,Officer-KL-985,8.6,77.4,28.2
ADM-MP-0986,LG-MP-0986,Officer-MP-986,7.5,58.4,52.0
ADM-MH-0987,LG-MH-0987,Officer-MH-987,3.9,91.0,11.2
ADM-MN-0988,LG-MN-0988,Officer-MN-988,8.6,39.9,75.2
ADM-ML-0989,LG-ML-0989,Officer-ML-989,4.6,56.6,54.2
ADM-MZ-0990,LG-MZ-0990,Officer-MZ-990,6.8,84.3,19.6
ADM-NL-0991,LG-NL-0991,Officer-NL-991,8.7,82.3,22.2
ADM-OD-0992,LG-OD-0992,Officer-OD-992,5.1,36.3,79.6
ADM-PB-0993,LG-PB-0993,Officer-PB-993,8.8,57.0,53.8
ADM-RJ-0994,LG-RJ-0994,Officer-RJ-994,2.5,71.9,35.1
ADM-SK-0995,LG-SK-0995,Officer-SK-995,5.6,82.6,21.8
ADM-TN-0996,LG-TN-0996,Officer-TN-996,8.7,73.1,33.7
ADM-TS-0997,LG-TS-0997,Officer-TS-997,4.2,43.6,70.4
ADM-TR-0998,LG-TR-0998,Officer-TR-998,4.7,42.6,71.8
ADM-UP-0999,LG-UP-0999,Officer-UP-999,6.3,83.6,20.5
ADM-UK-1000,LG-UK-1000,Officer-UK-1000,4.1,66.6,41.8
ADM-WB-1001,LG-WB-1001,Officer-WB-1001,8.6,58.2,52.2
ADM-AN-1002,LG-AN-1002,Officer-AN-1002,5.2,72.9,33.9
ADM-CH-1003,LG-CH-1003,Officer-CH-1003,4.5,59.5,50.6
ADM-DH-1004,LG-DH-1004,Officer-DH-1004,9.4,65.8,42.8
ADM-DL-1005,LG-DL-1005,Officer-DL-1005,6.5,28.4,89.5
ADM-JK-1006,LG-JK-1006,Officer-JK-1006,8.5,89.9,12.6
ADM-LA-1007,LG-LA-1007,Officer-LA-1007,8.2,88.6,14.3
ADM-LD-1008,LG-LD-1008,Officer-LD-1008,3.1,71.2,36.0
ADM-PY-1009,LG-PY-1009,Officer-PY-1009,6.4,57.1,53.7
ADM-AP-1010,LG-AP-1010,Officer-AP-1010,6.7,70.6,36.7
ADM-AR-1011,LG-AR-1011,Officer-AR-1011,8.2,75.5,30.6
ADM-AS-1012,LG-AS-1012,Officer-AS-1012,4.4,48.8,64.0
ADM-BR-1013,LG-BR-1013,Officer-BR-1013,6.9,85.9,17.6
ADM-CG-1014,LG-CG-1014,Officer-CG-1014,3.2,53.4,58.2
ADM-GA-1015,LG-GA-1015,Officer-GA-1015,7.7,52.0,60.0
ADM-GJ-1016,LG-GJ-1016,Officer-GJ-1016,4.4,43.9,70.2
ADM-HR-1017,LG-HR-1017,Officer-HR-1017,4.0,62.8,46.4
ADM-HP-1018,LG-HP-1018,Officer-HP-1018,7.1,84.0,20.0
ADM-JH-1019,LG-JH-1019,Officer-JH-1019,4.7,59.5,50.6
ADM-KA-1020,LG-KA-1020,Officer-KA-1020,2.8,59.4,50.8
ADM-KL-1021,LG-KL-1021,Officer-KL-1021,2.2,27.1,91.1
ADM-MP-1022,LG-MP-1022,Officer-MP-1022,6.6,34.0,82.6
ADM-MH-1023,LG-MH-1023,Officer-MH-1023,3.9,64.2,44.8
ADM-MN-1024,LG-MN-1024,Officer-MN-1024,3.6,41.0,73.7
ADM-ML-1025,LG-ML-1025,Officer-ML-1025,2.2,85.6,18.1
ADM-MZ-1026,LG-MZ-1026,Officer-MZ-1026,7.6,75.9,30.1
ADM-NL-1027,LG-NL-1027,Officer-NL-1027,5.8,45.1,68.6
ADM-OD-1028,LG-OD-1028,Officer-OD-1028,2.6,65.1,43.7
ADM-PB-1029,LG-PB-1029,Officer-PB-1029,2.3,82.7,21.6
ADM-RJ-1030,LG-RJ-1030,Officer-RJ-1030,8.0,75.9,30.2
ADM-SK-1031,LG-SK-1031,Officer-SK-1031,2.8,89.7,12.9
ADM-TN-1032,LG-TN-1032,Officer-TN-1032,4.2,88.7,14.1
ADM-TS-1033,LG-TS-1033,Officer-TS-1033,8.3,71.5,35.7
ADM-TR-1034,LG-TR-1034,Officer-TR-1034,9.2,77.4,28.2
ADM-UP-1035,LG-UP-1035,Officer-UP-1035,6.0,88.6,14.3
ADM-UK-1036,LG-UK-1036,Officer-UK-1036,2.8,90.9,11.4
ADM-WB-1037,LG-WB-1037,Officer-WB-1037,3.3,56.1,54.8
ADM-AN-1038,LG-AN-1038,Officer-AN-1038,5.2,49.7,62.8
ADM-CH-1039,LG-CH-1039,Officer-CH-1039,5.9,91.1,11.1
ADM-DH-1040,LG-DH-1040,Officer-DH-1040,8.6,41.7,72.8
ADM-DL-1041,LG-DL-1041,Officer-DL-1041,2.7,86.8,16.5
ADM-JK-1042,LG-JK-1042,Officer-JK-1042,5.6,81.2,23.5
ADM-LA-1043,LG-LA-1043,Officer-LA-1043,3.3,87.5,15.7
ADM-LD-1044,LG-LD-1044,Officer-LD-1044,8.5,41.7,72.8
ADM-PY-1045,LG-PY-1045,Officer-PY-1045,5.7,62.9,46.4
ADM-AP-1046,LG-AP-1046,Officer-AP-1046,6.6,49.8,62.7
ADM-AR-1047,LG-AR-1047,Officer-AR-1047,6.7,49.9,62.7
ADM-AS-1048,LG-AS-1048,Officer-AS-1048,6.6,71.4,35.8
ADM-BR-1049,LG-BR-1049,Officer-BR-1049,5.2,58.8,51.5
ADM-CG-1050,LG-CG-1050,Officer-CG-1050,9.4,80.2,24.8
ADM-GA-1051,LG-GA-1051,Officer-GA-1051,3.6,67.3,40.8
ADM-GJ-1052,LG-GJ-1052,Officer-GJ-1052,5.9,45.4,68.2
ADM-HR-1053,LG-HR-1053,Officer-HR-1053,3.0,67.3,40.9
ADM-HP-1054,LG-HP-1054,Officer-HP-1054,8.3,67.9,40.2
ADM-JH-1055,LG-JH-1055,Officer-JH-1055,8.7,74.6,31.7
ADM-KA-1056,LG-KA-1056,Officer-KA-1056,5.3,89.9,12.6
ADM-KL-1057,LG-KL-1057,Officer-KL-1057,4.2,65.2,43.5
ADM-MP-1058,LG-MP-1058,Officer-MP-1058,2.6,38.7,76.6
ADM-MH-1059,LG-MH-1059,Officer-MH-1059,4.2,75.3,30.8
ADM-MN-1060,LG-MN-1060,Officer-MN-1060,7.5,43.3,70.9
ADM-ML-1061,LG-ML-1061,Officer-ML-1061,5.4,44.0,70.0
ADM-MZ-1062,LG-MZ-1062,Officer-MZ-1062,6.8,44.6,69.2
ADM-NL-1063,LG-NL-1063,Officer-NL-1063,4.3,70.9,36.3
ADM-OD-1064,LG-OD-1064,Officer-OD-1064,9.4,41.1,73.6
ADM-PB-1065,LG-PB-1065,Officer-PB-1065,9.1,36.5,79.3
ADM-RJ-1066,LG-RJ-1066,Officer-RJ-1066,4.6,88.6,14.3
ADM-SK-1067,LG-SK-1067,Officer-SK-1067,7.6,54.0,57.5
ADM-TN-1068,LG-TN-1068,Officer-TN-1068,2.4,36.9,78.9
ADM-TS-1069,LG-TS-1069,Officer-TS-1069,2.7,67.4,40.8
ADM-TR-1070,LG-TR-1070,Officer-TR-1070,8.2,74.8,31.5
ADM-UP-1071,LG-UP-1071,Officer-UP-1071,8.0,41.1,73.6
ADM-UK-1072,LG-UK-1072,Officer-UK-1072,3.1,85.2,18.5
ADM-WB-1073,LG-WB-1073,Officer-WB-1073,8.6,33.0,83.8
ADM-AN-1074,LG-AN-1074,Officer-AN-1074,9.0,69.4,38.2
ADM-CH-1075,LG-CH-1075,Officer-CH-1075,7.6,74.2,32.2
ADM-DH-1076,LG-DH-1076,Officer-DH-1076,5.3,69.8,37.7
ADM-DL-1077,LG-DL-1077,Officer-DL-1077,7.0,49.5,63.1
ADM-JK-1078,LG-JK-1078,Officer-JK-1078,9.1,77.5,28.2
ADM-LA-1079,LG-LA-1079,Officer-LA-1079,7.3,85.1,18.6
ADM-LD-1080,LG-LD-1080,Officer-LD-1080,2.8,70.6,36.7
ADM-PY-1081,LG-PY-1081,Officer-PY-1081,2.9,54.6,56.7
ADM-AP-1082,LG-AP-1082,Officer-AP-1082,8.3,58.5,51.9
ADM-AR-1083,LG-AR-1083,Officer-AR-1083,2.4,36.1,79.8
ADM-AS-1084,LG-AS-1084,Officer-AS-1084,7.1,74.3,32.1
ADM-BR-1085,LG-BR-1085,Officer-BR-1085,5.6,60.5,49.4
ADM-CG-1086,LG-CG-1086,Officer-CG-1086,6.4,62.7,46.6
ADM-GA-1087,LG-GA-1087,Officer-GA-1087,9.1,32.7,84.1
ADM-GJ-1088,LG-GJ-1088,Officer-GJ-1088,3.3,86.2,17.2
ADM-HR-1089,LG-HR-1089,Officer-HR-1089,7.8,69.7,37.9
ADM-HP-1090,LG-HP-1090,Officer-HP-1090,2.1,72.1,34.8
ADM-JH-1091,LG-JH-1091,Officer-JH-1091,2.2,87.7,15.4
ADM-KA-1092,LG-KA-1092,Officer-KA-1092,3.2,44.8,69.0
ADM-KL-1093,LG-KL-1093,Officer-KL-1093,2.6,34.2,82.2
ADM-MP-1094,LG-MP-1094,Officer-MP-1094,3.5,69.7,37.8
ADM-MH-1095,LG-MH-1095,Officer-MH-1095,8.6,53.1,58.6
ADM-MN-1096,LG-MN-1096,Officer-MN-1096,6.6,89.8,12.7
ADM-ML-1097,LG-ML-1097,Officer-ML-1097,7.2,62.2,47.2
ADM-MZ-1098,LG-MZ-1098,Officer-MZ-1098,4.0,55.6,55.6
ADM-NL-1099,LG-NL-1099,Officer-NL-1099,3.1,49.3,63.4
ADM-OD-1100,LG-OD-1100,Officer-OD-1100,8.2,89.9,12.6
ADM-PB-1101,LG-PB-1101,Officer-PB-1101,2.1,76.3,29.6
ADM-RJ-1102,LG-RJ-1102,Officer-RJ-1102,3.9,82.8,21.6
ADM-SK-1103,LG-SK-1103,Officer-SK-1103,8.3,46.3,67.1
ADM-TN-1104,LG-TN-1104,Officer-TN-1104,4.5,74.4,32.0
ADM-TS-1105,LG-TS-1105,Officer-TS-1105,4.9,35.0,81.3
ADM-TR-1106,LG-TR-1106,Officer-TR-1106,2.6,58.8,51.4
ADM-UP-1107,LG-UP-1107,Officer-UP-1107,8.0,38.0,77.6
ADM-UK-1108,LG-UK-1108,Officer-UK-1108,8.6,49.4,63.3
ADM-WB-1109,LG-WB-1109,Officer-WB-1109,5.3,55.8,55.2
ADM-AN-1110,LG-AN-1110,Officer-AN-1110,7.6,60.9,48.9
ADM-CH-1111,LG-CH-1111,Officer-CH-1111,4.8,72.1,34.8
ADM-DH-1112,LG-DH-1112,Officer-DH-1112,9.1,69.9,37.6
ADM-DL-1113,LG-DL-1113,Officer-DL-1113,4.7,69.8,37.8
ADM-JK-1114,LG-JK-1114,Officer-JK-1114,8.1,79.6,25.5
ADM-LA-1115,LG-LA-1115,Officer-LA-1115,2.1,69.8,37.7
ADM-LD-1116,LG-LD-1116,Officer-LD-1116,8.7,54.9,56.3
ADM-PY-1117,LG-PY-1117,Officer-PY-1117,9.3,66.4,42.0
ADM-AP-1118,LG-AP-1118,Officer-AP-1118,7.4,62.7,46.6
ADM-AR-1119,LG-AR-1119,Officer-AR-1119,4.6,80.7,24.1
ADM-AS-1120,LG-AS-1120,Officer-AS-1120,4.9,69.9,37.6
ADM-BR-1121,LG-BR-1121,Officer-BR-1121,8.7,86.8,16.4
ADM-CG-1122,LG-CG-1122,Officer-CG-1122,6.4,43.1,71.1
ADM-GA-1123,LG-GA-1123,Officer-GA-1123,6.5,59.3,50.8
ADM-GJ-1124,LG-GJ-1124,Officer-GJ-1124,8.0,85.4,18.2
ADM-HR-1125,LG-HR-1125,Officer-HR-1125,7.8,68.9,38.8
ADM-HP-1126,LG-HP-1126,Officer-HP-1126,3.9,66.2,42.2
ADM-JH-1127,LG-JH-1127,Officer-JH-1127,3.5,58.9,51.3
ADM-KA-1128,LG-KA-1128,Officer-KA-1128,8.1,86.1,17.3
ADM-KL-1129,LG-KL-1129,Officer-KL-1129,3.1,74.8,31.5
ADM-MP-1130,LG-MP-1130,Officer-MP-1130,7.6,90.5,11.9
ADM-MH-1131,LG-MH-1131,Officer-MH-1131,3.0,63.0,46.2
ADM-MN-1132,LG-MN-1132,Officer-MN-1132,2.3,63.0,46.3
ADM-ML-1133,LG-ML-1133,Officer-ML-1133,5.5,70.4,37.0
ADM-MZ-1134,LG-MZ-1134,Officer-MZ-1134,3.2,75.8,30.3
ADM-NL-1135,LG-NL-1135,Officer-NL-1135,6.1,72.2,34.7
ADM-OD-1136,LG-OD-1136,Officer-OD-1136,2.7,67.4,40.8
ADM-PB-1137,LG-PB-1137,Officer-PB-1137,5.1,62.5,46.9
ADM-RJ-1138,LG-RJ-1138,Officer-RJ-1138,5.8,56.1,54.8
ADM-SK-1139,LG-SK-1139,Officer-SK-1139,9.4,79.6,25.5
ADM-TN-1140,LG-TN-1140,Officer-TN-1140,3.0,85.5,18.2
ADM-TS-1141,LG-TS-1141,Officer-TS-1141,5.1,81.7,22.9
ADM-TR-1142,LG-TR-1142,Officer-TR-1142,9.3,68.2,39.8
ADM-UP-1143,LG-UP-1143,Officer-UP-1143,2.6,68.4,39.5
ADM-UK-1144,LG-UK-1144,Officer-UK-1144,4.1,30.6,86.7
ADM-WB-1145,LG-WB-1145,Officer-WB-1145,6.3,30.6,86.7
ADM-AN-1146,LG-AN-1146,Officer-AN-1146,7.4,73.1,33.7
ADM-CH-1147,LG-CH-1147,Officer-CH-1147,4.9,63.7,45.4
ADM-DH-1148,LG-DH-1148,Officer-DH-1148,5.0,79.1,26.1
ADM-DL-1149,LG-DL-1149,Officer-DL-1149,5.4,48.5,64.3
ADM-JK-1150,LG-JK-1150,Officer-JK-1150,6.6,58.3,52.1
ADM-LA-1151,LG-LA-1151,Officer-LA-1151,7.8,83.9,20.2
ADM-LD-1152,LG-LD-1152,Officer-LD-1152,5.2,54.2,57.2
ADM-PY-1153,LG-PY-1153,Officer-PY-1153,7.9,68.2,39.7
ADM-AP-1154,LG-AP-1154,Officer-AP-1154,4.8,68.2,39.7
ADM-AR-1155,LG-AR-1155,Officer-AR-1155,2.9,62.1,47.4
ADM-AS-1156,LG-AS-1156,Officer-AS-1156,8.4,49.4,63.3
ADM-BR-1157,LG-BR-1157,Officer-BR-1157,8.7,41.1,73.6
ADM-CG-1158,LG-CG-1158,Officer-CG-1158,5.6,91.6,10.5
ADM-GA-1159,LG-GA-1159,Officer-GA-1159,6.3,75.0,31.2
ADM-GJ-1160,LG-GJ-1160,Officer-GJ-1160,3.9,42.5,71.9
ADM-HR-1161,LG-HR-1161,Officer-HR-1161,6.9,75.5,30.6
ADM-HP-1162,LG-HP-1162,Officer-HP-1162,3.1,82.6,21.7
ADM-JH-1163,LG-JH-1163,Officer-JH-1163,7.1,48.2,64.8
ADM-KA-1164,LG-KA-1164,Officer-KA-1164,9.2,70.2,37.3
ADM-KL-1165,LG-KL-1165,Officer-KL-1165,2.0,48.9,63.8
ADM-MP-1166,LG-MP-1166,Officer-MP-1166,2.6,53.5,58.1
ADM-MH-1167,LG-MH-1167,Officer-MH-1167,8.1,77.1,28.6
ADM-MN-1168,LG-MN-1168,Officer-MN-1168,8.4,43.4,70.7
ADM-ML-1169,LG-ML-1169,Officer-ML-1169,7.2,85.4,18.2
ADM-MZ-1170,LG-MZ-1170,Officer-MZ-1170,8.3,61.8,47.7
ADM-NL-1171,LG-NL-1171,Officer-NL-1171,5.3,41.9,72.7
ADM-OD-1172,LG-OD-1172,Officer-OD-1172,8.7,77.9,27.7
ADM-PB-1173,LG-PB-1173,Officer-PB-1173,5.4,48.9,63.9
ADM-RJ-1174,LG-RJ-1174,Officer-RJ-1174,2.9,42.4,72.0
ADM-SK-1175,LG-SK-1175,Officer-SK-1175,8.3,40.2,74.8
ADM-TN-1176,LG-TN-1176,Officer-TN-1176,7.8,89.1,13.6
ADM-TS-1177,LG-TS-1177,Officer-TS-1177,8.8,62.3,47.1
ADM-TR-1178,LG-TR-1178,Officer-TR-1178,8.4,47.8,65.3
ADM-UP-1179,LG-UP-1179,Officer-UP-1179,8.6,42.9,71.4
ADM-UK-1180,LG-UK-1180,Officer-UK-1180,3.4,88.2,14.7
ADM-WB-1181,LG-WB-1181,Officer-WB-1181,6.6,89.4,13.2
ADM-AN-1182,LG-AN-1182,Officer-AN-1182,3.2,73.3,33.4
ADM-CH-1183,LG-CH-1183,Officer-CH-1183,2.0,71.3,35.9
ADM-DH-1184,LG-DH-1184,Officer-DH-1184,8.2,63.1,46.2
ADM-DL-1185,LG-DL-1185,Officer-DL-1185,9.0,40.8,74.0
ADM-JK-1186,LG-JK-1186,Officer-JK-1186,6.9,61.4,48.2
ADM-LA-1187,LG-LA-1187,Officer-LA-1187,6.1,82.9,21.4
ADM-LD-1188,LG-LD-1188,Officer-LD-1188,2.1,29.9,87.6
ADM-PY-1189,LG-PY-1189,Officer-PY-1189,5.6,81.1,23.7
ADM-AP-1190,LG-AP-1190,Officer-AP-1190,8.5,58.1,52.3
ADM-AR-1191,LG-AR-1191,Officer-AR-1191,8.6,50.1,62.4
ADM-AS-1192,LG-AS-1192,Officer-AS-1192,5.9,81.6,23.1
ADM-BR-1193,LG-BR-1193,Officer-BR-1193,2.4,46.4,66.9
ADM-CG-1194,LG-CG-1194,Officer-CG-1194,8.6,45.0,68.7
ADM-GA-1195,LG-GA-1195,Officer-GA-1195,4.1,86.9,16.4
ADM-GJ-1196,LG-GJ-1196,Officer-GJ-1196,2.9,76.1,29.9
ADM-HR-1197,LG-HR-1197,Officer-HR-1197,4.1,86.5,16.9
ADM-HP-1198,LG-HP-1198,Officer-HP-1198,5.2,62.2,47.3
ADM-JH-1199,LG-JH-1199,Officer-JH-1199,6.6,47.5,65.6
ADM-KA-1200,LG-KA-1200,Officer-KA-1200,4.9,55.0,56.3
ADM-KL-1201,LG-KL-1201,Officer-KL-1201,9.1,85.1,18.6
ADM-MP-1202,LG-MP-1202,Officer-MP-1202,3.4,30.2,87.3
ADM-MH-1203,LG-MH-1203,Officer-MH-1203,8.0,45.3,68.4
ADM-MN-1204,LG-MN-1204,Officer-MN-1204,8.9,67.0,41.2
ADM-ML-1205,LG-ML-1205,Officer-ML-1205,5.0,78.0,27.5
ADM-MZ-1206,LG-MZ-1206,Officer-MZ-1206,2.3,65.6,43.1
ADM-NL-1207,LG-NL-1207,Officer-NL-1207,7.5,55.3,55.9
ADM-OD-1208,LG-OD-1208,Officer-OD-1208,7.4,44.8,69.0
ADM-PB-1209,LG-PB-1209,Officer-PB-1209,9.2,74.6,31.8
ADM-RJ-1210,LG-RJ-1210,Officer-RJ-1210,3.2,59.5,50.6
ADM-SK-1211,LG-SK-1211,Officer-SK-1211,6.8,35.7,80.4
ADM-TN-1212,LG-TN-1212,Officer-TN-1212,8.4,62.2,47.2
ADM-TS-1213,LG-TS-1213,Officer-TS-1213,7.4,89.4,13.2
ADM-TR-1214,LG-TR-1214,Officer-TR-1214,5.4,48.7,64.1
ADM-UP-1215,LG-UP-1215,Officer-UP-1215,6.2,36.6,79.3
ADM-UK-1216,LG-UK-1216,Officer-UK-1216,4.2,57.2,53.6
ADM-WB-1217,LG-WB-1217,Officer-WB-1217,9.0,65.1,43.7
ADM-AN-1218,LG-AN-1218,Officer-AN-1218,4.4,77.7,27.9
ADM-CH-1219,LG-CH-1219,Officer-CH-1219,3.6,71.9,35.1
ADM-DH-1220,LG-DH-1220,Officer-DH-1220,3.2,48.0,65.1
ADM-DL-1221,LG-DL-1221,Officer-DL-1221,3.8,52.5,59.3
ADM-JK-1222,LG-JK-1222,Officer-JK-1222,7.4,89.7,12.9
ADM-LA-1223,LG-LA-1223,Officer-LA-1223,8.2,82.9,21.3
ADM-LD-1224,LG-LD-1224,Officer-LD-1224,3.5,49.0,63.8
ADM-PY-1225,LG-PY-1225,Officer-PY-1225,6.9,48.1,64.9
ADM-AP-1226,LG-AP-1226,Officer-AP-1226,3.1,79.0,26.3
ADM-AR-1227,LG-AR-1227,Officer-AR-1227,6.2,73.6,33.0
ADM-AS-1228,LG-AS-1228,Officer-AS-1228,3.7,83.6,20.5
ADM-BR-1229,LG-BR-1229,Officer-BR-1229,2.8,76.5,29.4
ADM-CG-1230,LG-CG-1230,Officer-CG-1230,5.0,50.7,61.7
ADM-GA-1231,LG-GA-1231,Officer-GA-1231,6.5,83.8,20.3
ADM-GJ-1232,LG-GJ-1232,Officer-GJ-1232,8.6,29.1,88.6
ADM-HR-1233,LG-HR-1233,Officer-HR-1233,6.0,83.8,20.3
ADM-HP-1234,LG-HP-1234,Officer-HP-1234,8.3,56.9,53.9
ADM-JH-1235,LG-JH-1235,Officer-JH-1235,7.1,70.6,36.8
ADM-KA-1236,LG-KA-1236,Officer-KA-1236,7.5,41.9,72.6
ADM-KL-1237,LG-KL-1237,Officer-KL-1237,2.4,62.5,46.9
ADM-MP-1238,LG-MP-1238,Officer-MP-1238,2.9,65.6,43.0
ADM-MH-1239,LG-MH-1239,Officer-MH-1239,5.7,74.5,31.8
ADM-MN-1240,LG-MN-1240,Officer-MN-1240,5.0,64.9,43.9
ADM-ML-1241,LG-ML-1241,Officer-ML-1241,7.6,24.5,94.4
ADM-MZ-1242,LG-MZ-1242,Officer-MZ-1242,7.0,43.3,70.9
ADM-NL-1243,LG-NL-1243,Officer-NL-1243,9.5,48.5,64.4
ADM-OD-1244,LG-OD-1244,Officer-OD-1244,9.1,87.7,15.4
ADM-PB-1245,LG-PB-1245,Officer-PB-1245,7.4,66.4,42.0
ADM-RJ-1246,LG-RJ-1246,Officer-RJ-1246,4.5,57.1,53.7
ADM-SK-1247,LG-SK-1247,Officer-SK-1247,4.1,61.1,48.6
ADM-TN-1248,LG-TN-1248,Officer-TN-1248,9.3,73.3,33.4
ADM-TS-1249,LG-TS-1249,Officer-TS-1249,4.7,61.7,47.8
ADM-TR-1250,LG-TR-1250,Officer-TR-1250,4.7,43.5,70.6
