approval_id,project_id,approval_type,status,submission_date,approval_date,delay_days
APP-TN-0042,LG-TN-0042,Environmental,PENDING,2023-03-01,,90
APP-AP-0002,LG-AP-0002,Revenue,APPROVED,2024-01-22,2024-01-01,0
APP-AR-0003,LG-AR-0003,Environmental,APPROVED,2024-05-21,2024-01-01,7
APP-AS-0004,LG-AS-0004,Forest,APPROVED,2024-10-04,2024-01-01,10
APP-BR-0005,LG-BR-0005,Revenue,APPROVED,2022-03-12,2024-01-01,7
APP-CG-0006,LG-CG-0006,Wildlife,REJECTED,2024-05-05,2024-01-01,5
APP-GA-0007,LG-GA-0007,Environmental,APPROVED,2023-02-05,2024-01-01,2
APP-GJ-0008,LG-GJ-0008,Environmental,REJECTED,2023-05-17,2024-01-01,7
APP-HR-0009,LG-HR-0009,Environmental,APPROVED,2021-05-26,2024-01-01,13
APP-HP-0010,LG-HP-0010,Environmental,APPROVED,2022-01-25,2024-01-01,7
APP-JH-0011,LG-JH-0011,Forest,APPROVED,2022-08-08,2024-01-01,1
APP-KA-0012,LG-KA-0012,Environmental,APPROVED,2021-06-17,2024-01-01,14
APP-KL-0013,LG-KL-0013,Forest,APPROVED,2021-11-20,2024-01-01,8
APP-MP-0014,LG-MP-0014,Environmental,APPROVED,2021-04-01,2024-01-01,11
APP-MH-0015,LG-MH-0015,Wildlife,REJECTED,2023-04-13,2024-01-01,7
APP-MN-0016,LG-MN-0016,Revenue,APPROVED,2022-04-02,2024-01-01,0
APP-ML-0017,LG-ML-0017,Revenue,APPROVED,2023-11-14,2024-01-01,10
APP-MZ-0018,LG-MZ-0018,Forest,APPROVED,2023-02-16,2024-01-01,15
APP-NL-0019,LG-NL-0019,Wildlife,PENDING,2024-10-09,,81
APP-OD-0020,LG-OD-0020,Wildlife,REJECTED,2022-05-26,2024-01-01,14
APP-PB-0021,LG-PB-0021,Revenue,APPROVED,2022-08-09,2024-01-01,14
APP-RJ-0022,LG-RJ-0022,Forest,APPROVED,2024-01-08,2024-01-01,0
APP-SK-0023,LG-SK-0023,Environmental,APPROVED,2022-11-01,2024-01-01,7
APP-TN-0024,LG-TN-0024,Forest,PENDING,2024-05-25,,43
APP-TS-0025,LG-TS-0025,Wildlife,PENDING,2021-01-26,,89
APP-TR-0026,LG-TR-0026,Forest,PENDING,2023-02-16,,122
APP-UP-0027,LG-UP-0027,Forest,APPROVED,2024-09-21,2024-01-01,6
APP-UK-0028,LG-UK-0028,Revenue,APPROVED,2021-01-29,2024-01-01,15
APP-WB-0029,LG-WB-0029,Wildlife,APPROVED,2021-11-07,2024-01-01,14
APP-AN-0030,LG-AN-0030,Environmental,APPROVED,2022-05-07,2024-01-01,7
APP-CH-0031,LG-CH-0031,Wildlife,APPROVED,2021-05-27,2024-01-01,14
APP-DH-0032,LG-DH-0032,Revenue,APPROVED,2024-10-08,2024-01-01,13
APP-DL-0033,LG-DL-0033,Environmental,APPROVED,2021-06-30,2024-01-01,6
APP-JK-0034,LG-JK-0034,Revenue,APPROVED,2024-02-03,2024-01-01,13
APP-LA-0035,LG-LA-0035,Revenue,APPROVED,2022-07-20,2024-01-01,10
APP-LD-0036,LG-LD-0036,Environmental,REJECTED,2024-12-15,2024-01-01,14
APP-PY-0037,LG-PY-0037,Forest,PENDING,2021-06-14,,125
APP-AP-0038,LG-AP-0038,Revenue,APPROVED,2022-08-24,2024-01-01,14
APP-AR-0039,LG-AR-0039,Environmental,APPROVED,2024-11-14,2024-01-01,12
APP-AS-0040,LG-AS-0040,Environmental,PENDING,2022-03-25,,146
APP-BR-0041,LG-BR-0041,Revenue,APPROVED,2022-11-25,2024-01-01,3
APP-CG-0042,LG-CG-0042,Environmental,PENDING,2022-11-03,,60
APP-GA-0043,LG-GA-0043,Environmental,APPROVED,2021-03-09,2024-01-01,14
APP-GJ-0044,LG-GJ-0044,Forest,APPROVED,2024-02-10,2024-01-01,8
APP-HR-0045,LG-HR-0045,Revenue,PENDING,2021-09-17,,88
APP-HP-0046,LG-HP-0046,Forest,PENDING,2022-10-22,,85
APP-JH-0047,LG-JH-0047,Revenue,PENDING,2024-11-07,,115
APP-KA-0048,LG-KA-0048,Environmental,APPROVED,2021-11-13,2024-01-01,5
APP-KL-0049,LG-KL-0049,Forest,APPROVED,2021-03-04,2024-01-01,1
APP-MP-0050,LG-MP-0050,Revenue,APPROVED,2024-10-20,2024-01-01,10
APP-MH-0051,LG-MH-0051,Revenue,APPROVED,2023-06-13,2024-01-01,5
APP-MN-0052,LG-MN-0052,Forest,APPROVED,2023-03-22,2024-01-01,3
APP-ML-0053,LG-ML-0053,Revenue,PENDING,2023-07-09,,105
APP-MZ-0054,LG-MZ-0054,Wildlife,PENDING,2024-06-13,,43
APP-NL-0055,LG-NL-0055,Forest,APPROVED,2023-01-16,2024-01-01,10
APP-OD-0056,LG-OD-0056,Revenue,APPROVED,2021-09-19,2024-01-01,15
APP-PB-0057,LG-PB-0057,Revenue,APPROVED,2021-11-29,2024-01-01,14
APP-RJ-0058,LG-RJ-0058,Environmental,PENDING,2023-02-22,,127
APP-SK-0059,LG-SK-0059,Environmental,APPROVED,2023-04-30,2024-01-01,9
APP-TN-0060,LG-TN-0060,Environmental,REJECTED,2024-01-29,2024-01-01,7
APP-TS-0061,LG-TS-0061,Environmental,APPROVED,2024-01-20,2024-01-01,10
APP-TR-0062,LG-TR-0062,Revenue,APPROVED,2021-03-17,2024-01-01,11
APP-UP-0063,LG-UP-0063,Revenue,APPROVED,2022-01-18,2024-01-01,9
APP-UK-0064,LG-UK-0064,Environmental,PENDING,2024-08-02,,46
APP-WB-0065,LG-WB-0065,Forest,APPROVED,2021-10-09,2024-01-01,9
APP-AN-0066,LG-AN-0066,Forest,PENDING,2024-09-29,,131
APP-CH-0067,LG-CH-0067,Environmental,PENDING,2023-04-19,,96
APP-DH-0068,LG-DH-0068,Revenue,PENDING,2024-07-24,,137
APP-DL-0069,LG-DL-0069,Forest,PENDING,2024-07-08,,70
APP-JK-0070,LG-JK-0070,Wildlife,PENDING,2022-07-02,,93
APP-LA-0071,LG-LA-0071,Forest,PENDING,2024-10-09,,76
APP-LD-0072,LG-LD-0072,Forest,APPROVED,2023-01-19,2024-01-01,10
APP-PY-0073,LG-PY-0073,Forest,APPROVED,2021-02-04,2024-01-01,1
APP-AP-0074,LG-AP-0074,Wildlife,APPROVED,2021-02-08,2024-01-01,12
APP-AR-0075,LG-AR-0075,Revenue,APPROVED,2024-06-03,2024-01-01,9
APP-AS-0076,LG-AS-0076,Forest,REJECTED,2022-12-11,2024-01-01,7
APP-BR-0077,LG-BR-0077,Forest,REJECTED,2024-02-02,2024-01-01,1
APP-CG-0078,LG-CG-0078,Wildlife,APPROVED,2021-03-18,2024-01-01,8
APP-GA-0079,LG-GA-0079,Revenue,APPROVED,2021-12-26,2024-01-01,12
APP-GJ-0080,LG-GJ-0080,Forest,PENDING,2021-11-24,,88
APP-HR-0081,LG-HR-0081,Environmental,APPROVED,2023-07-04,2024-01-01,6
APP-HP-0082,LG-HP-0082,Environmental,PENDING,2022-09-24,,66
APP-JH-0083,LG-JH-0083,Wildlife,PENDING,2021-06-14,,116
APP-KA-0084,LG-KA-0084,Wildlife,PENDING,2021-03-07,,59
APP-KL-0085,LG-KL-0085,Wildlife,APPROVED,2022-10-19,2024-01-01,1
APP-MP-0086,LG-MP-0086,Wildlife,APPROVED,2022-04-07,2024-01-01,11
APP-MH-0087,LG-MH-0087,Forest,PENDING,2022-03-21,,100
APP-MN-0088,LG-MN-0088,Forest,REJECTED,2022-10-18,2024-01-01,12
APP-ML-0089,LG-ML-0089,Environmental,PENDING,2021-12-11,,127
APP-MZ-0090,LG-MZ-0090,Forest,APPROVED,2023-09-17,2024-01-01,3
APP-NL-0091,LG-NL-0091,Environmental,REJECTED,2022-05-14,2024-01-01,0
APP-OD-0092,LG-OD-0092,Forest,APPROVED,2023-09-01,2024-01-01,12
APP-PB-0093,LG-PB-0093,Wildlife,APPROVED,2023-10-23,2024-01-01,15
APP-RJ-0094,LG-RJ-0094,Environmental,PENDING,2021-11-12,,53
APP-SK-0095,LG-SK-0095,Forest,APPROVED,2021-01-26,2024-01-01,8
APP-TN-0096,LG-TN-0096,Forest,PENDING,2023-10-13,,68
APP-TS-0097,LG-TS-0097,Wildlife,APPROVED,2022-05-12,2024-01-01,9
APP-TR-0098,LG-TR-0098,Environmental,APPROVED,2023-02-12,2024-01-01,3
APP-UP-0099,LG-UP-0099,Forest,APPROVED,2023-06-01,2024-01-01,11
APP-UK-0100,LG-UK-0100,Forest,APPROVED,2023-12-04,2024-01-01,5
APP-WB-0101,LG-WB-0101,Environmental,APPROVED,2022-02-09,2024-01-01,8
APP-AN-0102,LG-AN-0102,Forest,PENDING,2024-12-16,,103
APP-CH-0103,LG-CH-0103,Environmental,REJECTED,2023-01-06,2024-01-01,7
APP-DH-0104,LG-DH-0104,Wildlife,PENDING,2024-01-16,,63
APP-DL-0105,LG-DL-0105,Revenue,APPROVED,2024-07-19,2024-01-01,3
APP-JK-0106,LG-JK-0106,Wildlife,APPROVED,2024-10-16,2024-01-01,15
APP-LA-0107,LG-LA-0107,Environmental,REJECTED,2022-03-23,2024-01-01,3
APP-LD-0108,LG-LD-0108,Wildlife,APPROVED,2024-08-24,2024-01-01,2
APP-PY-0109,LG-PY-0109,Forest,APPROVED,2024-11-22,2024-01-01,2
APP-AP-0110,LG-AP-0110,Revenue,APPROVED,2021-06-27,2024-01-01,0
APP-AR-0111,LG-AR-0111,Environmental,PENDING,2023-10-11,,32
APP-AS-0112,LG-AS-0112,Revenue,APPROVED,2021-06-18,2024-01-01,13
APP-BR-0113,LG-BR-0113,Revenue,APPROVED,2021-09-02,2024-01-01,3
APP-CG-0114,LG-CG-0114,Revenue,APPROVED,2021-04-24,2024-01-01,12
APP-GA-0115,LG-GA-0115,Revenue,APPROVED,2024-03-16,2024-01-01,2
APP-GJ-0116,LG-GJ-0116,Revenue,PENDING,2024-01-25,,43
APP-HR-0117,LG-HR-0117,Forest,PENDING,2023-04-26,,67
APP-HP-0118,LG-HP-0118,Environmental,APPROVED,2021-08-12,2024-01-01,2
APP-JH-0119,LG-JH-0119,Environmental,APPROVED,2023-03-23,2024-01-01,0
APP-KA-0120,LG-KA-0120,Wildlife,PENDING,2021-02-14,,135
APP-KL-0121,LG-KL-0121,Environmental,APPROVED,2024-06-11,2024-01-01,12
APP-MP-0122,LG-MP-0122,Forest,APPROVED,2021-04-30,2024-01-01,12
APP-MH-0123,LG-MH-0123,Forest,APPROVED,2024-03-08,2024-01-01,4
APP-MN-0124,LG-MN-0124,Revenue,PENDING,2023-01-18,,52
APP-ML-0125,LG-ML-0125,Forest,APPROVED,2021-09-18,2024-01-01,3
APP-MZ-0126,LG-MZ-0126,Forest,APPROVED,2023-07-04,2024-01-01,13
APP-NL-0127,LG-NL-0127,Wildlife,PENDING,2022-06-19,,120
APP-OD-0128,LG-OD-0128,Environmental,APPROVED,2024-01-12,2024-01-01,9
APP-PB-0129,LG-PB-0129,Forest,PENDING,2023-03-26,,137
APP-RJ-0130,LG-RJ-0130,Wildlife,APPROVED,2024-02-08,2024-01-01,1
APP-SK-0131,LG-SK-0131,Environmental,APPROVED,2022-01-30,2024-01-01,12
APP-TN-0132,LG-TN-0132,Wildlife,APPROVED,2021-11-03,2024-01-01,8
APP-TS-0133,LG-TS-0133,Forest,APPROVED,2022-11-10,2024-01-01,4
APP-TR-0134,LG-TR-0134,Environmental,PENDING,2023-09-20,,61
APP-UP-0135,LG-UP-0135,Forest,APPROVED,2022-05-11,2024-01-01,7
APP-UK-0136,LG-UK-0136,Revenue,APPROVED,2024-08-18,2024-01-01,14
APP-WB-0137,LG-WB-0137,Forest,PENDING,2024-08-18,,49
APP-AN-0138,LG-AN-0138,Forest,PENDING,2023-05-08,,67
APP-CH-0139,LG-CH-0139,Revenue,APPROVED,2022-11-10,2024-01-01,13
APP-DH-0140,LG-DH-0140,Forest,APPROVED,2021-06-15,2024-01-01,13
APP-DL-0141,LG-DL-0141,Forest,APPROVED,2022-01-26,2024-01-01,2
APP-JK-0142,LG-JK-0142,Environmental,APPROVED,2022-01-21,2024-01-01,11
APP-LA-0143,LG-LA-0143,Revenue,APPROVED,2024-11-13,2024-01-01,4
APP-LD-0144,LG-LD-0144,Environmental,REJECTED,2023-12-08,2024-01-01,3
APP-PY-0145,LG-PY-0145,Environmental,APPROVED,2023-08-09,2024-01-01,4
APP-AP-0146,LG-AP-0146,Environmental,PENDING,2023-03-31,,83
APP-AR-0147,LG-AR-0147,Environmental,PENDING,2023-09-17,,85
APP-AS-0148,LG-AS-0148,Wildlife,PENDING,2021-11-18,,134
APP-BR-0149,LG-BR-0149,Wildlife,PENDING,2023-04-07,,72
APP-CG-0150,LG-CG-0150,Wildlife,APPROVED,2022-08-21,2024-01-01,6
APP-GA-0151,LG-GA-0151,Forest,APPROVED,2023-07-26,2024-01-01,4
APP-GJ-0152,LG-GJ-0152,Revenue,APPROVED,2022-08-26,2024-01-01,4
APP-HR-0153,LG-HR-0153,Revenue,PENDING,2024-10-12,,117
APP-HP-0154,LG-HP-0154,Forest,APPROVED,2022-04-05,2024-01-01,14
APP-JH-0155,LG-JH-0155,Environmental,APPROVED,2021-06-02,2024-01-01,10
APP-KA-0156,LG-KA-0156,Revenue,PENDING,2024-02-01,,72
APP-KL-0157,LG-KL-0157,Wildlife,REJECTED,2022-05-15,2024-01-01,1
APP-MP-0158,LG-MP-0158,Environmental,PENDING,2024-10-04,,41
APP-MH-0159,LG-MH-0159,Environmental,APPROVED,2021-02-04,2024-01-01,9
APP-MN-0160,LG-MN-0160,Wildlife,PENDING,2022-08-28,,98
APP-ML-0161,LG-ML-0161,Revenue,APPROVED,2024-06-17,2024-01-01,3
APP-MZ-0162,LG-MZ-0162,Revenue,PENDING,2022-11-04,,137
APP-NL-0163,LG-NL-0163,Wildlife,PENDING,2021-06-17,,128
APP-OD-0164,LG-OD-0164,Forest,APPROVED,2021-10-02,2024-01-01,15
APP-PB-0165,LG-PB-0165,Forest,REJECTED,2023-08-20,2024-01-01,12
APP-RJ-0166,LG-RJ-0166,Environmental,PENDING,2023-09-25,,114
APP-SK-0167,LG-SK-0167,Wildlife,PENDING,2021-09-19,,107
APP-TN-0168,LG-TN-0168,Wildlife,PENDING,2021-12-10,,135
APP-TS-0169,LG-TS-0169,Environmental,PENDING,2024-10-21,,84
APP-TR-0170,LG-TR-0170,Revenue,PENDING,2024-03-29,,108
APP-UP-0171,LG-UP-0171,Environmental,PENDING,2022-12-07,,50
APP-UK-0172,LG-UK-0172,Wildlife,APPROVED,2024-06-01,2024-01-01,14
APP-WB-0173,LG-WB-0173,Environmental,APPROVED,2024-10-12,2024-01-01,2
APP-AN-0174,LG-AN-0174,Revenue,APPROVED,2024-03-23,2024-01-01,14
APP-CH-0175,LG-CH-0175,Revenue,APPROVED,2024-07-21,2024-01-01,2
APP-DH-0176,LG-DH-0176,Environmental,PENDING,2022-04-26,,127
APP-DL-0177,LG-DL-0177,Wildlife,REJECTED,2022-01-10,2024-01-01,5
APP-JK-0178,LG-JK-0178,Forest,PENDING,2022-01-19,,103
APP-LA-0179,LG-LA-0179,Environmental,PENDING,2023-08-27,,57
APP-LD-0180,LG-LD-0180,Wildlife,APPROVED,2023-04-24,2024-01-01,14
APP-PY-0181,LG-PY-0181,Wildlife,APPROVED,2021-05-27,2024-01-01,13
APP-AP-0182,LG-AP-0182,Environmental,APPROVED,2021-07-15,2024-01-01,12
APP-AR-0183,LG-AR-0183,Revenue,PENDING,2023-09-03,,146
APP-AS-0184,LG-AS-0184,Forest,APPROVED,2022-12-06,2024-01-01,0
APP-BR-0185,LG-BR-0185,Environmental,PENDING,2021-06-12,,111
APP-CG-0186,LG-CG-0186,Revenue,APPROVED,2022-08-01,2024-01-01,14
APP-GA-0187,LG-GA-0187,Forest,PENDING,2023-02-21,,90
APP-GJ-0188,LG-GJ-0188,Wildlife,PENDING,2022-03-23,,118
APP-HR-0189,LG-HR-0189,Revenue,PENDING,2021-05-03,,122
APP-HP-0190,LG-HP-0190,Environmental,APPROVED,2023-08-18,2024-01-01,12
APP-JH-0191,LG-JH-0191,Forest,APPROVED,2024-10-31,2024-01-01,3
APP-KA-0192,LG-KA-0192,Revenue,APPROVED,2021-05-26,2024-01-01,1
APP-KL-0193,LG-KL-0193,Wildlife,PENDING,2024-03-13,,94
APP-MP-0194,LG-MP-0194,Environmental,APPROVED,2023-06-01,2024-01-01,1
APP-MH-0195,LG-MH-0195,Wildlife,APPROVED,2024-02-08,2024-01-01,6
APP-MN-0196,LG-MN-0196,Environmental,PENDING,2021-04-25,,69
APP-ML-0197,LG-ML-0197,Wildlife,APPROVED,2024-03-24,2024-01-01,4
APP-MZ-0198,LG-MZ-0198,Wildlife,APPROVED,2021-07-03,2024-01-01,4
APP-NL-0199,LG-NL-0199,Wildlife,PENDING,2021-10-30,,109
APP-OD-0200,LG-OD-0200,Forest,APPROVED,2021-04-19,2024-01-01,12
APP-PB-0201,LG-PB-0201,Revenue,REJECTED,2022-05-22,2024-01-01,1
APP-RJ-0202,LG-RJ-0202,Forest,REJECTED,2023-12-03,2024-01-01,6
APP-SK-0203,LG-SK-0203,Wildlife,APPROVED,2022-10-13,2024-01-01,9
APP-TN-0204,LG-TN-0204,Wildlife,APPROVED,2024-06-17,2024-01-01,11
APP-TS-0205,LG-TS-0205,Wildlife,APPROVED,2022-04-01,2024-01-01,12
APP-TR-0206,LG-TR-0206,Forest,APPROVED,2023-12-03,2024-01-01,9
APP-UP-0207,LG-UP-0207,Environmental,PENDING,2023-08-08,,52
APP-UK-0208,LG-UK-0208,Environmental,APPROVED,2021-07-06,2024-01-01,5
APP-WB-0209,LG-WB-0209,Forest,PENDING,2022-08-15,,105
APP-AN-0210,LG-AN-0210,Environmental,APPROVED,2021-04-11,2024-01-01,3
APP-CH-0211,LG-CH-0211,Forest,APPROVED,2023-01-25,2024-01-01,6
APP-DH-0212,LG-DH-0212,Forest,APPROVED,2024-05-31,2024-01-01,9
APP-DL-0213,LG-DL-0213,Revenue,APPROVED,2024-07-29,2024-01-01,10
APP-JK-0214,LG-JK-0214,Revenue,APPROVED,2024-08-15,2024-01-01,0
APP-LA-0215,LG-LA-0215,Wildlife,APPROVED,2023-12-31,2024-01-01,7
APP-LD-0216,LG-LD-0216,Environmental,APPROVED,2023-11-03,2024-01-01,4
APP-PY-0217,LG-PY-0217,Revenue,APPROVED,2023-08-15,2024-01-01,14
APP-AP-0218,LG-AP-0218,Environmental,APPROVED,2024-03-21,2024-01-01,13
APP-AR-0219,LG-AR-0219,Wildlife,APPROVED,2023-12-29,2024-01-01,15
APP-AS-0220,LG-AS-0220,Revenue,APPROVED,2023-07-18,2024-01-01,2
APP-BR-0221,LG-BR-0221,Revenue,APPROVED,2023-06-02,2024-01-01,3
APP-CG-0222,LG-CG-0222,Revenue,REJECTED,2024-04-04,2024-01-01,9
APP-GA-0223,LG-GA-0223,Forest,APPROVED,2021-01-02,2024-01-01,5
APP-GJ-0224,LG-GJ-0224,Wildlife,APPROVED,2024-08-20,2024-01-01,5
APP-HR-0225,LG-HR-0225,Revenue,APPROVED,2024-12-29,2024-01-01,14
APP-HP-0226,LG-HP-0226,Revenue,APPROVED,2024-01-01,2024-01-01,8
APP-JH-0227,LG-JH-0227,Forest,APPROVED,2022-06-01,2024-01-01,8
APP-KA-0228,LG-KA-0228,Wildlife,APPROVED,2023-04-26,2024-01-01,15
APP-KL-0229,LG-KL-0229,Revenue,APPROVED,2021-01-25,2024-01-01,10
APP-MP-0230,LG-MP-0230,Revenue,APPROVED,2023-12-01,2024-01-01,6
APP-MH-0231,LG-MH-0231,Revenue,PENDING,2024-08-19,,50
APP-MN-0232,LG-MN-0232,Revenue,PENDING,2024-06-03,,129
APP-ML-0233,LG-ML-0233,Environmental,APPROVED,2021-01-08,2024-01-01,11
APP-MZ-0234,LG-MZ-0234,Forest,APPROVED,2024-08-19,2024-01-01,4
APP-NL-0235,LG-NL-0235,Forest,APPROVED,2021-02-03,2024-01-01,7
APP-OD-0236,LG-OD-0236,Revenue,APPROVED,2021-07-19,2024-01-01,3
APP-PB-0237,LG-PB-0237,Environmental,APPROVED,2021-12-11,2024-01-01,0
APP-RJ-0238,LG-RJ-0238,Revenue,APPROVED,2024-08-03,2024-01-01,11
APP-SK-0239,LG-SK-0239,Environmental,APPROVED,2024-09-12,2024-01-01,11
APP-TN-0240,LG-TN-0240,Wildlife,APPROVED,2023-09-21,2024-01-01,6
APP-TS-0241,LG-TS-0241,Wildlife,PENDING,2023-07-27,,51
APP-TR-0242,LG-TR-0242,Environmental,PENDING,2023-08-28,,90
APP-UP-0243,LG-UP-0243,Environmental,APPROVED,2022-03-23,2024-01-01,14
APP-UK-0244,LG-UK-0244,Environmental,APPROVED,2023-12-24,2024-01-01,11
APP-WB-0245,LG-WB-0245,Wildlife,PENDING,2021-10-11,,65
APP-AN-0246,LG-AN-0246,Environmental,PENDING,2023-01-24,,51
APP-CH-0247,LG-CH-0247,Wildlife,PENDING,2023-05-11,,105
APP-DH-0248,LG-DH-0248,Forest,PENDING,2022-08-14,,60
APP-DL-0249,LG-DL-0249,Revenue,APPROVED,2021-10-30,2024-01-01,9
APP-JK-0250,LG-JK-0250,Revenue,APPROVED,2024-02-03,2024-01-01,6
APP-LA-0251,LG-LA-0251,Wildlife,PENDING,2023-01-10,,132
APP-LD-0252,LG-LD-0252,Forest,PENDING,2023-12-12,,55
APP-PY-0253,LG-PY-0253,Environmental,APPROVED,2022-06-22,2024-01-01,11
APP-AP-0254,LG-AP-0254,Environmental,APPROVED,2022-06-16,2024-01-01,9
APP-AR-0255,LG-AR-0255,Wildlife,PENDING,2024-11-03,,73
APP-AS-0256,LG-AS-0256,Forest,APPROVED,2023-09-10,2024-01-01,9
APP-BR-0257,LG-BR-0257,Revenue,APPROVED,2024-09-13,2024-01-01,0
APP-CG-0258,LG-CG-0258,Forest,APPROVED,2021-05-20,2024-01-01,15
APP-GA-0259,LG-GA-0259,Wildlife,PENDING,2021-08-20,,66
APP-GJ-0260,LG-GJ-0260,Environmental,PENDING,2023-09-02,,124
APP-HR-0261,LG-HR-0261,Environmental,APPROVED,2022-07-25,2024-01-01,3
APP-HP-0262,LG-HP-0262,Wildlife,PENDING,2023-02-23,,94
APP-JH-0263,LG-JH-0263,Wildlife,PENDING,2023-06-26,,90
APP-KA-0264,LG-KA-0264,Revenue,APPROVED,2024-04-24,2024-01-01,13
APP-KL-0265,LG-KL-0265,Environmental,PENDING,2024-01-08,,133
APP-MP-0266,LG-MP-0266,Environmental,APPROVED,2024-01-03,2024-01-01,10
APP-MH-0267,LG-MH-0267,Revenue,APPROVED,2024-09-20,2024-01-01,13
APP-MN-0268,LG-MN-0268,Forest,PENDING,2022-10-15,,33
APP-ML-0269,LG-ML-0269,Revenue,APPROVED,2022-07-23,2024-01-01,2
APP-MZ-0270,LG-MZ-0270,Forest,PENDING,2023-10-14,,57
APP-NL-0271,LG-NL-0271,Revenue,PENDING,2022-07-23,,111
APP-OD-0272,LG-OD-0272,Environmental,APPROVED,2022-09-09,2024-01-01,8
APP-PB-0273,LG-PB-0273,Wildlife,APPROVED,2023-11-03,2024-01-01,4
APP-RJ-0274,LG-RJ-0274,Revenue,APPROVED,2024-05-01,2024-01-01,5
APP-SK-0275,LG-SK-0275,Environmental,APPROVED,2023-08-06,2024-01-01,0
APP-TN-0276,LG-TN-0276,Environmental,PENDING,2022-08-13,,67
APP-TS-0277,LG-TS-0277,Environmental,PENDING,2022-03-11,,30
APP-TR-0278,LG-TR-0278,Revenue,PENDING,2023-10-07,,148
APP-UP-0279,LG-UP-0279,Environmental,APPROVED,2024-02-13,2024-01-01,15
APP-UK-0280,LG-UK-0280,Forest,APPROVED,2022-08-05,2024-01-01,13
APP-WB-0281,LG-WB-0281,Wildlife,APPROVED,2022-10-25,2024-01-01,10
APP-AN-0282,LG-AN-0282,Revenue,PENDING,2024-01-26,,112
APP-CH-0283,LG-CH-0283,Wildlife,APPROVED,2023-11-16,2024-01-01,2
APP-DH-0284,LG-DH-0284,Wildlife,APPROVED,2023-09-06,2024-01-01,3
APP-DL-0285,LG-DL-0285,Forest,APPROVED,2023-03-16,2024-01-01,5
APP-JK-0286,LG-JK-0286,Forest,APPROVED,2023-08-01,2024-01-01,4
APP-LA-0287,LG-LA-0287,Environmental,APPROVED,2024-01-09,2024-01-01,14
APP-LD-0288,LG-LD-0288,Environmental,APPROVED,2023-10-13,2024-01-01,13
APP-PY-0289,LG-PY-0289,Forest,APPROVED,2021-02-12,2024-01-01,9
APP-AP-0290,LG-AP-0290,Environmental,APPROVED,2024-11-15,2024-01-01,0
APP-AR-0291,LG-AR-0291,Environmental,APPROVED,2022-04-04,2024-01-01,3
APP-AS-0292,LG-AS-0292,Revenue,PENDING,2023-10-18,,66
APP-BR-0293,LG-BR-0293,Environmental,PENDING,2021-10-10,,40
APP-CG-0294,LG-CG-0294,Revenue,REJECTED,2024-07-17,2024-01-01,4
APP-GA-0295,LG-GA-0295,Revenue,APPROVED,2021-06-22,2024-01-01,10
APP-GJ-0296,LG-GJ-0296,Forest,APPROVED,2023-02-03,2024-01-01,11
APP-HR-0297,LG-HR-0297,Wildlife,APPROVED,2023-07-20,2024-01-01,12
APP-HP-0298,LG-HP-0298,Environmental,APPROVED,2024-12-27,2024-01-01,3
APP-JH-0299,LG-JH-0299,Revenue,PENDING,2024-04-22,,102
APP-KA-0300,LG-KA-0300,Environmental,APPROVED,2021-07-02,2024-01-01,9
APP-KL-0301,LG-KL-0301,Environmental,REJECTED,2022-01-04,2024-01-01,10
APP-MP-0302,LG-MP-0302,Forest,PENDING,2022-06-08,,82
APP-MH-0303,LG-MH-0303,Environmental,PENDING,2023-02-28,,61
APP-MN-0304,LG-MN-0304,Environmental,REJECTED,2024-01-12,2024-01-01,15
APP-ML-0305,LG-ML-0305,Revenue,PENDING,2021-05-24,,61
APP-MZ-0306,LG-MZ-0306,Environmental,PENDING,2021-01-20,,75
APP-NL-0307,LG-NL-0307,Forest,APPROVED,2022-07-30,2024-01-01,0
APP-OD-0308,LG-OD-0308,Revenue,APPROVED,2024-03-03,2024-01-01,14
APP-PB-0309,LG-PB-0309,Environmental,APPROVED,2023-10-12,2024-01-01,7
APP-RJ-0310,LG-RJ-0310,Wildlife,APPROVED,2024-04-28,2024-01-01,3
APP-SK-0311,LG-SK-0311,Environmental,APPROVED,2021-04-23,2024-01-01,14
APP-TN-0312,LG-TN-0312,Wildlife,APPROVED,2022-01-30,2024-01-01,5
APP-TS-0313,LG-TS-0313,Forest,APPROVED,2024-05-20,2024-01-01,2
APP-TR-0314,LG-TR-0314,Forest,APPROVED,2021-11-29,2024-01-01,15
APP-UP-0315,LG-UP-0315,Forest,APPROVED,2021-03-03,2024-01-01,5
APP-UK-0316,LG-UK-0316,Forest,APPROVED,2023-07-24,2024-01-01,6
APP-WB-0317,LG-WB-0317,Environmental,APPROVED,2022-11-03,2024-01-01,5
APP-AN-0318,LG-AN-0318,Forest,APPROVED,2023-10-11,2024-01-01,11
APP-CH-0319,LG-CH-0319,Environmental,APPROVED,2023-08-16,2024-01-01,8
APP-DH-0320,LG-DH-0320,Wildlife,APPROVED,2022-07-17,2024-01-01,12
APP-DL-0321,LG-DL-0321,Environmental,PENDING,2023-11-23,,77
APP-JK-0322,LG-JK-0322,Wildlife,APPROVED,2023-04-07,2024-01-01,2
APP-LA-0323,LG-LA-0323,Environmental,APPROVED,2023-09-28,2024-01-01,5
APP-LD-0324,LG-LD-0324,Wildlife,APPROVED,2021-09-24,2024-01-01,2
APP-PY-0325,LG-PY-0325,Environmental,APPROVED,2022-12-12,2024-01-01,12
APP-AP-0326,LG-AP-0326,Environmental,REJECTED,2023-04-23,2024-01-01,14
APP-AR-0327,LG-AR-0327,Forest,REJECTED,2024-12-23,2024-01-01,5
APP-AS-0328,LG-AS-0328,Wildlife,APPROVED,2021-12-31,2024-01-01,1
APP-BR-0329,LG-BR-0329,Forest,PENDING,2022-11-22,,149
APP-CG-0330,LG-CG-0330,Environmental,APPROVED,2023-07-29,2024-01-01,5
APP-GA-0331,LG-GA-0331,Environmental,APPROVED,2023-09-15,2024-01-01,9
APP-GJ-0332,LG-GJ-0332,Revenue,PENDING,2022-05-03,,126
APP-HR-0333,LG-HR-0333,Forest,PENDING,2024-05-30,,60
APP-HP-0334,LG-HP-0334,Environmental,APPROVED,2024-07-25,2024-01-01,12
APP-JH-0335,LG-JH-0335,Wildlife,APPROVED,2023-09-12,2024-01-01,11
APP-KA-0336,LG-KA-0336,Revenue,APPROVED,2022-06-07,2024-01-01,0
APP-KL-0337,LG-KL-0337,Wildlife,PENDING,2021-07-09,,105
APP-MP-0338,LG-MP-0338,Forest,APPROVED,2023-03-27,2024-01-01,11
APP-MH-0339,LG-MH-0339,Environmental,REJECTED,2022-06-16,2024-01-01,7
APP-MN-0340,LG-MN-0340,Wildlife,PENDING,2023-02-09,,78
APP-ML-0341,LG-ML-0341,Environmental,PENDING,2021-02-22,,111
APP-MZ-0342,LG-MZ-0342,Revenue,PENDING,2023-09-03,,136
APP-NL-0343,LG-NL-0343,Wildlife,APPROVED,2024-12-04,2024-01-01,3
APP-OD-0344,LG-OD-0344,Forest,APPROVED,2022-12-04,2024-01-01,3
APP-PB-0345,LG-PB-0345,Forest,APPROVED,2023-01-18,2024-01-01,15
APP-RJ-0346,LG-RJ-0346,Wildlife,APPROVED,2023-09-07,2024-01-01,12
APP-SK-0347,LG-SK-0347,Forest,APPROVED,2021-05-28,2024-01-01,14
APP-TN-0348,LG-TN-0348,Wildlife,PENDING,2023-02-11,,49
APP-TS-0349,LG-TS-0349,Wildlife,APPROVED,2024-09-10,2024-01-01,7
APP-TR-0350,LG-TR-0350,Environmental,PENDING,2021-07-23,,126
APP-UP-0351,LG-UP-0351,Forest,PENDING,2022-02-27,,68
APP-UK-0352,LG-UK-0352,Revenue,APPROVED,2024-05-26,2024-01-01,8
APP-WB-0353,LG-WB-0353,Forest,REJECTED,2023-05-22,2024-01-01,13
APP-AN-0354,LG-AN-0354,Forest,PENDING,2022-11-06,,97
APP-CH-0355,LG-CH-0355,Environmental,APPROVED,2021-12-16,2024-01-01,11
APP-DH-0356,LG-DH-0356,Forest,REJECTED,2023-12-03,2024-01-01,2
APP-DL-0357,LG-DL-0357,Forest,APPROVED,2023-10-17,2024-01-01,1
APP-JK-0358,LG-JK-0358,Environmental,PENDING,2023-10-12,,124
APP-LA-0359,LG-LA-0359,Forest,APPROVED,2022-11-04,2024-01-01,13
APP-LD-0360,LG-LD-0360,Environmental,APPROVED,2022-07-06,2024-01-01,4
APP-PY-0361,LG-PY-0361,Forest,PENDING,2024-10-28,,49
APP-AP-0362,LG-AP-0362,Wildlife,APPROVED,2023-09-23,2024-01-01,6
APP-AR-0363,LG-AR-0363,Forest,PENDING,2021-09-28,,73
APP-AS-0364,LG-AS-0364,Wildlife,APPROVED,2021-04-08,2024-01-01,11
APP-BR-0365,LG-BR-0365,Forest,APPROVED,2023-02-01,2024-01-01,14
APP-CG-0366,LG-CG-0366,Revenue,PENDING,2024-02-22,,35
APP-GA-0367,LG-GA-0367,Revenue,APPROVED,2023-02-26,2024-01-01,9
APP-GJ-0368,LG-GJ-0368,Revenue,APPROVED,2021-09-30,2024-01-01,2
APP-HR-0369,LG-HR-0369,Forest,APPROVED,2021-12-28,2024-01-01,14
APP-HP-0370,LG-HP-0370,Wildlife,PENDING,2021-07-11,,117
APP-JH-0371,LG-JH-0371,Environmental,APPROVED,2021-07-24,2024-01-01,6
APP-KA-0372,LG-KA-0372,Forest,APPROVED,2024-01-19,2024-01-01,13
APP-KL-0373,LG-KL-0373,Forest,APPROVED,2023-01-02,2024-01-01,9
APP-MP-0374,LG-MP-0374,Forest,PENDING,2021-11-01,,41
APP-MH-0375,LG-MH-0375,Forest,PENDING,2021-10-11,,119
APP-MN-0376,LG-MN-0376,Environmental,APPROVED,2023-01-10,2024-01-01,4
APP-ML-0377,LG-ML-0377,Revenue,APPROVED,2021-11-20,2024-01-01,15
APP-MZ-0378,LG-MZ-0378,Forest,APPROVED,2023-10-28,2024-01-01,8
APP-NL-0379,LG-NL-0379,Environmental,APPROVED,2024-05-24,2024-01-01,2
APP-OD-0380,LG-OD-0380,Environmental,PENDING,2022-01-20,,75
APP-PB-0381,LG-PB-0381,Forest,APPROVED,2021-07-26,2024-01-01,6
APP-RJ-0382,LG-RJ-0382,Revenue,APPROVED,2021-03-23,2024-01-01,2
APP-SK-0383,LG-SK-0383,Wildlife,REJECTED,2022-06-13,2024-01-01,13
APP-TN-0384,LG-TN-0384,Environmental,PENDING,2021-03-29,,74
APP-TS-0385,LG-TS-0385,Forest,PENDING,2022-02-13,,111
APP-TR-0386,LG-TR-0386,Wildlife,APPROVED,2022-03-10,2024-01-01,6
APP-UP-0387,LG-UP-0387,Revenue,APPROVED,2023-09-01,2024-01-01,0
APP-UK-0388,LG-UK-0388,Environmental,APPROVED,2021-09-15,2024-01-01,11
APP-WB-0389,LG-WB-0389,Revenue,PENDING,2023-05-23,,119
APP-AN-0390,LG-AN-0390,Forest,APPROVED,2024-01-21,2024-01-01,15
APP-CH-0391,LG-CH-0391,Revenue,APPROVED,2022-06-26,2024-01-01,10
APP-DH-0392,LG-DH-0392,Wildlife,PENDING,2021-09-21,,137
APP-DL-0393,LG-DL-0393,Revenue,PENDING,2021-02-26,,54
APP-JK-0394,LG-JK-0394,Wildlife,PENDING,2024-04-01,,42
APP-LA-0395,LG-LA-0395,Environmental,APPROVED,2022-01-04,2024-01-01,5
APP-LD-0396,LG-LD-0396,Wildlife,PENDING,2021-03-02,,148
APP-PY-0397,LG-PY-0397,Forest,PENDING,2023-09-27,,143
APP-AP-0398,LG-AP-0398,Wildlife,APPROVED,2023-01-03,2024-01-01,10
APP-AR-0399,LG-AR-0399,Environmental,PENDING,2021-06-03,,45
APP-AS-0400,LG-AS-0400,Revenue,APPROVED,2022-08-06,2024-01-01,8
APP-BR-0401,LG-BR-0401,Revenue,APPROVED,2021-09-06,2024-01-01,0
APP-CG-0402,LG-CG-0402,Forest,APPROVED,2022-07-07,2024-01-01,15
APP-GA-0403,LG-GA-0403,Revenue,PENDING,2024-09-12,,127
APP-GJ-0404,LG-GJ-0404,Forest,PENDING,2022-02-20,,32
APP-HR-0405,LG-HR-0405,Revenue,PENDING,2023-03-24,,97
APP-HP-0406,LG-HP-0406,Wildlife,APPROVED,2022-05-04,2024-01-01,6
APP-JH-0407,LG-JH-0407,Forest,APPROVED,2024-11-09,2024-01-01,8
APP-KA-0408,LG-KA-0408,Revenue,APPROVED,2024-03-07,2024-01-01,15
APP-KL-0409,LG-KL-0409,Environmental,PENDING,2022-03-28,,65
APP-MP-0410,LG-MP-0410,Wildlife,APPROVED,2022-09-26,2024-01-01,4
APP-MH-0411,LG-MH-0411,Revenue,APPROVED,2022-03-22,2024-01-01,4
APP-MN-0412,LG-MN-0412,Forest,PENDING,2024-07-28,,68
APP-ML-0413,LG-ML-0413,Revenue,PENDING,2023-10-29,,130
APP-MZ-0414,LG-MZ-0414,Environmental,APPROVED,2023-08-01,2024-01-01,6
APP-NL-0415,LG-NL-0415,Environmental,PENDING,2024-07-01,,68
APP-OD-0416,LG-OD-0416,Wildlife,APPROVED,2021-10-18,2024-01-01,3
APP-PB-0417,LG-PB-0417,Forest,APPROVED,2024-06-23,2024-01-01,11
APP-RJ-0418,LG-RJ-0418,Revenue,PENDING,2022-07-25,,46
APP-SK-0419,LG-SK-0419,Revenue,REJECTED,2023-10-20,2024-01-01,3
APP-TN-0420,LG-TN-0420,Forest,APPROVED,2024-03-21,2024-01-01,1
APP-TS-0421,LG-TS-0421,Environmental,PENDING,2022-01-25,,102
APP-TR-0422,LG-TR-0422,Wildlife,PENDING,2022-05-30,,149
APP-UP-0423,LG-UP-0423,Environmental,PENDING,2024-09-20,,143
APP-UK-0424,LG-UK-0424,Wildlife,PENDING,2021-02-13,,119
APP-WB-0425,LG-WB-0425,Forest,APPROVED,2021-04-29,2024-01-01,1
APP-AN-0426,LG-AN-0426,Revenue,PENDING,2023-09-08,,141
APP-CH-0427,LG-CH-0427,Wildlife,PENDING,2022-02-21,,44
APP-DH-0428,LG-DH-0428,Environmental,APPROVED,2021-02-08,2024-01-01,10
APP-DL-0429,LG-DL-0429,Forest,PENDING,2021-08-12,,146
APP-JK-0430,LG-JK-0430,Environmental,PENDING,2022-05-29,,89
APP-LA-0431,LG-LA-0431,Wildlife,APPROVED,2021-05-12,2024-01-01,10
APP-LD-0432,LG-LD-0432,Environmental,APPROVED,2024-05-14,2024-01-01,13
APP-PY-0433,LG-PY-0433,Revenue,APPROVED,2024-06-27,2024-01-01,6
APP-AP-0434,LG-AP-0434,Forest,PENDING,2024-07-14,,72
APP-AR-0435,LG-AR-0435,Revenue,APPROVED,2022-12-22,2024-01-01,9
APP-AS-0436,LG-AS-0436,Environmental,APPROVED,2021-12-08,2024-01-01,4
APP-BR-0437,LG-BR-0437,Forest,PENDING,2024-04-26,,122
APP-CG-0438,LG-CG-0438,Forest,PENDING,2021-12-28,,35
APP-GA-0439,LG-GA-0439,Forest,APPROVED,2022-08-13,2024-01-01,3
APP-GJ-0440,LG-GJ-0440,Revenue,APPROVED,2023-05-24,2024-01-01,3
APP-HR-0441,LG-HR-0441,Wildlife,PENDING,2021-06-01,,141
APP-HP-0442,LG-HP-0442,Revenue,APPROVED,2021-01-07,2024-01-01,7
APP-JH-0443,LG-JH-0443,Wildlife,REJECTED,2023-05-10,2024-01-01,13
APP-KA-0444,LG-KA-0444,Forest,PENDING,2023-05-21,,129
APP-KL-0445,LG-KL-0445,Revenue,APPROVED,2022-12-24,2024-01-01,10
APP-MP-0446,LG-MP-0446,Revenue,APPROVED,2021-11-18,2024-01-01,2
APP-MH-0447,LG-MH-0447,Wildlife,APPROVED,2023-03-13,2024-01-01,12
APP-MN-0448,LG-MN-0448,Revenue,REJECTED,2023-03-18,2024-01-01,10
APP-ML-0449,LG-ML-0449,Wildlife,APPROVED,2023-08-28,2024-01-01,0
APP-MZ-0450,LG-MZ-0450,Environmental,PENDING,2021-06-16,,143
APP-NL-0451,LG-NL-0451,Forest,PENDING,2022-07-10,,51
APP-OD-0452,LG-OD-0452,Forest,APPROVED,2024-11-22,2024-01-01,8
APP-PB-0453,LG-PB-0453,Revenue,APPROVED,2022-02-19,2024-01-01,15
APP-RJ-0454,LG-RJ-0454,Revenue,PENDING,2021-10-08,,97
APP-SK-0455,LG-SK-0455,Wildlife,PENDING,2021-09-04,,77
APP-TN-0456,LG-TN-0456,Environmental,REJECTED,2023-10-27,2024-01-01,15
APP-TS-0457,LG-TS-0457,Environmental,APPROVED,2021-09-27,2024-01-01,10
APP-TR-0458,LG-TR-0458,Forest,APPROVED,2021-05-06,2024-01-01,0
APP-UP-0459,LG-UP-0459,Forest,APPROVED,2022-01-16,2024-01-01,9
APP-UK-0460,LG-UK-0460,Wildlife,PENDING,2022-06-16,,49
APP-WB-0461,LG-WB-0461,Wildlife,PENDING,2021-07-05,,114
APP-AN-0462,LG-AN-0462,Revenue,PENDING,2023-01-04,,106
APP-CH-0463,LG-CH-0463,Revenue,PENDING,2021-12-02,,88
APP-DH-0464,LG-DH-0464,Forest,PENDING,2021-11-12,,127
APP-DL-0465,LG-DL-0465,Environmental,APPROVED,2023-12-30,2024-01-01,12
APP-JK-0466,LG-JK-0466,Wildlife,PENDING,2022-09-30,,132
APP-LA-0467,LG-LA-0467,Wildlife,PENDING,2022-09-13,,141
APP-LD-0468,LG-LD-0468,Revenue,APPROVED,2022-07-31,2024-01-01,5
APP-PY-0469,LG-PY-0469,Wildlife,APPROVED,2024-01-01,2024-01-01,1
APP-AP-0470,LG-AP-0470,Forest,APPROVED,2023-05-16,2024-01-01,1
APP-AR-0471,LG-AR-0471,Environmental,APPROVED,2022-08-07,2024-01-01,10
APP-AS-0472,LG-AS-0472,Environmental,PENDING,2022-12-04,,110
APP-BR-0473,LG-BR-0473,Forest,APPROVED,2024-04-12,2024-01-01,12
APP-CG-0474,LG-CG-0474,Wildlife,PENDING,2024-02-01,,66
APP-GA-0475,LG-GA-0475,Forest,APPROVED,2021-07-21,2024-01-01,15
APP-GJ-0476,LG-GJ-0476,Forest,PENDING,2023-08-26,,89
APP-HR-0477,LG-HR-0477,Revenue,PENDING,2023-04-13,,133
APP-HP-0478,LG-HP-0478,Forest,PENDING,2021-08-17,,126
APP-JH-0479,LG-JH-0479,Revenue,APPROVED,2021-02-23,2024-01-01,4
APP-KA-0480,LG-KA-0480,Revenue,APPROVED,2021-01-25,2024-01-01,11
APP-KL-0481,LG-KL-0481,Forest,APPROVED,2022-09-26,2024-01-01,6
APP-MP-0482,LG-MP-0482,Revenue,PENDING,2021-04-25,,41
APP-MH-0483,LG-MH-0483,Wildlife,APPROVED,2021-07-21,2024-01-01,9
APP-MN-0484,LG-MN-0484,Revenue,APPROVED,2023-04-14,2024-01-01,14
APP-ML-0485,LG-ML-0485,Forest,PENDING,2023-06-27,,103
APP-MZ-0486,LG-MZ-0486,Wildlife,APPROVED,2024-05-04,2024-01-01,9
APP-NL-0487,LG-NL-0487,Forest,APPROVED,2021-02-09,2024-01-01,14
APP-OD-0488,LG-OD-0488,Wildlife,APPROVED,2022-05-27,2024-01-01,4
APP-PB-0489,LG-PB-0489,Forest,PENDING,2022-05-18,,71
APP-RJ-0490,LG-RJ-0490,Revenue,APPROVED,2023-03-23,2024-01-01,2
APP-SK-0491,LG-SK-0491,Revenue,PENDING,2024-08-24,,88
APP-TN-0492,LG-TN-0492,Revenue,PENDING,2022-10-23,,53
APP-TS-0493,LG-TS-0493,Wildlife,APPROVED,2022-02-18,2024-01-01,1
APP-TR-0494,LG-TR-0494,Wildlife,APPROVED,2022-03-06,2024-01-01,8
APP-UP-0495,LG-UP-0495,Environmental,PENDING,2023-06-09,,48
APP-UK-0496,LG-UK-0496,Wildlife,APPROVED,2022-08-24,2024-01-01,6
APP-WB-0497,LG-WB-0497,Environmental,APPROVED,2023-04-15,2024-01-01,15
APP-AN-0498,LG-AN-0498,Environmental,APPROVED,2024-01-11,2024-01-01,12
APP-CH-0499,LG-CH-0499,Environmental,APPROVED,2022-07-01,2024-01-01,4
APP-DH-0500,LG-DH-0500,Wildlife,PENDING,2023-04-11,,114
APP-DL-0501,LG-DL-0501,Forest,APPROVED,2021-08-16,2024-01-01,12
APP-JK-0502,LG-JK-0502,Wildlife,APPROVED,2023-12-23,2024-01-01,6
APP-LA-0503,LG-LA-0503,Forest,APPROVED,2021-06-03,2024-01-01,7
APP-LD-0504,LG-LD-0504,Wildlife,PENDING,2021-09-10,,59
APP-PY-0505,LG-PY-0505,Revenue,PENDING,2021-03-25,,60
APP-AP-0506,LG-AP-0506,Environmental,APPROVED,2022-05-31,2024-01-01,15
APP-AR-0507,LG-AR-0507,Revenue,APPROVED,2024-03-24,2024-01-01,14
APP-AS-0508,LG-AS-0508,Revenue,APPROVED,2021-07-22,2024-01-01,14
APP-BR-0509,LG-BR-0509,Environmental,PENDING,2022-12-15,,111
APP-CG-0510,LG-CG-0510,Forest,PENDING,2021-11-23,,41
APP-GA-0511,LG-GA-0511,Forest,PENDING,2022-08-25,,142
APP-GJ-0512,LG-GJ-0512,Revenue,REJECTED,2024-02-03,2024-01-01,13
APP-HR-0513,LG-HR-0513,Forest,APPROVED,2024-01-08,2024-01-01,14
APP-HP-0514,LG-HP-0514,Wildlife,APPROVED,2021-04-28,2024-01-01,4
APP-JH-0515,LG-JH-0515,Forest,APPROVED,2024-10-27,2024-01-01,5
APP-KA-0516,LG-KA-0516,Forest,PENDING,2023-04-15,,59
APP-KL-0517,LG-KL-0517,Forest,APPROVED,2021-07-15,2024-01-01,15
APP-MP-0518,LG-MP-0518,Revenue,APPROVED,2023-11-06,2024-01-01,3
APP-MH-0519,LG-MH-0519,Wildlife,PENDING,2024-09-10,,133
APP-MN-0520,LG-MN-0520,Environmental,PENDING,2023-12-05,,92
APP-ML-0521,LG-ML-0521,Environmental,APPROVED,2022-09-21,2024-01-01,13
APP-MZ-0522,LG-MZ-0522,Forest,APPROVED,2022-02-21,2024-01-01,11
APP-NL-0523,LG-NL-0523,Wildlife,PENDING,2022-07-13,,46
APP-OD-0524,LG-OD-0524,Forest,APPROVED,2024-11-24,2024-01-01,1
APP-PB-0525,LG-PB-0525,Forest,PENDING,2023-06-17,,74
APP-RJ-0526,LG-RJ-0526,Environmental,PENDING,2021-02-21,,109
APP-SK-0527,LG-SK-0527,Revenue,APPROVED,2024-03-07,2024-01-01,12
APP-TN-0528,LG-TN-0528,Environmental,PENDING,2024-01-04,,88
APP-TS-0529,LG-TS-0529,Forest,PENDING,2023-08-02,,141
APP-TR-0530,LG-TR-0530,Environmental,APPROVED,2023-07-16,2024-01-01,6
APP-UP-0531,LG-UP-0531,Environmental,APPROVED,2023-08-18,2024-01-01,0
APP-UK-0532,LG-UK-0532,Wildlife,APPROVED,2021-05-16,2024-01-01,5
APP-WB-0533,LG-WB-0533,Environmental,APPROVED,2023-02-20,2024-01-01,11
APP-AN-0534,LG-AN-0534,Revenue,PENDING,2022-08-22,,96
APP-CH-0535,LG-CH-0535,Wildlife,PENDING,2024-09-06,,72
APP-DH-0536,LG-DH-0536,Forest,APPROVED,2022-07-01,2024-01-01,2
APP-DL-0537,LG-DL-0537,Forest,APPROVED,2021-05-25,2024-01-01,2
APP-JK-0538,LG-JK-0538,Forest,APPROVED,2022-02-09,2024-01-01,6
APP-LA-0539,LG-LA-0539,Environmental,PENDING,2024-07-25,,37
APP-LD-0540,LG-LD-0540,Revenue,PENDING,2021-06-30,,99
APP-PY-0541,LG-PY-0541,Wildlife,APPROVED,2023-08-08,2024-01-01,5
APP-AP-0542,LG-AP-0542,Environmental,APPROVED,2024-01-31,2024-01-01,10
APP-AR-0543,LG-AR-0543,Environmental,PENDING,2022-09-29,,32
APP-AS-0544,LG-AS-0544,Environmental,PENDING,2024-03-28,,70
APP-BR-0545,LG-BR-0545,Wildlife,APPROVED,2021-05-18,2024-01-01,4
APP-CG-0546,LG-CG-0546,Environmental,PENDING,2023-12-09,,77
APP-GA-0547,LG-GA-0547,Environmental,APPROVED,2022-02-10,2024-01-01,13
APP-GJ-0548,LG-GJ-0548,Environmental,APPROVED,2023-10-15,2024-01-01,13
APP-HR-0549,LG-HR-0549,Forest,PENDING,2021-08-25,,49
APP-HP-0550,LG-HP-0550,Wildlife,APPROVED,2024-02-01,2024-01-01,6
APP-JH-0551,LG-JH-0551,Environmental,PENDING,2022-06-09,,125
APP-KA-0552,LG-KA-0552,Revenue,PENDING,2022-04-16,,88
APP-KL-0553,LG-KL-0553,Revenue,PENDING,2021-01-23,,39
APP-MP-0554,LG-MP-0554,Revenue,REJECTED,2021-09-04,2024-01-01,0
APP-MH-0555,LG-MH-0555,Revenue,APPROVED,2023-04-25,2024-01-01,0
APP-MN-0556,LG-MN-0556,Forest,PENDING,2024-12-10,,71
APP-ML-0557,LG-ML-0557,Environmental,PENDING,2024-10-15,,73
APP-MZ-0558,LG-MZ-0558,Wildlife,PENDING,2021-06-17,,44
APP-NL-0559,LG-NL-0559,Forest,PENDING,2022-04-08,,126
APP-OD-0560,LG-OD-0560,Revenue,APPROVED,2021-05-27,2024-01-01,13
APP-PB-0561,LG-PB-0561,Environmental,PENDING,2023-02-25,,90
APP-RJ-0562,LG-RJ-0562,Revenue,APPROVED,2022-09-27,2024-01-01,12
APP-SK-0563,LG-SK-0563,Revenue,APPROVED,2022-11-10,2024-01-01,15
APP-TN-0564,LG-TN-0564,Environmental,PENDING,2023-06-17,,41
APP-TS-0565,LG-TS-0565,Forest,PENDING,2024-09-13,,125
APP-TR-0566,LG-TR-0566,Environmental,REJECTED,2022-10-17,2024-01-01,4
APP-UP-0567,LG-UP-0567,Forest,APPROVED,2024-07-05,2024-01-01,15
APP-UK-0568,LG-UK-0568,Revenue,PENDING,2021-03-05,,139
APP-WB-0569,LG-WB-0569,Forest,APPROVED,2024-07-17,2024-01-01,11
APP-AN-0570,LG-AN-0570,Forest,APPROVED,2024-11-10,2024-01-01,6
APP-CH-0571,LG-CH-0571,Wildlife,APPROVED,2022-12-01,2024-01-01,14
APP-DH-0572,LG-DH-0572,Forest,PENDING,2023-06-15,,35
APP-DL-0573,LG-DL-0573,Environmental,PENDING,2024-02-06,,103
APP-JK-0574,LG-JK-0574,Wildlife,APPROVED,2022-03-28,2024-01-01,14
APP-LA-0575,LG-LA-0575,Revenue,PENDING,2022-12-03,,81
APP-LD-0576,LG-LD-0576,Wildlife,APPROVED,2023-03-08,2024-01-01,5
APP-PY-0577,LG-PY-0577,Environmental,PENDING,2021-07-09,,59
APP-AP-0578,LG-AP-0578,Forest,PENDING,2022-02-05,,130
APP-AR-0579,LG-AR-0579,Environmental,PENDING,2024-06-01,,66
APP-AS-0580,LG-AS-0580,Wildlife,PENDING,2022-05-30,,78
APP-BR-0581,LG-BR-0581,Environmental,APPROVED,2024-08-22,2024-01-01,7
APP-CG-0582,LG-CG-0582,Revenue,APPROVED,2022-08-26,2024-01-01,1
APP-GA-0583,LG-GA-0583,Revenue,PENDING,2021-04-15,,114
APP-GJ-0584,LG-GJ-0584,Forest,REJECTED,2021-01-25,2024-01-01,1
APP-HR-0585,LG-HR-0585,Forest,REJECTED,2023-08-19,2024-01-01,0
APP-HP-0586,LG-HP-0586,Wildlife,APPROVED,2024-02-11,2024-01-01,10
APP-JH-0587,LG-JH-0587,Forest,REJECTED,2023-08-28,2024-01-01,9
APP-KA-0588,LG-KA-0588,Environmental,APPROVED,2024-01-12,2024-01-01,1
APP-KL-0589,LG-KL-0589,Forest,APPROVED,2023-10-02,2024-01-01,3
APP-MP-0590,LG-MP-0590,Environmental,PENDING,2024-08-31,,48
APP-MH-0591,LG-MH-0591,Environmental,PENDING,2024-08-12,,34
APP-MN-0592,LG-MN-0592,Forest,APPROVED,2022-11-01,2024-01-01,1
APP-ML-0593,LG-ML-0593,Forest,PENDING,2024-06-13,,85
APP-MZ-0594,LG-MZ-0594,Forest,APPROVED,2023-08-30,2024-01-01,8
APP-NL-0595,LG-NL-0595,Revenue,PENDING,2024-01-02,,129
APP-OD-0596,LG-OD-0596,Forest,REJECTED,2022-05-18,2024-01-01,11
APP-PB-0597,LG-PB-0597,Revenue,APPROVED,2021-05-16,2024-01-01,2
APP-RJ-0598,LG-RJ-0598,Wildlife,APPROVED,2021-05-10,2024-01-01,3
APP-SK-0599,LG-SK-0599,Revenue,PENDING,2024-09-07,,32
APP-TN-0600,LG-TN-0600,Revenue,PENDING,2021-08-27,,34
APP-TS-0601,LG-TS-0601,Revenue,APPROVED,2023-12-24,2024-01-01,3
APP-TR-0602,LG-TR-0602,Revenue,APPROVED,2024-02-01,2024-01-01,13
APP-UP-0603,LG-UP-0603,Forest,APPROVED,2023-01-10,2024-01-01,7
APP-UK-0604,LG-UK-0604,Wildlife,PENDING,2022-01-30,,30
APP-WB-0605,LG-WB-0605,Environmental,PENDING,2022-04-18,,82
APP-AN-0606,LG-AN-0606,Wildlife,APPROVED,2024-09-20,2024-01-01,1
APP-CH-0607,LG-CH-0607,Wildlife,APPROVED,2022-07-27,2024-01-01,12
APP-DH-0608,LG-DH-0608,Environmental,APPROVED,2021-10-24,2024-01-01,3
APP-DL-0609,LG-DL-0609,Forest,APPROVED,2024-11-13,2024-01-01,12
APP-JK-0610,LG-JK-0610,Wildlife,APPROVED,2023-01-01,2024-01-01,13
APP-LA-0611,LG-LA-0611,Environmental,APPROVED,2024-04-18,2024-01-01,15
APP-LD-0612,LG-LD-0612,Environmental,APPROVED,2023-10-29,2024-01-01,8
APP-PY-0613,LG-PY-0613,Wildlife,PENDING,2022-04-08,,78
APP-AP-0614,LG-AP-0614,Forest,APPROVED,2022-04-15,2024-01-01,14
APP-AR-0615,LG-AR-0615,Environmental,APPROVED,2023-04-12,2024-01-01,15
APP-AS-0616,LG-AS-0616,Environmental,APPROVED,2023-11-08,2024-01-01,13
APP-BR-0617,LG-BR-0617,Environmental,PENDING,2021-06-14,,40
APP-CG-0618,LG-CG-0618,Forest,APPROVED,2022-10-03,2024-01-01,5
APP-GA-0619,LG-GA-0619,Wildlife,APPROVED,2021-01-06,2024-01-01,4
APP-GJ-0620,LG-GJ-0620,Environmental,APPROVED,2021-03-22,2024-01-01,12
APP-HR-0621,LG-HR-0621,Revenue,PENDING,2023-10-18,,122
APP-HP-0622,LG-HP-0622,Forest,PENDING,2023-01-25,,75
APP-JH-0623,LG-JH-0623,Environmental,APPROVED,2022-08-25,2024-01-01,7
APP-KA-0624,LG-KA-0624,Revenue,APPROVED,2024-10-11,2024-01-01,3
APP-KL-0625,LG-KL-0625,Environmental,APPROVED,2024-01-20,2024-01-01,13
APP-MP-0626,LG-MP-0626,Wildlife,PENDING,2023-12-11,,72
APP-MH-0627,LG-MH-0627,Wildlife,PENDING,2022-03-14,,97
APP-MN-0628,LG-MN-0628,Wildlife,APPROVED,2021-10-30,2024-01-01,1
APP-ML-0629,LG-ML-0629,Revenue,APPROVED,2024-11-21,2024-01-01,12
APP-MZ-0630,LG-MZ-0630,Forest,APPROVED,2021-12-26,2024-01-01,6
APP-NL-0631,LG-NL-0631,Environmental,APPROVED,2022-12-03,2024-01-01,1
APP-OD-0632,LG-OD-0632,Revenue,REJECTED,2022-01-08,2024-01-01,14
APP-PB-0633,LG-PB-0633,Wildlife,PENDING,2021-02-13,,102
APP-RJ-0634,LG-RJ-0634,Environmental,PENDING,2024-08-07,,137
APP-SK-0635,LG-SK-0635,Forest,APPROVED,2024-01-30,2024-01-01,0
APP-TN-0636,LG-TN-0636,Wildlife,APPROVED,2022-05-31,2024-01-01,7
APP-TS-0637,LG-TS-0637,Revenue,APPROVED,2022-02-18,2024-01-01,2
APP-TR-0638,LG-TR-0638,Environmental,PENDING,2023-06-27,,121
APP-UP-0639,LG-UP-0639,Revenue,APPROVED,2024-07-04,2024-01-01,2
APP-UK-0640,LG-UK-0640,Revenue,PENDING,2021-08-11,,46
APP-WB-0641,LG-WB-0641,Wildlife,APPROVED,2024-04-28,2024-01-01,8
APP-AN-0642,LG-AN-0642,Wildlife,APPROVED,2024-09-28,2024-01-01,5
APP-CH-0643,LG-CH-0643,Wildlife,PENDING,2021-08-24,,81
APP-DH-0644,LG-DH-0644,Environmental,APPROVED,2021-02-01,2024-01-01,10
APP-DL-0645,LG-DL-0645,Environmental,APPROVED,2021-10-12,2024-01-01,5
APP-JK-0646,LG-JK-0646,Wildlife,PENDING,2023-11-06,,110
APP-LA-0647,LG-LA-0647,Wildlife,APPROVED,2023-03-11,2024-01-01,15
APP-LD-0648,LG-LD-0648,Revenue,APPROVED,2022-02-06,2024-01-01,12
APP-PY-0649,LG-PY-0649,Forest,APPROVED,2023-02-07,2024-01-01,8
APP-AP-0650,LG-AP-0650,Revenue,APPROVED,2022-01-18,2024-01-01,11
APP-AR-0651,LG-AR-0651,Wildlife,APPROVED,2024-02-19,2024-01-01,5
APP-AS-0652,LG-AS-0652,Environmental,APPROVED,2022-10-29,2024-01-01,7
APP-BR-0653,LG-BR-0653,Forest,PENDING,2021-03-14,,60
APP-CG-0654,LG-CG-0654,Forest,APPROVED,2023-05-03,2024-01-01,15
APP-GA-0655,LG-GA-0655,Environmental,APPROVED,2022-08-13,2024-01-01,1
APP-GJ-0656,LG-GJ-0656,Wildlife,PENDING,2022-10-30,,79
APP-HR-0657,LG-HR-0657,Forest,APPROVED,2023-04-27,2024-01-01,5
APP-HP-0658,LG-HP-0658,Wildlife,PENDING,2022-09-17,,96
APP-JH-0659,LG-JH-0659,Forest,APPROVED,2023-09-18,2024-01-01,3
APP-KA-0660,LG-KA-0660,Wildlife,PENDING,2024-03-02,,132
APP-KL-0661,LG-KL-0661,Revenue,APPROVED,2024-03-28,2024-01-01,7
APP-MP-0662,LG-MP-0662,Wildlife,APPROVED,2021-01-06,2024-01-01,10
APP-MH-0663,LG-MH-0663,Wildlife,APPROVED,2023-03-25,2024-01-01,11
APP-MN-0664,LG-MN-0664,Revenue,APPROVED,2022-02-18,2024-01-01,5
APP-ML-0665,LG-ML-0665,Environmental,PENDING,2022-12-15,,56
APP-MZ-0666,LG-MZ-0666,Environmental,PENDING,2024-11-07,,46
APP-NL-0667,LG-NL-0667,Environmental,PENDING,2024-06-29,,49
APP-OD-0668,LG-OD-0668,Environmental,REJECTED,2022-10-31,2024-01-01,6
APP-PB-0669,LG-PB-0669,Environmental,REJECTED,2023-05-19,2024-01-01,4
APP-RJ-0670,LG-RJ-0670,Environmental,PENDING,2023-06-27,,58
APP-SK-0671,LG-SK-0671,Revenue,PENDING,2023-07-14,,91
APP-TN-0672,LG-TN-0672,Environmental,APPROVED,2021-09-09,2024-01-01,0
APP-TS-0673,LG-TS-0673,Revenue,APPROVED,2023-08-08,2024-01-01,8
APP-TR-0674,LG-TR-0674,Revenue,APPROVED,2022-12-29,2024-01-01,13
APP-UP-0675,LG-UP-0675,Wildlife,PENDING,2021-04-28,,45
APP-UK-0676,LG-UK-0676,Wildlife,APPROVED,2024-03-21,2024-01-01,12
APP-WB-0677,LG-WB-0677,Revenue,APPROVED,2024-02-14,2024-01-01,13
APP-AN-0678,LG-AN-0678,Forest,PENDING,2021-12-05,,114
APP-CH-0679,LG-CH-0679,Revenue,PENDING,2022-04-27,,148
APP-DH-0680,LG-DH-0680,Revenue,APPROVED,2023-12-05,2024-01-01,15
APP-DL-0681,LG-DL-0681,Environmental,APPROVED,2023-11-13,2024-01-01,8
APP-JK-0682,LG-JK-0682,Wildlife,PENDING,2021-12-29,,119
APP-LA-0683,LG-LA-0683,Environmental,APPROVED,2021-05-13,2024-01-01,7
APP-LD-0684,LG-LD-0684,Forest,APPROVED,2023-07-01,2024-01-01,6
APP-PY-0685,LG-PY-0685,Environmental,APPROVED,2023-11-13,2024-01-01,3
APP-AP-0686,LG-AP-0686,Forest,PENDING,2021-05-14,,42
APP-AR-0687,LG-AR-0687,Revenue,PENDING,2024-01-24,,73
APP-AS-0688,LG-AS-0688,Wildlife,PENDING,2023-09-06,,56
APP-BR-0689,LG-BR-0689,Wildlife,APPROVED,2021-01-16,2024-01-01,12
APP-CG-0690,LG-CG-0690,Environmental,PENDING,2022-09-29,,84
APP-GA-0691,LG-GA-0691,Environmental,APPROVED,2021-04-21,2024-01-01,5
APP-GJ-0692,LG-GJ-0692,Environmental,PENDING,2021-05-18,,43
APP-HR-0693,LG-HR-0693,Forest,PENDING,2023-06-29,,123
APP-HP-0694,LG-HP-0694,Revenue,APPROVED,2021-04-09,2024-01-01,8
APP-JH-0695,LG-JH-0695,Forest,APPROVED,2022-02-08,2024-01-01,7
APP-KA-0696,LG-KA-0696,Environmental,PENDING,2021-05-30,,79
APP-KL-0697,LG-KL-0697,Revenue,APPROVED,2021-03-15,2024-01-01,5
APP-MP-0698,LG-MP-0698,Environmental,APPROVED,2024-11-10,2024-01-01,4
APP-MH-0699,LG-MH-0699,Revenue,PENDING,2021-11-14,,78
APP-MN-0700,LG-MN-0700,Forest,PENDING,2024-04-28,,52
APP-ML-0701,LG-ML-0701,Environmental,APPROVED,2021-01-05,2024-01-01,2
APP-MZ-0702,LG-MZ-0702,Revenue,APPROVED,2022-05-15,2024-01-01,3
APP-NL-0703,LG-NL-0703,Revenue,PENDING,2024-04-19,,68
APP-OD-0704,LG-OD-0704,Wildlife,PENDING,2022-07-05,,50
APP-PB-0705,LG-PB-0705,Environmental,PENDING,2021-05-29,,46
APP-RJ-0706,LG-RJ-0706,Forest,REJECTED,2023-01-25,2024-01-01,15
APP-SK-0707,LG-SK-0707,Revenue,APPROVED,2021-12-29,2024-01-01,4
APP-TN-0708,LG-TN-0708,Wildlife,PENDING,2021-09-16,,51
APP-TS-0709,LG-TS-0709,Environmental,APPROVED,2021-01-11,2024-01-01,12
APP-TR-0710,LG-TR-0710,Environmental,APPROVED,2021-07-07,2024-01-01,1
APP-UP-0711,LG-UP-0711,Wildlife,PENDING,2024-04-30,,82
APP-UK-0712,LG-UK-0712,Forest,PENDING,2024-07-02,,75
APP-WB-0713,LG-WB-0713,Wildlife,APPROVED,2023-06-16,2024-01-01,1
APP-AN-0714,LG-AN-0714,Environmental,APPROVED,2022-04-12,2024-01-01,12
APP-CH-0715,LG-CH-0715,Environmental,PENDING,2022-11-14,,89
APP-DH-0716,LG-DH-0716,Environmental,APPROVED,2024-11-07,2024-01-01,4
APP-DL-0717,LG-DL-0717,Environmental,PENDING,2021-06-11,,86
APP-JK-0718,LG-JK-0718,Environmental,APPROVED,2024-10-12,2024-01-01,0
APP-LA-0719,LG-LA-0719,Revenue,PENDING,2022-09-07,,48
APP-LD-0720,LG-LD-0720,Forest,APPROVED,2021-05-01,2024-01-01,6
APP-PY-0721,LG-PY-0721,Revenue,APPROVED,2022-11-16,2024-01-01,5
APP-AP-0722,LG-AP-0722,Environmental,PENDING,2021-03-07,,79
APP-AR-0723,LG-AR-0723,Forest,PENDING,2024-02-27,,83
APP-AS-0724,LG-AS-0724,Environmental,PENDING,2021-02-20,,112
APP-BR-0725,LG-BR-0725,Wildlife,PENDING,2023-10-28,,101
APP-CG-0726,LG-CG-0726,Forest,REJECTED,2024-01-27,2024-01-01,5
APP-GA-0727,LG-GA-0727,Forest,APPROVED,2021-11-15,2024-01-01,0
APP-GJ-0728,LG-GJ-0728,Revenue,PENDING,2021-09-25,,143
APP-HR-0729,LG-HR-0729,Wildlife,APPROVED,2022-12-30,2024-01-01,9
APP-HP-0730,LG-HP-0730,Environmental,APPROVED,2022-07-20,2024-01-01,11
APP-JH-0731,LG-JH-0731,Wildlife,APPROVED,2021-11-10,2024-01-01,13
APP-KA-0732,LG-KA-0732,Forest,APPROVED,2023-07-19,2024-01-01,10
APP-KL-0733,LG-KL-0733,Revenue,APPROVED,2021-07-20,2024-01-01,7
APP-MP-0734,LG-MP-0734,Revenue,REJECTED,2022-06-18,2024-01-01,14
APP-MH-0735,LG-MH-0735,Revenue,PENDING,2024-07-25,,46
APP-MN-0736,LG-MN-0736,Environmental,APPROVED,2022-12-01,2024-01-01,14
APP-ML-0737,LG-ML-0737,Wildlife,APPROVED,2022-06-27,2024-01-01,13
APP-MZ-0738,LG-MZ-0738,Revenue,APPROVED,2021-12-09,2024-01-01,5
APP-NL-0739,LG-NL-0739,Wildlife,APPROVED,2024-10-17,2024-01-01,10
APP-OD-0740,LG-OD-0740,Forest,APPROVED,2024-01-05,2024-01-01,2
APP-PB-0741,LG-PB-0741,Forest,PENDING,2022-03-22,,96
APP-RJ-0742,LG-RJ-0742,Environmental,PENDING,2024-09-12,,66
APP-SK-0743,LG-SK-0743,Environmental,APPROVED,2023-08-20,2024-01-01,15
APP-TN-0744,LG-TN-0744,Forest,APPROVED,2023-10-07,2024-01-01,6
APP-TS-0745,LG-TS-0745,Forest,PENDING,2024-02-22,,135
APP-TR-0746,LG-TR-0746,Revenue,PENDING,2021-05-17,,128
APP-UP-0747,LG-UP-0747,Environmental,PENDING,2024-09-21,,132
APP-UK-0748,LG-UK-0748,Forest,APPROVED,2022-07-11,2024-01-01,1
APP-WB-0749,LG-WB-0749,Wildlife,APPROVED,2021-07-16,2024-01-01,14
APP-AN-0750,LG-AN-0750,Revenue,APPROVED,2022-01-15,2024-01-01,7
APP-CH-0751,LG-CH-0751,Revenue,PENDING,2021-03-05,,92
APP-DH-0752,LG-DH-0752,Revenue,PENDING,2023-08-09,,84
APP-DL-0753,LG-DL-0753,Forest,REJECTED,2023-03-02,2024-01-01,10
APP-JK-0754,LG-JK-0754,Wildlife,PENDING,2022-02-27,,61
APP-LA-0755,LG-LA-0755,Wildlife,PENDING,2021-09-06,,63
APP-LD-0756,LG-LD-0756,Wildlife,PENDING,2022-03-24,,46
APP-PY-0757,LG-PY-0757,Revenue,PENDING,2024-12-24,,78
APP-AP-0758,LG-AP-0758,Forest,PENDING,2023-08-04,,150
APP-AR-0759,LG-AR-0759,Forest,APPROVED,2023-01-30,2024-01-01,9
APP-AS-0760,LG-AS-0760,Forest,PENDING,2024-09-09,,143
APP-BR-0761,LG-BR-0761,Forest,APPROVED,2021-04-30,2024-01-01,14
APP-CG-0762,LG-CG-0762,Wildlife,APPROVED,2021-10-07,2024-01-01,14
APP-GA-0763,LG-GA-0763,Revenue,APPROVED,2024-06-02,2024-01-01,15
APP-GJ-0764,LG-GJ-0764,Revenue,APPROVED,2021-02-03,2024-01-01,14
APP-HR-0765,LG-HR-0765,Environmental,APPROVED,2022-06-25,2024-01-01,5
APP-HP-0766,LG-HP-0766,Environmental,PENDING,2021-10-29,,97
APP-JH-0767,LG-JH-0767,Revenue,APPROVED,2023-09-20,2024-01-01,3
APP-KA-0768,LG-KA-0768,Forest,APPROVED,2021-11-03,2024-01-01,0
APP-KL-0769,LG-KL-0769,Forest,PENDING,2023-10-20,,130
APP-MP-0770,LG-MP-0770,Wildlife,APPROVED,2023-04-29,2024-01-01,11
APP-MH-0771,LG-MH-0771,Wildlife,APPROVED,2022-03-24,2024-01-01,5
APP-MN-0772,LG-MN-0772,Forest,APPROVED,2024-08-16,2024-01-01,2
APP-ML-0773,LG-ML-0773,Environmental,APPROVED,2024-01-08,2024-01-01,12
APP-MZ-0774,LG-MZ-0774,Wildlife,PENDING,2023-06-25,,122
APP-NL-0775,LG-NL-0775,Wildlife,APPROVED,2021-04-04,2024-01-01,4
APP-OD-0776,LG-OD-0776,Forest,APPROVED,2021-04-27,2024-01-01,10
APP-PB-0777,LG-PB-0777,Wildlife,PENDING,2024-02-01,,50
APP-RJ-0778,LG-RJ-0778,Forest,PENDING,2023-03-01,,80
APP-SK-0779,LG-SK-0779,Wildlife,PENDING,2022-04-08,,144
APP-TN-0780,LG-TN-0780,Wildlife,APPROVED,2022-06-30,2024-01-01,7
APP-TS-0781,LG-TS-0781,Revenue,PENDING,2023-02-27,,115
APP-TR-0782,LG-TR-0782,Revenue,APPROVED,2024-06-18,2024-01-01,11
APP-UP-0783,LG-UP-0783,Environmental,APPROVED,2022-05-12,2024-01-01,8
APP-UK-0784,LG-UK-0784,Environmental,APPROVED,2021-12-02,2024-01-01,7
APP-WB-0785,LG-WB-0785,Revenue,APPROVED,2023-08-29,2024-01-01,0
APP-AN-0786,LG-AN-0786,Wildlife,REJECTED,2021-02-05,2024-01-01,0
APP-CH-0787,LG-CH-0787,Wildlife,APPROVED,2021-04-08,2024-01-01,12
APP-DH-0788,LG-DH-0788,Wildlife,APPROVED,2023-06-13,2024-01-01,0
APP-DL-0789,LG-DL-0789,Forest,APPROVED,2021-12-16,2024-01-01,3
APP-JK-0790,LG-JK-0790,Revenue,APPROVED,2023-08-26,2024-01-01,10
APP-LA-0791,LG-LA-0791,Wildlife,PENDING,2022-11-03,,69
APP-LD-0792,LG-LD-0792,Forest,APPROVED,2021-08-18,2024-01-01,1
APP-PY-0793,LG-PY-0793,Wildlife,PENDING,2022-05-06,,99
APP-AP-0794,LG-AP-0794,Forest,PENDING,2022-11-01,,67
APP-AR-0795,LG-AR-0795,Environmental,APPROVED,2022-04-05,2024-01-01,0
APP-AS-0796,LG-AS-0796,Revenue,PENDING,2024-12-22,,109
APP-BR-0797,LG-BR-0797,Forest,PENDING,2022-11-04,,68
APP-CG-0798,LG-CG-0798,Forest,APPROVED,2022-11-05,2024-01-01,0
APP-GA-0799,LG-GA-0799,Environmental,PENDING,2022-07-18,,77
APP-GJ-0800,LG-GJ-0800,Environmental,PENDING,2024-01-08,,31
APP-HR-0801,LG-HR-0801,Forest,PENDING,2021-03-28,,81
APP-HP-0802,LG-HP-0802,Environmental,APPROVED,2024-11-14,2024-01-01,11
APP-JH-0803,LG-JH-0803,Wildlife,APPROVED,2021-08-25,2024-01-01,0
APP-KA-0804,LG-KA-0804,Forest,APPROVED,2022-06-07,2024-01-01,10
APP-KL-0805,LG-KL-0805,Revenue,APPROVED,2021-01-03,2024-01-01,14
APP-MP-0806,LG-MP-0806,Revenue,APPROVED,2024-11-24,2024-01-01,11
APP-MH-0807,LG-MH-0807,Environmental,REJECTED,2024-08-07,2024-01-01,15
APP-MN-0808,LG-MN-0808,Forest,APPROVED,2021-07-13,2024-01-01,12
APP-ML-0809,LG-ML-0809,Forest,APPROVED,2021-03-13,2024-01-01,8
APP-MZ-0810,LG-MZ-0810,Revenue,APPROVED,2021-10-23,2024-01-01,2
APP-NL-0811,LG-NL-0811,Wildlife,APPROVED,2021-08-09,2024-01-01,5
APP-OD-0812,LG-OD-0812,Environmental,PENDING,2022-02-07,,33
APP-PB-0813,LG-PB-0813,Wildlife,APPROVED,2021-03-26,2024-01-01,3
APP-RJ-0814,LG-RJ-0814,Revenue,PENDING,2022-04-07,,126
APP-SK-0815,LG-SK-0815,Environmental,PENDING,2023-02-09,,116
APP-TN-0816,LG-TN-0816,Revenue,REJECTED,2022-10-17,2024-01-01,15
APP-TS-0817,LG-TS-0817,Forest,APPROVED,2022-07-06,2024-01-01,2
APP-TR-0818,LG-TR-0818,Wildlife,APPROVED,2022-04-17,2024-01-01,10
APP-UP-0819,LG-UP-0819,Wildlife,APPROVED,2021-01-30,2024-01-01,7
APP-UK-0820,LG-UK-0820,Revenue,PENDING,2023-02-27,,99
APP-WB-0821,LG-WB-0821,Revenue,APPROVED,2024-04-22,2024-01-01,8
APP-AN-0822,LG-AN-0822,Wildlife,PENDING,2021-05-21,,85
APP-CH-0823,LG-CH-0823,Forest,PENDING,2021-07-07,,34
APP-DH-0824,LG-DH-0824,Forest,APPROVED,2022-10-01,2024-01-01,10
APP-DL-0825,LG-DL-0825,Forest,APPROVED,2023-03-26,2024-01-01,4
APP-JK-0826,LG-JK-0826,Revenue,PENDING,2021-05-21,,113
APP-LA-0827,LG-LA-0827,Forest,PENDING,2021-01-15,,50
APP-LD-0828,LG-LD-0828,Revenue,REJECTED,2022-12-21,2024-01-01,9
APP-PY-0829,LG-PY-0829,Forest,PENDING,2022-09-14,,44
APP-AP-0830,LG-AP-0830,Forest,PENDING,2024-09-13,,89
APP-AR-0831,LG-AR-0831,Environmental,APPROVED,2021-05-13,2024-01-01,5
APP-AS-0832,LG-AS-0832,Forest,PENDING,2021-04-15,,43
APP-BR-0833,LG-BR-0833,Wildlife,APPROVED,2021-08-28,2024-01-01,4
APP-CG-0834,LG-CG-0834,Wildlife,PENDING,2022-11-05,,96
APP-GA-0835,LG-GA-0835,Forest,APPROVED,2021-08-16,2024-01-01,15
APP-GJ-0836,LG-GJ-0836,Forest,PENDING,2023-01-21,,50
APP-HR-0837,LG-HR-0837,Environmental,APPROVED,2023-03-08,2024-01-01,13
APP-HP-0838,LG-HP-0838,Environmental,PENDING,2023-12-07,,58
APP-JH-0839,LG-JH-0839,Environmental,APPROVED,2023-02-12,2024-01-01,0
APP-KA-0840,LG-KA-0840,Wildlife,PENDING,2023-05-20,,72
APP-KL-0841,LG-KL-0841,Wildlife,APPROVED,2024-10-07,2024-01-01,4
APP-MP-0842,LG-MP-0842,Environmental,APPROVED,2023-09-12,2024-01-01,9
APP-MH-0843,LG-MH-0843,Forest,APPROVED,2023-12-18,2024-01-01,4
APP-MN-0844,LG-MN-0844,Wildlife,APPROVED,2023-01-04,2024-01-01,7
APP-ML-0845,LG-ML-0845,Wildlife,APPROVED,2021-10-24,2024-01-01,15
APP-MZ-0846,LG-MZ-0846,Wildlife,PENDING,2022-03-07,,136
APP-NL-0847,LG-NL-0847,Environmental,APPROVED,2023-02-01,2024-01-01,6
APP-OD-0848,LG-OD-0848,Wildlife,PENDING,2022-01-13,,148
APP-PB-0849,LG-PB-0849,Environmental,REJECTED,2022-06-04,2024-01-01,7
APP-RJ-0850,LG-RJ-0850,Forest,APPROVED,2022-10-28,2024-01-01,3
APP-SK-0851,LG-SK-0851,Wildlife,PENDING,2021-12-18,,68
APP-TN-0852,LG-TN-0852,Revenue,PENDING,2021-12-18,,54
APP-TS-0853,LG-TS-0853,Revenue,APPROVED,2021-05-02,2024-01-01,6
APP-TR-0854,LG-TR-0854,Forest,APPROVED,2024-01-06,2024-01-01,1
APP-UP-0855,LG-UP-0855,Revenue,PENDING,2021-06-04,,109
APP-UK-0856,LG-UK-0856,Environmental,APPROVED,2022-07-16,2024-01-01,0
APP-WB-0857,LG-WB-0857,Wildlife,PENDING,2022-12-26,,92
APP-AN-0858,LG-AN-0858,Revenue,APPROVED,2024-01-22,2024-01-01,15
APP-CH-0859,LG-CH-0859,Revenue,APPROVED,2022-12-27,2024-01-01,11
APP-DH-0860,LG-DH-0860,Wildlife,APPROVED,2021-02-06,2024-01-01,5
APP-DL-0861,LG-DL-0861,Revenue,APPROVED,2023-07-05,2024-01-01,2
APP-JK-0862,LG-JK-0862,Environmental,APPROVED,2021-01-01,2024-01-01,0
APP-LA-0863,LG-LA-0863,Environmental,PENDING,2022-09-03,,71
APP-LD-0864,LG-LD-0864,Environmental,REJECTED,2024-12-31,2024-01-01,6
APP-PY-0865,LG-PY-0865,Wildlife,PENDING,2023-03-08,,139
APP-AP-0866,LG-AP-0866,Revenue,APPROVED,2021-07-24,2024-01-01,8
APP-AR-0867,LG-AR-0867,Revenue,APPROVED,2021-01-23,2024-01-01,14
APP-AS-0868,LG-AS-0868,Wildlife,PENDING,2024-07-05,,98
APP-BR-0869,LG-BR-0869,Wildlife,PENDING,2022-03-11,,126
APP-CG-0870,LG-CG-0870,Wildlife,PENDING,2024-06-01,,32
APP-GA-0871,LG-GA-0871,Wildlife,APPROVED,2024-04-27,2024-01-01,15
APP-GJ-0872,LG-GJ-0872,Revenue,PENDING,2023-03-05,,138
APP-HR-0873,LG-HR-0873,Wildlife,APPROVED,2024-01-22,2024-01-01,6
APP-HP-0874,LG-HP-0874,Revenue,APPROVED,2024-02-25,2024-01-01,5
APP-JH-0875,LG-JH-0875,Wildlife,PENDING,2024-05-16,,54
APP-KA-0876,LG-KA-0876,Forest,PENDING,2021-04-22,,116
APP-KL-0877,LG-KL-0877,Revenue,PENDING,2021-10-18,,35
APP-MP-0878,LG-MP-0878,Revenue,APPROVED,2024-02-01,2024-01-01,5
APP-MH-0879,LG-MH-0879,Environmental,APPROVED,2021-08-14,2024-01-01,5
APP-MN-0880,LG-MN-0880,Forest,PENDING,2022-11-16,,82
APP-ML-0881,LG-ML-0881,Revenue,APPROVED,2023-04-10,2024-01-01,1
APP-MZ-0882,LG-MZ-0882,Revenue,APPROVED,2023-03-31,2024-01-01,12
APP-NL-0883,LG-NL-0883,Revenue,APPROVED,2023-04-16,2024-01-01,5
APP-OD-0884,LG-OD-0884,Wildlife,APPROVED,2024-04-09,2024-01-01,14
APP-PB-0885,LG-PB-0885,Environmental,PENDING,2024-05-30,,67
APP-RJ-0886,LG-RJ-0886,Wildlife,APPROVED,2024-08-28,2024-01-01,4
APP-SK-0887,LG-SK-0887,Revenue,PENDING,2022-11-06,,101
APP-TN-0888,LG-TN-0888,Environmental,PENDING,2021-06-24,,69
APP-TS-0889,LG-TS-0889,Environmental,APPROVED,2023-04-09,2024-01-01,5
APP-TR-0890,LG-TR-0890,Wildlife,PENDING,2022-08-25,,140
APP-UP-0891,LG-UP-0891,Revenue,APPROVED,2024-07-13,2024-01-01,2
APP-UK-0892,LG-UK-0892,Environmental,PENDING,2021-07-15,,36
APP-WB-0893,LG-WB-0893,Forest,REJECTED,2024-05-22,2024-01-01,11
APP-AN-0894,LG-AN-0894,Wildlife,REJECTED,2021-07-05,2024-01-01,9
APP-CH-0895,LG-CH-0895,Environmental,APPROVED,2024-05-06,2024-01-01,6
APP-DH-0896,LG-DH-0896,Forest,APPROVED,2023-03-29,2024-01-01,15
APP-DL-0897,LG-DL-0897,Revenue,PENDING,2024-10-22,,83
APP-JK-0898,LG-JK-0898,Environmental,APPROVED,2023-01-15,2024-01-01,6
APP-LA-0899,LG-LA-0899,Environmental,APPROVED,2021-04-01,2024-01-01,3
APP-LD-0900,LG-LD-0900,Revenue,PENDING,2023-01-30,,147
APP-PY-0901,LG-PY-0901,Wildlife,APPROVED,2024-05-23,2024-01-01,11
APP-AP-0902,LG-AP-0902,Forest,APPROVED,2023-01-30,2024-01-01,9
APP-AR-0903,LG-AR-0903,Wildlife,APPROVED,2021-05-09,2024-01-01,1
APP-AS-0904,LG-AS-0904,Wildlife,APPROVED,2022-06-28,2024-01-01,3
APP-BR-0905,LG-BR-0905,Wildlife,PENDING,2023-05-30,,36
APP-CG-0906,LG-CG-0906,Revenue,PENDING,2021-07-25,,63
APP-GA-0907,LG-GA-0907,Forest,APPROVED,2024-04-30,2024-01-01,0
APP-GJ-0908,LG-GJ-0908,Forest,APPROVED,2022-09-01,2024-01-01,12
APP-HR-0909,LG-HR-0909,Environmental,REJECTED,2022-08-06,2024-01-01,13
APP-HP-0910,LG-HP-0910,Wildlife,PENDING,2022-03-01,,131
APP-JH-0911,LG-JH-0911,Wildlife,PENDING,2021-12-09,,143
APP-KA-0912,LG-KA-0912,Wildlife,PENDING,2024-04-17,,34
APP-KL-0913,LG-KL-0913,Environmental,APPROVED,2022-08-31,2024-01-01,3
APP-MP-0914,LG-MP-0914,Wildlife,PENDING,2021-10-09,,38
APP-MH-0915,LG-MH-0915,Revenue,REJECTED,2024-01-25,2024-01-01,14
APP-MN-0916,LG-MN-0916,Environmental,PENDING,2022-07-06,,137
APP-ML-0917,LG-ML-0917,Revenue,PENDING,2024-11-02,,90
APP-MZ-0918,LG-MZ-0918,Wildlife,APPROVED,2024-10-31,2024-01-01,9
APP-NL-0919,LG-NL-0919,Environmental,PENDING,2021-05-11,,99
APP-OD-0920,LG-OD-0920,Revenue,APPROVED,2021-05-16,2024-01-01,0
APP-PB-0921,LG-PB-0921,Revenue,APPROVED,2024-08-04,2024-01-01,8
APP-RJ-0922,LG-RJ-0922,Revenue,PENDING,2022-07-29,,108
APP-SK-0923,LG-SK-0923,Forest,APPROVED,2023-12-06,2024-01-01,13
APP-TN-0924,LG-TN-0924,Environmental,PENDING,2021-07-22,,89
APP-TS-0925,LG-TS-0925,Wildlife,PENDING,2023-05-11,,116
APP-TR-0926,LG-TR-0926,Forest,APPROVED,2021-04-24,2024-01-01,2
APP-UP-0927,LG-UP-0927,Forest,PENDING,2023-10-09,,32
APP-UK-0928,LG-UK-0928,Environmental,APPROVED,2022-11-15,2024-01-01,15
APP-WB-0929,LG-WB-0929,Wildlife,APPROVED,2024-02-11,2024-01-01,1
APP-AN-0930,LG-AN-0930,Revenue,APPROVED,2022-11-24,2024-01-01,14
APP-CH-0931,LG-CH-0931,Environmental,APPROVED,2023-11-09,2024-01-01,6
APP-DH-0932,LG-DH-0932,Revenue,PENDING,2023-07-04,,33
APP-DL-0933,LG-DL-0933,Wildlife,APPROVED,2023-09-10,2024-01-01,7
APP-JK-0934,LG-JK-0934,Forest,APPROVED,2022-09-16,2024-01-01,13
APP-LA-0935,LG-LA-0935,Revenue,PENDING,2022-12-09,,31
APP-LD-0936,LG-LD-0936,Forest,APPROVED,2022-07-15,2024-01-01,12
APP-PY-0937,LG-PY-0937,Wildlife,APPROVED,2024-03-23,2024-01-01,13
APP-AP-0938,LG-AP-0938,Forest,APPROVED,2021-09-20,2024-01-01,13
APP-AR-0939,LG-AR-0939,Forest,APPROVED,2022-08-25,2024-01-01,12
APP-AS-0940,LG-AS-0940,Environmental,APPROVED,2023-02-21,2024-01-01,6
APP-BR-0941,LG-BR-0941,Forest,PENDING,2022-07-10,,38
APP-CG-0942,LG-CG-0942,Revenue,APPROVED,2021-08-23,2024-01-01,0
APP-GA-0943,LG-GA-0943,Forest,APPROVED,2021-04-16,2024-01-01,13
APP-GJ-0944,LG-GJ-0944,Forest,APPROVED,2023-04-11,2024-01-01,2
APP-HR-0945,LG-HR-0945,Environmental,REJECTED,2022-11-18,2024-01-01,12
APP-HP-0946,LG-HP-0946,Environmental,APPROVED,2023-11-30,2024-01-01,11
APP-JH-0947,LG-JH-0947,Revenue,APPROVED,2021-07-26,2024-01-01,10
APP-KA-0948,LG-KA-0948,Wildlife,APPROVED,2023-05-27,2024-01-01,7
APP-KL-0949,LG-KL-0949,Environmental,PENDING,2023-02-25,,109
APP-MP-0950,LG-MP-0950,Revenue,REJECTED,2022-07-09,2024-01-01,7
APP-MH-0951,LG-MH-0951,Environmental,PENDING,2024-08-05,,82
APP-MN-0952,LG-MN-0952,Environmental,APPROVED,2023-05-01,2024-01-01,7
APP-ML-0953,LG-ML-0953,Wildlife,APPROVED,2024-01-04,2024-01-01,6
APP-MZ-0954,LG-MZ-0954,Revenue,APPROVED,2021-12-03,2024-01-01,2
APP-NL-0955,LG-NL-0955,Environmental,PENDING,2023-04-24,,44
APP-OD-0956,LG-OD-0956,Wildlife,APPROVED,2023-05-09,2024-01-01,15
APP-PB-0957,LG-PB-0957,Wildlife,APPROVED,2024-09-08,2024-01-01,3
APP-RJ-0958,LG-RJ-0958,Environmental,APPROVED,2023-10-25,2024-01-01,15
APP-SK-0959,LG-SK-0959,Wildlife,APPROVED,2023-10-12,2024-01-01,0
APP-TN-0960,LG-TN-0960,Wildlife,APPROVED,2022-10-12,2024-01-01,6
APP-TS-0961,LG-TS-0961,Wildlife,APPROVED,2022-08-10,2024-01-01,13
APP-TR-0962,LG-TR-0962,Wildlife,APPROVED,2021-06-03,2024-01-01,12
APP-UP-0963,LG-UP-0963,Forest,APPROVED,2023-06-06,2024-01-01,12
APP-UK-0964,LG-UK-0964,Wildlife,REJECTED,2024-09-01,2024-01-01,3
APP-WB-0965,LG-WB-0965,Forest,APPROVED,2023-09-23,2024-01-01,5
APP-AN-0966,LG-AN-0966,Environmental,APPROVED,2022-09-01,2024-01-01,7
APP-CH-0967,LG-CH-0967,Forest,PENDING,2023-12-23,,33
APP-DH-0968,LG-DH-0968,Environmental,PENDING,2021-06-08,,52
APP-DL-0969,LG-DL-0969,Wildlife,REJECTED,2024-12-25,2024-01-01,0
APP-JK-0970,LG-JK-0970,Wildlife,APPROVED,2022-01-18,2024-01-01,10
APP-LA-0971,LG-LA-0971,Forest,PENDING,2022-04-02,,111
APP-LD-0972,LG-LD-0972,Revenue,PENDING,2022-05-08,,61
APP-PY-0973,LG-PY-0973,Revenue,PENDING,2024-02-28,,53
APP-AP-0974,LG-AP-0974,Environmental,APPROVED,2023-03-15,2024-01-01,9
APP-AR-0975,LG-AR-0975,Revenue,PENDING,2023-08-31,,30
APP-AS-0976,LG-AS-0976,Wildlife,APPROVED,2024-05-22,2024-01-01,8
APP-BR-0977,LG-BR-0977,Environmental,APPROVED,2021-01-01,2024-01-01,9
APP-CG-0978,LG-CG-0978,Wildlife,APPROVED,2022-02-06,2024-01-01,13
APP-GA-0979,LG-GA-0979,Wildlife,APPROVED,2021-05-03,2024-01-01,6
APP-GJ-0980,LG-GJ-0980,Wildlife,APPROVED,2022-08-06,2024-01-01,10
APP-HR-0981,LG-HR-0981,Wildlife,PENDING,2024-09-11,,82
APP-HP-0982,LG-HP-0982,Wildlife,APPROVED,2022-12-25,2024-01-01,5
APP-JH-0983,LG-JH-0983,Wildlife,PENDING,2024-06-10,,110
APP-KA-0984,LG-KA-0984,Forest,APPROVED,2021-04-22,2024-01-01,8
APP-KL-0985,LG-KL-0985,Wildlife,APPROVED,2022-02-06,2024-01-01,14
APP-MP-0986,LG-MP-0986,Wildlife,APPROVED,2022-08-23,2024-01-01,12
APP-MH-0987,LG-MH-0987,Forest,APPROVED,2021-08-20,2024-01-01,12
APP-MN-0988,LG-MN-0988,Revenue,PENDING,2021-12-07,,144
APP-ML-0989,LG-ML-0989,Wildlife,APPROVED,2022-06-20,2024-01-01,3
APP-MZ-0990,LG-MZ-0990,Revenue,APPROVED,2022-08-09,2024-01-01,6
APP-NL-0991,LG-NL-0991,Environmental,APPROVED,2024-08-02,2024-01-01,1
APP-OD-0992,LG-OD-0992,Forest,REJECTED,2023-05-19,2024-01-01,6
APP-PB-0993,LG-PB-0993,Forest,APPROVED,2024-08-11,2024-01-01,3
APP-RJ-0994,LG-RJ-0994,Forest,PENDING,2023-09-21,,62
APP-SK-0995,LG-SK-0995,Forest,APPROVED,2022-05-04,2024-01-01,15
APP-TN-0996,LG-TN-0996,Revenue,APPROVED,2024-08-29,2024-01-01,15
APP-TS-0997,LG-TS-0997,Wildlife,APPROVED,2021-09-04,2024-01-01,7
APP-TR-0998,LG-TR-0998,Environmental,PENDING,2023-02-17,,88
APP-UP-0999,LG-UP-0999,Wildlife,APPROVED,2022-11-05,2024-01-01,11
APP-UK-1000,LG-UK-1000,Wildlife,APPROVED,2022-08-15,2024-01-01,12
APP-WB-1001,LG-WB-1001,Environmental,APPROVED,2023-04-15,2024-01-01,1
APP-AN-1002,LG-AN-1002,Forest,APPROVED,2024-04-21,2024-01-01,10
APP-CH-1003,LG-CH-1003,Revenue,APPROVED,2024-05-03,2024-01-01,8
APP-DH-1004,LG-DH-1004,Environmental,APPROVED,2023-06-28,2024-01-01,11
APP-DL-1005,LG-DL-1005,Wildlife,PENDING,2021-05-31,,149
APP-JK-1006,LG-JK-1006,Wildlife,APPROVED,2024-05-26,2024-01-01,15
APP-LA-1007,LG-LA-1007,Wildlife,APPROVED,2021-02-20,2024-01-01,14
APP-LD-1008,LG-LD-1008,Wildlife,PENDING,2022-01-19,,91
APP-PY-1009,LG-PY-1009,Environmental,PENDING,2021-02-20,,135
APP-AP-1010,LG-AP-1010,Revenue,APPROVED,2023-12-13,2024-01-01,14
APP-AR-1011,LG-AR-1011,Wildlife,PENDING,2021-05-11,,107
APP-AS-1012,LG-AS-1012,Environmental,PENDING,2022-06-20,,119
APP-BR-1013,LG-BR-1013,Environmental,APPROVED,2023-10-13,2024-01-01,8
APP-CG-1014,LG-CG-1014,Revenue,APPROVED,2022-02-11,2024-01-01,10
APP-GA-1015,LG-GA-1015,Environmental,PENDING,2021-11-22,,75
APP-GJ-1016,LG-GJ-1016,Forest,PENDING,2021-12-05,,138
APP-HR-1017,LG-HR-1017,Forest,APPROVED,2021-08-14,2024-01-01,14
APP-HP-1018,LG-HP-1018,Forest,APPROVED,2021-07-25,2024-01-01,13
APP-JH-1019,LG-JH-1019,Revenue,APPROVED,2024-10-18,2024-01-01,11
APP-KA-1020,LG-KA-1020,Wildlife,PENDING,2023-05-02,,62
APP-KL-1021,LG-KL-1021,Environmental,REJECTED,2024-06-26,2024-01-01,9
APP-MP-1022,LG-MP-1022,Environmental,PENDING,2021-12-21,,48
APP-MH-1023,LG-MH-1023,Forest,PENDING,2023-08-24,,112
APP-MN-1024,LG-MN-1024,Environmental,PENDING,2021-09-01,,146
APP-ML-1025,LG-ML-1025,Wildlife,APPROVED,2024-06-20,2024-01-01,3
APP-MZ-1026,LG-MZ-1026,Environmental,PENDING,2021-06-15,,143
APP-NL-1027,LG-NL-1027,Forest,APPROVED,2024-08-21,2024-01-01,13
APP-OD-1028,LG-OD-1028,Forest,PENDING,2022-07-30,,117
APP-PB-1029,LG-PB-1029,Wildlife,APPROVED,2024-10-25,2024-01-01,5
APP-RJ-1030,LG-RJ-1030,Environmental,PENDING,2024-02-23,,109
APP-SK-1031,LG-SK-1031,Forest,APPROVED,2024-05-13,2024-01-01,11
APP-TN-1032,LG-TN-1032,Wildlife,APPROVED,2021-07-21,2024-01-01,2
APP-TS-1033,LG-TS-1033,Revenue,PENDING,2023-07-26,,91
APP-TR-1034,LG-TR-1034,Forest,APPROVED,2021-01-07,2024-01-01,4
APP-UP-1035,LG-UP-1035,Forest,APPROVED,2022-06-26,2024-01-01,0
APP-UK-1036,LG-UK-1036,Environmental,APPROVED,2024-09-05,2024-01-01,15
APP-WB-1037,LG-WB-1037,Revenue,APPROVED,2021-01-20,2024-01-01,14
APP-AN-1038,LG-AN-1038,Environmental,PENDING,2024-03-21,,93
APP-CH-1039,LG-CH-1039,Revenue,APPROVED,2022-05-11,2024-01-01,9
APP-DH-1040,LG-DH-1040,Forest,PENDING,2023-09-14,,71
APP-DL-1041,LG-DL-1041,Revenue,APPROVED,2024-12-18,2024-01-01,10
APP-JK-1042,LG-JK-1042,Forest,APPROVED,2024-06-27,2024-01-01,3
APP-LA-1043,LG-LA-1043,Revenue,APPROVED,2023-08-22,2024-01-01,4
APP-LD-1044,LG-LD-1044,Revenue,PENDING,2023-04-24,,127
APP-PY-1045,LG-PY-1045,Revenue,PENDING,2022-09-23,,43
APP-AP-1046,LG-AP-1046,Revenue,PENDING,2022-09-07,,79
APP-AR-1047,LG-AR-1047,Forest,APPROVED,2024-04-09,2024-01-01,0
APP-AS-1048,LG-AS-1048,Wildlife,APPROVED,2021-12-30,2024-01-01,13
APP-BR-1049,LG-BR-1049,Environmental,APPROVED,2021-10-01,2024-01-01,7
APP-CG-1050,LG-CG-1050,Wildlife,APPROVED,2022-11-04,2024-01-01,6
APP-GA-1051,LG-GA-1051,Environmental,APPROVED,2022-06-13,2024-01-01,0
APP-GJ-1052,LG-GJ-1052,Revenue,APPROVED,2021-01-01,2024-01-01,13
APP-HR-1053,LG-HR-1053,Revenue,PENDING,2022-04-15,,34
APP-HP-1054,LG-HP-1054,Forest,APPROVED,2022-09-09,2024-01-01,0
APP-JH-1055,LG-JH-1055,Wildlife,APPROVED,2024-08-21,2024-01-01,15
APP-KA-1056,LG-KA-1056,Forest,APPROVED,2024-05-03,2024-01-01,7
APP-KL-1057,LG-KL-1057,Revenue,APPROVED,2023-08-03,2024-01-01,8
APP-MP-1058,LG-MP-1058,Wildlife,PENDING,2021-02-26,,89
APP-MH-1059,LG-MH-1059,Forest,PENDING,2021-05-02,,60
APP-MN-1060,LG-MN-1060,Environmental,REJECTED,2021-09-24,2024-01-01,2
APP-ML-1061,LG-ML-1061,Revenue,APPROVED,2023-03-29,2024-01-01,9
APP-MZ-1062,LG-MZ-1062,Revenue,APPROVED,2024-10-06,2024-01-01,0
APP-NL-1063,LG-NL-1063,Wildlife,PENDING,2021-02-05,,78
APP-OD-1064,LG-OD-1064,Forest,PENDING,2022-09-05,,137
APP-PB-1065,LG-PB-1065,Environmental,REJECTED,2021-07-04,2024-01-01,11
APP-RJ-1066,LG-RJ-1066,Environmental,APPROVED,2024-06-23,2024-01-01,12
APP-SK-1067,LG-SK-1067,Revenue,PENDING,2021-03-26,,103
APP-TN-1068,LG-TN-1068,Forest,PENDING,2021-07-05,,34
APP-TS-1069,LG-TS-1069,Forest,PENDING,2023-01-09,,106
APP-TR-1070,LG-TR-1070,Wildlife,APPROVED,2021-02-16,2024-01-01,4
APP-UP-1071,LG-UP-1071,Forest,PENDING,2024-03-10,,47
APP-UK-1072,LG-UK-1072,Forest,APPROVED,2021-11-20,2024-01-01,14
APP-WB-1073,LG-WB-1073,Revenue,PENDING,2024-12-17,,138
APP-AN-1074,LG-AN-1074,Wildlife,PENDING,2024-04-11,,97
APP-CH-1075,LG-CH-1075,Wildlife,APPROVED,2022-02-26,2024-01-01,8
APP-DH-1076,LG-DH-1076,Revenue,APPROVED,2023-12-04,2024-01-01,7
APP-DL-1077,LG-DL-1077,Forest,APPROVED,2021-09-16,2024-01-01,11
APP-JK-1078,LG-JK-1078,Wildlife,APPROVED,2021-11-12,2024-01-01,0
APP-LA-1079,LG-LA-1079,Wildlife,APPROVED,2022-11-17,2024-01-01,8
APP-LD-1080,LG-LD-1080,Wildlife,PENDING,2023-06-28,,69
APP-PY-1081,LG-PY-1081,Forest,APPROVED,2022-12-20,2024-01-01,8
APP-AP-1082,LG-AP-1082,Revenue,APPROVED,2021-04-10,2024-01-01,0
APP-AR-1083,LG-AR-1083,Forest,REJECTED,2021-08-02,2024-01-01,15
APP-AS-1084,LG-AS-1084,Forest,PENDING,2023-04-18,,140
APP-BR-1085,LG-BR-1085,Environmental,APPROVED,2023-01-30,2024-01-01,2
APP-CG-1086,LG-CG-1086,Wildlife,PENDING,2021-07-25,,129
APP-GA-1087,LG-GA-1087,Environmental,PENDING,2022-04-01,,92
APP-GJ-1088,LG-GJ-1088,Revenue,APPROVED,2021-04-08,2024-01-01,15
APP-HR-1089,LG-HR-1089,Revenue,APPROVED,2023-09-27,2024-01-01,0
APP-HP-1090,LG-HP-1090,Wildlife,APPROVED,2024-08-31,2024-01-01,0
APP-JH-1091,LG-JH-1091,Environmental,APPROVED,2022-08-19,2024-01-01,3
APP-KA-1092,LG-KA-1092,Wildlife,PENDING,2023-06-17,,145
APP-KL-1093,LG-KL-1093,Forest,REJECTED,2023-09-24,2024-01-01,8
APP-MP-1094,LG-MP-1094,Revenue,PENDING,2021-12-04,,96
APP-MH-1095,LG-MH-1095,Revenue,APPROVED,2023-06-14,2024-01-01,2
APP-MN-1096,LG-MN-1096,Forest,APPROVED,2021-06-04,2024-01-01,10
APP-ML-1097,LG-ML-1097,Forest,PENDING,2022-01-06,,95
APP-MZ-1098,LG-MZ-1098,Forest,PENDING,2024-01-05,,61
APP-NL-1099,LG-NL-1099,Forest,APPROVED,2023-09-14,2024-01-01,14
APP-OD-1100,LG-OD-1100,Environmental,APPROVED,2021-10-29,2024-01-01,7
APP-PB-1101,LG-PB-1101,Environmental,APPROVED,2023-04-02,2024-01-01,15
APP-RJ-1102,LG-RJ-1102,Forest,APPROVED,2024-03-21,2024-01-01,2
APP-SK-1103,LG-SK-1103,Revenue,PENDING,2024-02-02,,54
APP-TN-1104,LG-TN-1104,Forest,APPROVED,2022-06-04,2024-01-01,2
APP-TS-1105,LG-TS-1105,Revenue,PENDING,2023-10-07,,146
APP-TR-1106,LG-TR-1106,Wildlife,APPROVED,2023-02-28,2024-01-01,7
APP-UP-1107,LG-UP-1107,Revenue,REJECTED,2022-11-14,2024-01-01,14
APP-UK-1108,LG-UK-1108,Wildlife,PENDING,2024-05-02,,80
APP-WB-1109,LG-WB-1109,Wildlife,APPROVED,2023-03-05,2024-01-01,0
APP-AN-1110,LG-AN-1110,Wildlife,APPROVED,2021-03-11,2024-01-01,5
APP-CH-1111,LG-CH-1111,Forest,APPROVED,2024-05-07,2024-01-01,8
APP-DH-1112,LG-DH-1112,Environmental,APPROVED,2023-03-28,2024-01-01,12
APP-DL-1113,LG-DL-1113,Wildlife,APPROVED,2024-03-31,2024-01-01,9
APP-JK-1114,LG-JK-1114,Forest,APPROVED,2021-09-24,2024-01-01,4
APP-LA-1115,LG-LA-1115,Environmental,APPROVED,2024-03-08,2024-01-01,15
APP-LD-1116,LG-LD-1116,Environmental,APPROVED,2024-12-11,2024-01-01,1
APP-PY-1117,LG-PY-1117,Forest,PENDING,2024-10-25,,31
APP-AP-1118,LG-AP-1118,Environmental,PENDING,2022-06-16,,76
APP-AR-1119,LG-AR-1119,Forest,APPROVED,2024-02-26,2024-01-01,15
APP-AS-1120,LG-AS-1120,Forest,APPROVED,2024-08-15,2024-01-01,13
APP-BR-1121,LG-BR-1121,Revenue,APPROVED,2023-07-10,2024-01-01,9
APP-CG-1122,LG-CG-1122,Forest,APPROVED,2022-04-02,2024-01-01,9
APP-GA-1123,LG-GA-1123,Forest,APPROVED,2022-04-13,2024-01-01,13
APP-GJ-1124,LG-GJ-1124,Revenue,APPROVED,2023-08-01,2024-01-01,4
APP-HR-1125,LG-HR-1125,Revenue,APPROVED,2022-10-24,2024-01-01,14
APP-HP-1126,LG-HP-1126,Revenue,PENDING,2021-04-24,,52
APP-JH-1127,LG-JH-1127,Forest,APPROVED,2022-04-06,2024-01-01,10
APP-KA-1128,LG-KA-1128,Revenue,APPROVED,2024-10-23,2024-01-01,6
APP-KL-1129,LG-KL-1129,Environmental,APPROVED,2022-10-31,2024-01-01,8
APP-MP-1130,LG-MP-1130,Environmental,APPROVED,2021-06-29,2024-01-01,11
APP-MH-1131,LG-MH-1131,Environmental,PENDING,2023-01-04,,125
APP-MN-1132,LG-MN-1132,Wildlife,PENDING,2021-05-30,,33
APP-ML-1133,LG-ML-1133,Environmental,PENDING,2022-03-20,,82
APP-MZ-1134,LG-MZ-1134,Environmental,APPROVED,2023-02-21,2024-01-01,9
APP-NL-1135,LG-NL-1135,Revenue,APPROVED,2023-12-29,2024-01-01,9
APP-OD-1136,LG-OD-1136,Forest,PENDING,2023-05-06,,148
APP-PB-1137,LG-PB-1137,Environmental,APPROVED,2022-12-10,2024-01-01,5
APP-RJ-1138,LG-RJ-1138,Wildlife,APPROVED,2022-08-18,2024-01-01,7
APP-SK-1139,LG-SK-1139,Revenue,APPROVED,2024-10-06,2024-01-01,3
APP-TN-1140,LG-TN-1140,Forest,APPROVED,2023-01-06,2024-01-01,7
APP-TS-1141,LG-TS-1141,Environmental,APPROVED,2023-01-07,2024-01-01,10
APP-TR-1142,LG-TR-1142,Forest,PENDING,2023-09-23,,50
APP-UP-1143,LG-UP-1143,Wildlife,APPROVED,2022-09-07,2024-01-01,0
APP-UK-1144,LG-UK-1144,Forest,PENDING,2023-02-14,,63
APP-WB-1145,LG-WB-1145,Revenue,REJECTED,2022-12-02,2024-01-01,13
APP-AN-1146,LG-AN-1146,Revenue,APPROVED,2021-02-14,2024-01-01,1
APP-CH-1147,LG-CH-1147,Environmental,APPROVED,2021-01-08,2024-01-01,0
APP-DH-1148,LG-DH-1148,Forest,APPROVED,2023-03-24,2024-01-01,10
APP-DL-1149,LG-DL-1149,Environmental,PENDING,2023-02-15,,147
APP-JK-1150,LG-JK-1150,Environmental,PENDING,2022-09-27,,34
APP-LA-1151,LG-LA-1151,Forest,APPROVED,2023-07-06,2024-01-01,3
APP-LD-1152,LG-LD-1152,Forest,APPROVED,2024-11-23,2024-01-01,9
APP-PY-1153,LG-PY-1153,Revenue,PENDING,2023-12-14,,103
APP-AP-1154,LG-AP-1154,Forest,PENDING,2021-07-27,,149
APP-AR-1155,LG-AR-1155,Forest,APPROVED,2023-01-09,2024-01-01,11
APP-AS-1156,LG-AS-1156,Environmental,APPROVED,2021-06-14,2024-01-01,4
APP-BR-1157,LG-BR-1157,Environmental,PENDING,2021-04-15,,93
APP-CG-1158,LG-CG-1158,Wildlife,APPROVED,2024-05-25,2024-01-01,9
APP-GA-1159,LG-GA-1159,Forest,APPROVED,2024-05-29,2024-01-01,7
APP-GJ-1160,LG-GJ-1160,Forest,APPROVED,2023-04-04,2024-01-01,13
APP-HR-1161,LG-HR-1161,Revenue,PENDING,2021-06-02,,106
APP-HP-1162,LG-HP-1162,Wildlife,APPROVED,2024-03-27,2024-01-01,0
APP-JH-1163,LG-JH-1163,Revenue,APPROVED,2023-08-18,2024-01-01,14
APP-KA-1164,LG-KA-1164,Environmental,APPROVED,2022-12-29,2024-01-01,11
APP-KL-1165,LG-KL-1165,Revenue,APPROVED,2021-12-17,2024-01-01,4
APP-MP-1166,LG-MP-1166,Environmental,APPROVED,2023-06-14,2024-01-01,11
APP-MH-1167,LG-MH-1167,Revenue,APPROVED,2021-01-27,2024-01-01,4
APP-MN-1168,LG-MN-1168,Environmental,APPROVED,2021-03-03,2024-01-01,7
APP-ML-1169,LG-ML-1169,Forest,APPROVED,2021-01-09,2024-01-01,13
APP-MZ-1170,LG-MZ-1170,Environmental,PENDING,2024-06-14,,71
APP-NL-1171,LG-NL-1171,Revenue,PENDING,2023-10-15,,94
APP-OD-1172,LG-OD-1172,Wildlife,APPROVED,2022-05-03,2024-01-01,2
APP-PB-1173,LG-PB-1173,Environmental,APPROVED,2024-09-15,2024-01-01,6
APP-RJ-1174,LG-RJ-1174,Revenue,APPROVED,2022-10-28,2024-01-01,5
APP-SK-1175,LG-SK-1175,Environmental,APPROVED,2021-09-24,2024-01-01,7
APP-TN-1176,LG-TN-1176,Wildlife,APPROVED,2022-03-28,2024-01-01,3
APP-TS-1177,LG-TS-1177,Wildlife,PENDING,2021-01-09,,81
APP-TR-1178,LG-TR-1178,Wildlife,APPROVED,2021-08-12,2024-01-01,11
APP-UP-1179,LG-UP-1179,Wildlife,REJECTED,2022-09-26,2024-01-01,12
APP-UK-1180,LG-UK-1180,Revenue,APPROVED,2021-11-17,2024-01-01,1
APP-WB-1181,LG-WB-1181,Revenue,APPROVED,2021-09-01,2024-01-01,13
APP-AN-1182,LG-AN-1182,Wildlife,APPROVED,2021-03-17,2024-01-01,3
APP-CH-1183,LG-CH-1183,Revenue,APPROVED,2021-03-02,2024-01-01,7
APP-DH-1184,LG-DH-1184,Environmental,PENDING,2023-10-21,,63
APP-DL-1185,LG-DL-1185,Environmental,PENDING,2023-05-19,,85
APP-JK-1186,LG-JK-1186,Forest,APPROVED,2022-06-02,2024-01-01,12
APP-LA-1187,LG-LA-1187,Revenue,APPROVED,2024-02-20,2024-01-01,15
APP-LD-1188,LG-LD-1188,Revenue,REJECTED,2021-06-12,2024-01-01,15
APP-PY-1189,LG-PY-1189,Revenue,APPROVED,2022-12-03,2024-01-01,13
APP-AP-1190,LG-AP-1190,Environmental,APPROVED,2024-01-23,2024-01-01,10
APP-AR-1191,LG-AR-1191,Forest,PENDING,2021-06-02,,144
APP-AS-1192,LG-AS-1192,Wildlife,APPROVED,2021-02-06,2024-01-01,0
APP-BR-1193,LG-BR-1193,Wildlife,APPROVED,2023-08-24,2024-01-01,2
APP-CG-1194,LG-CG-1194,Forest,PENDING,2021-02-27,,109
APP-GA-1195,LG-GA-1195,Revenue,APPROVED,2024-08-03,2024-01-01,5
APP-GJ-1196,LG-GJ-1196,Wildlife,APPROVED,2022-01-20,2024-01-01,12
APP-HR-1197,LG-HR-1197,Revenue,APPROVED,2024-09-08,2024-01-01,12
APP-HP-1198,LG-HP-1198,Revenue,APPROVED,2022-06-14,2024-01-01,13
APP-JH-1199,LG-JH-1199,Revenue,PENDING,2023-10-22,,49
APP-KA-1200,LG-KA-1200,Revenue,APPROVED,2023-11-25,2024-01-01,14
APP-KL-1201,LG-KL-1201,Wildlife,APPROVED,2021-06-15,2024-01-01,14
APP-MP-1202,LG-MP-1202,Revenue,PENDING,2022-08-27,,107
APP-MH-1203,LG-MH-1203,Revenue,APPROVED,2022-07-25,2024-01-01,13
APP-MN-1204,LG-MN-1204,Forest,PENDING,2022-06-01,,133
APP-ML-1205,LG-ML-1205,Wildlife,APPROVED,2023-05-07,2024-01-01,1
APP-MZ-1206,LG-MZ-1206,Wildlife,PENDING,2023-06-06,,85
APP-NL-1207,LG-NL-1207,Wildlife,PENDING,2023-10-25,,41
APP-OD-1208,LG-OD-1208,Wildlife,APPROVED,2021-09-17,2024-01-01,12
APP-PB-1209,LG-PB-1209,Wildlife,APPROVED,2023-04-13,2024-01-01,5
APP-RJ-1210,LG-RJ-1210,Environmental,APPROVED,2023-12-23,2024-01-01,9
APP-SK-1211,LG-SK-1211,Revenue,PENDING,2022-04-02,,81
APP-TN-1212,LG-TN-1212,Environmental,PENDING,2024-10-06,,31
APP-TS-1213,LG-TS-1213,Environmental,APPROVED,2022-07-17,2024-01-01,3
APP-TR-1214,LG-TR-1214,Forest,PENDING,2024-01-28,,111
APP-UP-1215,LG-UP-1215,Forest,REJECTED,2024-11-28,2024-01-01,12
APP-UK-1216,LG-UK-1216,Environmental,APPROVED,2024-07-02,2024-01-01,5
APP-WB-1217,LG-WB-1217,Forest,PENDING,2023-08-28,,52
APP-AN-1218,LG-AN-1218,Revenue,APPROVED,2022-04-24,2024-01-01,15
APP-CH-1219,LG-CH-1219,Wildlife,PENDING,2021-11-12,,38
APP-DH-1220,LG-DH-1220,Revenue,PENDING,2021-08-26,,101
APP-DL-1221,LG-DL-1221,Environmental,APPROVED,2021-08-28,2024-01-01,14
APP-JK-1222,LG-JK-1222,Environmental,APPROVED,2023-09-19,2024-01-01,3
APP-LA-1223,LG-LA-1223,Forest,APPROVED,2021-06-06,2024-01-01,7
APP-LD-1224,LG-LD-1224,Wildlife,PENDING,2021-07-10,,140
APP-PY-1225,LG-PY-1225,Wildlife,APPROVED,2023-03-25,2024-01-01,2
APP-AP-1226,LG-AP-1226,Environmental,APPROVED,2023-10-03,2024-01-01,15
APP-AR-1227,LG-AR-1227,Wildlife,APPROVED,2021-08-19,2024-01-01,15
APP-AS-1228,LG-AS-1228,Revenue,APPROVED,2021-02-04,2024-01-01,3
APP-BR-1229,LG-BR-1229,Wildlife,APPROVED,2023-03-30,2024-01-01,5
APP-CG-1230,LG-CG-1230,Revenue,APPROVED,2022-02-11,2024-01-01,5
APP-GA-1231,LG-GA-1231,Environmental,APPROVED,2024-10-17,2024-01-01,2
APP-GJ-1232,LG-GJ-1232,Revenue,PENDING,2023-08-24,,114
APP-HR-1233,LG-HR-1233,Forest,APPROVED,2024-03-20,2024-01-01,8
APP-HP-1234,LG-HP-1234,Revenue,PENDING,2024-03-14,,67
APP-JH-1235,LG-JH-1235,Forest,PENDING,2021-08-18,,59
APP-KA-1236,LG-KA-1236,Wildlife,REJECTED,2024-11-07,2024-01-01,2
APP-KL-1237,LG-KL-1237,Environmental,PENDING,2022-05-18,,114
APP-MP-1238,LG-MP-1238,Environmental,PENDING,2023-11-27,,44
APP-MH-1239,LG-MH-1239,Revenue,APPROVED,2022-05-09,2024-01-01,5
APP-MN-1240,LG-MN-1240,Environmental,APPROVED,2021-10-29,2024-01-01,13
APP-ML-1241,LG-ML-1241,Environmental,PENDING,2024-08-17,,136
APP-MZ-1242,LG-MZ-1242,Revenue,PENDING,2024-12-14,,106
APP-NL-1243,LG-NL-1243,Forest,APPROVED,2023-08-31,2024-01-01,3
APP-OD-1244,LG-OD-1244,Revenue,APPROVED,2021-11-02,2024-01-01,5
APP-PB-1245,LG-PB-1245,Wildlife,APPROVED,2022-04-11,2024-01-01,0
APP-RJ-1246,LG-RJ-1246,Wildlife,APPROVED,2023-10-06,2024-01-01,5
APP-SK-1247,LG-SK-1247,Environmental,APPROVED,2021-01-15,2024-01-01,6
APP-TN-1248,LG-TN-1248,Wildlife,APPROVED,2023-08-10,2024-01-01,0
APP-TS-1249,LG-TS-1249,Wildlife,PENDING,2024-11-27,,96
APP-TR-1250,LG-TR-1250,Wildlife,PENDING,2023-08-18,,74
