comp_id,project_id,beneficiaries_total,beneficiaries_paid,beneficiaries_pending,amount_sanctioned_cr,amount_disbursed_cr,disbursement_percentage
CMP-TN-0042,LG-TN-0042,450,189,261,350.0,147.0,42.0
CMP-AP-0002,LG-AP-0002,60,54,6,93.12,85.05,91.3
CMP-AR-0003,LG-AR-0003,1444,1236,208,762.48,653.08,85.7
CMP-AS-0004,LG-AS-0004,637,630,7,394.62,390.87,99.0
CMP-BR-0005,LG-BR-0005,345,172,173,670.59,334.56,49.9
CMP-CG-0006,LG-CG-0006,1607,496,1111,462.6,142.82,30.9
CMP-GA-0007,LG-GA-0007,1241,663,578,1600.56,856.05,53.5
CMP-GJ-0008,LG-GJ-0008,1919,822,1097,1112.19,476.77,42.9
CMP-HR-0009,LG-HR-0009,194,136,58,217.95,153.81,70.6
CMP-HP-0010,LG-HP-0010,189,128,61,65.22,44.22,67.8
CMP-JH-0011,LG-JH-0011,1161,976,185,856.29,720.54,84.1
CMP-KA-0012,LG-KA-0012,378,289,89,248.01,190.16,76.7
CMP-KL-0013,LG-KL-0013,229,173,56,163.98,124.4,75.9
CMP-MP-0014,LG-MP-0014,743,717,26,501.42,484.21,96.6
CMP-MH-0015,LG-MH-0015,1101,412,689,728.13,272.93,37.5
CMP-MN-0016,LG-MN-0016,615,540,75,289.89,254.8,87.9
CMP-ML-0017,LG-ML-0017,218,214,4,155.94,153.59,98.5
CMP-MZ-0018,LG-MZ-0018,787,492,295,335.73,210.07,62.6
CMP-NL-0019,LG-NL-0019,1141,925,216,1185.45,961.77,81.1
CMP-OD-0020,LG-OD-0020,600,111,489,361.26,67.34,18.6
CMP-PB-0021,LG-PB-0021,1481,1333,148,890.73,801.99,90.0
CMP-RJ-0022,LG-RJ-0022,1399,750,649,677.4,363.45,53.7
CMP-SK-0023,LG-SK-0023,1007,831,176,1098.12,906.97,82.6
CMP-TN-0024,LG-TN-0024,710,567,143,1232.97,985.86,80.0
CMP-TS-0025,LG-TS-0025,617,373,244,585.24,354.41,60.6
CMP-TR-0026,LG-TR-0026,517,387,130,514.53,385.31,74.9
CMP-UP-0027,LG-UP-0027,764,568,196,1594.86,1187.62,74.5
CMP-UK-0028,LG-UK-0028,2573,1110,1463,1305.39,563.47,43.2
CMP-WB-0029,LG-WB-0029,1363,1273,90,1547.85,1446.35,93.4
CMP-AN-0030,LG-AN-0030,1154,993,161,1837.86,1582.87,86.1
CMP-CH-0031,LG-CH-0031,166,160,6,150.75,146.06,96.9
CMP-DH-0032,LG-DH-0032,319,173,146,193.29,105.16,54.4
CMP-DL-0033,LG-DL-0033,870,621,249,518.37,370.46,71.5
CMP-JK-0034,LG-JK-0034,104,94,10,98.37,89.63,91.1
CMP-LA-0035,LG-LA-0035,433,265,168,181.26,111.22,61.4
CMP-LD-0036,LG-LD-0036,740,195,545,399.51,105.62,26.4
CMP-PY-0037,LG-PY-0037,1407,862,545,961.56,589.52,61.3
CMP-AP-0038,LG-AP-0038,260,191,69,230.07,169.36,73.6
CMP-AR-0039,LG-AR-0039,265,258,7,111.42,108.83,97.7
CMP-AS-0040,LG-AS-0040,2325,1799,526,891.39,690.09,77.4
CMP-BR-0041,LG-BR-0041,1107,572,535,1313.97,679.43,51.7
CMP-CG-0042,LG-CG-0042,160,34,126,301.59,65.27,21.6
CMP-GA-0043,LG-GA-0043,1973,896,1077,1639.35,744.79,45.4
CMP-GJ-0044,LG-GJ-0044,1026,905,121,1379.01,1216.83,88.2
CMP-HR-0045,LG-HR-0045,1020,542,478,756.75,402.23,53.2
CMP-HP-0046,LG-HP-0046,1283,850,433,518.46,343.81,66.3
CMP-JH-0047,LG-JH-0047,1068,181,887,820.41,139.58,17.0
CMP-KA-0048,LG-KA-0048,2035,928,1107,1715.49,782.37,45.6
CMP-KL-0049,LG-KL-0049,1766,1641,125,774.15,719.63,93.0
CMP-MP-0050,LG-MP-0050,704,367,337,423.12,220.72,52.2
CMP-MH-0051,LG-MH-0051,1339,1323,16,380.61,376.11,98.8
CMP-MN-0052,LG-MN-0052,442,259,183,632.04,370.66,58.6
CMP-ML-0053,LG-ML-0053,2059,1277,782,1658.46,1029.09,62.1
CMP-MZ-0054,LG-MZ-0054,532,386,146,983.58,714.96,72.7
CMP-NL-0055,LG-NL-0055,455,321,134,435.87,307.98,70.7
CMP-OD-0056,LG-OD-0056,1725,1047,678,821.97,499.13,60.7
CMP-PB-0057,LG-PB-0057,1820,1736,84,1209.93,1154.18,95.4
CMP-RJ-0058,LG-RJ-0058,1096,804,292,584.01,428.51,73.4
CMP-SK-0059,LG-SK-0059,1183,1094,89,1239.21,1146.64,92.5
CMP-TN-0060,LG-TN-0060,1737,577,1160,645.9,214.87,33.3
CMP-TS-0061,LG-TS-0061,458,388,70,270.78,229.53,84.8
CMP-TR-0062,LG-TR-0062,1792,1534,258,856.65,733.78,85.7
CMP-UP-0063,LG-UP-0063,739,553,186,1137.03,852.21,75.0
CMP-UK-0064,LG-UK-0064,166,72,94,161.25,70.04,43.4
CMP-WB-0065,LG-WB-0065,1977,1442,535,1470.51,1072.89,73.0
CMP-AN-0066,LG-AN-0066,445,295,150,424.05,281.14,66.3
CMP-CH-0067,LG-CH-0067,138,57,81,132.51,55.45,41.8
CMP-DH-0068,LG-DH-0068,1818,422,1396,720.57,167.41,23.2
CMP-DL-0069,LG-DL-0069,1629,1267,362,1246.44,970.21,77.8
CMP-JK-0070,LG-JK-0070,1460,990,470,833.97,565.58,67.8
CMP-LA-0071,LG-LA-0071,356,269,87,369.84,280.09,75.7
CMP-LD-0072,LG-LD-0072,141,63,78,379.56,170.71,45.0
CMP-PY-0073,LG-PY-0073,980,769,211,899.82,706.14,78.5
CMP-AP-0074,LG-AP-0074,1068,783,285,1665.78,1222.28,73.4
CMP-AR-0075,LG-AR-0075,1843,1550,293,1519.89,1278.94,84.1
CMP-AS-0076,LG-AS-0076,2446,848,1598,1129.86,391.83,34.7
CMP-BR-0077,LG-BR-0077,1004,198,806,918.42,181.28,19.7
CMP-CG-0078,LG-CG-0078,926,865,61,1874.64,1753.15,93.5
CMP-GA-0079,LG-GA-0079,50,38,12,66.45,51.68,77.8
CMP-GJ-0080,LG-GJ-0080,1525,1144,381,554.52,416.17,75.1
CMP-HR-0081,LG-HR-0081,1748,1262,486,1682.34,1215.25,72.2
CMP-HP-0082,LG-HP-0082,251,125,126,258.57,129.02,49.9
CMP-JH-0083,LG-JH-0083,1599,904,695,2419.14,1367.9,56.5
CMP-KA-0084,LG-KA-0084,492,248,244,742.98,375.06,50.5
CMP-KL-0085,LG-KL-0085,1963,1926,37,1483.89,1456.35,98.1
CMP-MP-0086,LG-MP-0086,598,473,125,709.65,561.7,79.2
CMP-MH-0087,LG-MH-0087,1028,846,182,1810.77,1491.88,82.4
CMP-MN-0088,LG-MN-0088,526,137,389,220.98,57.72,26.1
CMP-ML-0089,LG-ML-0089,1420,693,727,1611.18,786.33,48.8
CMP-MZ-0090,LG-MZ-0090,416,168,248,443.28,179.06,40.4
CMP-NL-0091,LG-NL-0091,463,100,363,401.01,87.32,21.8
CMP-OD-0092,LG-OD-0092,2527,2498,29,2175.0,2150.26,98.9
CMP-PB-0093,LG-PB-0093,956,465,491,790.68,384.64,48.6
CMP-RJ-0094,LG-RJ-0094,1098,885,213,581.64,469.25,80.7
CMP-SK-0095,LG-SK-0095,351,318,33,461.1,418.76,90.8
CMP-TN-0096,LG-TN-0096,787,542,245,788.19,543.15,68.9
CMP-TS-0097,LG-TS-0097,1362,961,401,1545.45,1091.18,70.6
CMP-TR-0098,LG-TR-0098,223,222,1,142.65,142.45,99.9
CMP-UP-0099,LG-UP-0099,1259,1088,171,1462.95,1265.15,86.5
CMP-UK-0100,LG-UK-0100,1997,1488,509,1080.66,805.34,74.5
CMP-WB-0101,LG-WB-0101,745,548,197,892.71,656.95,73.6
CMP-AN-0102,LG-AN-0102,912,574,338,1101.36,693.49,63.0
CMP-CH-0103,LG-CH-0103,532,157,375,756.39,223.42,29.5
CMP-DH-0104,LG-DH-0104,561,230,331,1212.21,497.49,41.0
CMP-DL-0105,LG-DL-0105,543,419,124,528.9,408.96,77.3
CMP-JK-0106,LG-JK-0106,741,502,239,885.84,600.98,67.8
CMP-LA-0107,LG-LA-0107,1489,591,898,1419.96,564.37,39.7
CMP-LD-0108,LG-LD-0108,1393,1149,244,1222.86,1008.72,82.5
CMP-PY-0109,LG-PY-0109,67,57,10,75.75,65.19,86.1
CMP-AP-0110,LG-AP-0110,693,301,392,1264.86,550.22,43.5
CMP-AR-0111,LG-AR-0111,1065,743,322,1820.67,1271.22,69.8
CMP-AS-0112,LG-AS-0112,1117,846,271,744.39,563.9,75.8
CMP-BR-0113,LG-BR-0113,984,856,128,975.96,849.65,87.1
CMP-CG-0114,LG-CG-0114,1470,1122,348,1092.75,834.18,76.3
CMP-GA-0115,LG-GA-0115,565,423,142,385.44,289.24,75.0
CMP-GJ-0116,LG-GJ-0116,987,455,532,1027.38,473.91,46.1
CMP-HR-0117,LG-HR-0117,688,339,349,1733.97,855.06,49.3
CMP-HP-0118,LG-HP-0118,451,394,57,335.16,293.15,87.5
CMP-JH-0119,LG-JH-0119,1248,980,268,925.35,726.8,78.5
CMP-KA-0120,LG-KA-0120,1980,414,1566,1237.53,259.05,20.9
CMP-KL-0121,LG-KL-0121,269,188,81,550.5,384.89,69.9
CMP-MP-0122,LG-MP-0122,462,239,223,418.02,216.5,51.8
CMP-MH-0123,LG-MH-0123,1879,1432,447,532.32,405.96,76.3
CMP-MN-0124,LG-MN-0124,85,22,63,89.94,23.57,26.2
CMP-ML-0125,LG-ML-0125,1736,1476,260,1402.53,1192.53,85.0
CMP-MZ-0126,LG-MZ-0126,1876,1653,223,1259.16,1109.89,88.1
CMP-NL-0127,LG-NL-0127,164,28,136,214.77,37.0,17.2
CMP-OD-0128,LG-OD-0128,108,96,12,103.56,92.4,89.2
CMP-PB-0129,LG-PB-0129,263,218,45,432.63,358.64,82.9
CMP-RJ-0130,LG-RJ-0130,1733,1573,160,1438.47,1306.23,90.8
CMP-SK-0131,LG-SK-0131,1672,1527,145,891.84,814.7,91.4
CMP-TN-0132,LG-TN-0132,1701,1595,106,1146.39,1075.53,93.8
CMP-TS-0133,LG-TS-0133,888,366,522,586.47,241.81,41.2
CMP-TR-0134,LG-TR-0134,582,358,224,1501.38,926.05,61.7
CMP-UP-0135,LG-UP-0135,1560,1199,361,703.68,541.0,76.9
CMP-UK-0136,LG-UK-0136,2537,2461,76,1353.06,1312.64,97.0
CMP-WB-0137,LG-WB-0137,81,57,24,62.55,44.19,70.7
CMP-AN-0138,LG-AN-0138,1630,1299,331,1800.27,1435.44,79.7
CMP-CH-0139,LG-CH-0139,826,633,193,1563.9,1199.69,76.7
CMP-DH-0140,LG-DH-0140,2724,2114,610,878.85,682.17,77.6
CMP-DL-0141,LG-DL-0141,1300,1105,195,1306.92,1111.69,85.1
CMP-JK-0142,LG-JK-0142,2661,2623,38,2159.01,2128.86,98.6
CMP-LA-0143,LG-LA-0143,516,472,44,1380.57,1265.5,91.7
CMP-LD-0144,LG-LD-0144,130,33,97,132.3,34.05,25.7
CMP-PY-0145,LG-PY-0145,1994,1938,56,2338.35,2272.82,97.2
CMP-AP-0146,LG-AP-0146,844,195,649,854.76,197.92,23.2
CMP-AR-0147,LG-AR-0147,1665,306,1359,1866.45,343.21,18.4
CMP-AS-0148,LG-AS-0148,1689,1256,433,598.41,445.13,74.4
CMP-BR-0149,LG-BR-0149,465,354,111,881.01,670.82,76.1
CMP-CG-0150,LG-CG-0150,323,234,89,170.13,123.31,72.5
CMP-GA-0151,LG-GA-0151,2444,1561,883,2007.99,1283.2,63.9
CMP-GJ-0152,LG-GJ-0152,2754,1863,891,1130.85,765.22,67.7
CMP-HR-0153,LG-HR-0153,1542,941,601,1920.72,1172.31,61.0
CMP-HP-0154,LG-HP-0154,656,354,302,731.13,395.04,54.0
CMP-JH-0155,LG-JH-0155,2279,1996,283,748.86,656.05,87.6
CMP-KA-0156,LG-KA-0156,1678,1353,325,941.49,759.6,80.7
CMP-KL-0157,LG-KL-0157,202,71,131,251.7,89.29,35.5
CMP-MP-0158,LG-MP-0158,2420,1676,744,1817.58,1258.92,69.3
CMP-MH-0159,LG-MH-0159,1521,1024,497,1295.22,872.54,67.4
CMP-MN-0160,LG-MN-0160,215,41,174,383.37,74.08,19.3
CMP-ML-0161,LG-ML-0161,935,419,516,392.97,176.28,44.9
CMP-MZ-0162,LG-MZ-0162,253,179,74,146.79,104.39,71.1
CMP-NL-0163,LG-NL-0163,534,328,206,355.2,218.33,61.5
CMP-OD-0164,LG-OD-0164,474,356,118,789.12,593.48,75.2
CMP-PB-0165,LG-PB-0165,562,232,330,549.18,227.62,41.4
CMP-RJ-0166,LG-RJ-0166,1085,674,411,511.11,317.8,62.2
CMP-SK-0167,LG-SK-0167,252,171,81,146.19,99.73,68.2
CMP-TN-0168,LG-TN-0168,2073,1006,1067,1546.14,750.91,48.6
CMP-TS-0169,LG-TS-0169,248,187,61,188.37,142.11,75.4
CMP-TR-0170,LG-TR-0170,1196,901,295,370.5,279.34,75.4
CMP-UP-0171,LG-UP-0171,391,195,196,507.75,253.64,50.0
CMP-UK-0172,LG-UK-0172,1603,1454,149,972.87,883.02,90.8
CMP-WB-0173,LG-WB-0173,111,98,13,56.58,50.12,88.6
CMP-AN-0174,LG-AN-0174,1322,1158,164,958.17,839.6,87.6
CMP-CH-0175,LG-CH-0175,2416,1099,1317,1008.3,458.87,45.5
CMP-DH-0176,LG-DH-0176,2168,1340,828,1527.0,943.97,61.8
CMP-DL-0177,LG-DL-0177,1490,632,858,1185.48,503.59,42.5
CMP-JK-0178,LG-JK-0178,1091,760,331,906.78,632.41,69.7
CMP-LA-0179,LG-LA-0179,1510,670,840,1252.65,556.37,44.4
CMP-LD-0180,LG-LD-0180,751,736,15,419.31,410.97,98.0
CMP-PY-0181,LG-PY-0181,1839,1657,182,1191.84,1074.5,90.2
CMP-AP-0182,LG-AP-0182,2190,2150,40,883.26,867.19,98.2
CMP-AR-0183,LG-AR-0183,607,500,107,709.17,584.48,82.4
CMP-AS-0184,LG-AS-0184,466,433,33,703.65,654.58,93.0
CMP-BR-0185,LG-BR-0185,433,302,131,245.91,171.62,69.8
CMP-CG-0186,LG-CG-0186,33,31,2,38.07,36.44,95.7
CMP-GA-0187,LG-GA-0187,459,197,262,272.1,117.14,43.0
CMP-GJ-0188,LG-GJ-0188,586,129,457,643.02,141.97,22.1
CMP-HR-0189,LG-HR-0189,1046,712,334,1480.08,1007.61,68.1
CMP-HP-0190,LG-HP-0190,1022,996,26,938.64,914.89,97.5
CMP-JH-0191,LG-JH-0191,1621,1232,389,1006.11,764.94,76.0
CMP-KA-0192,LG-KA-0192,1246,1231,15,718.32,709.81,98.8
CMP-KL-0193,LG-KL-0193,1422,975,447,1216.98,834.58,68.6
CMP-MP-0194,LG-MP-0194,1673,804,869,802.29,385.79,48.1
CMP-MH-0195,LG-MH-0195,392,299,93,202.41,154.67,76.4
CMP-MN-0196,LG-MN-0196,860,215,645,1066.05,266.85,25.0
CMP-ML-0197,LG-ML-0197,166,115,51,104.43,72.52,69.4
CMP-MZ-0198,LG-MZ-0198,347,316,31,511.5,466.51,91.2
CMP-NL-0199,LG-NL-0199,2035,1231,804,541.74,327.77,60.5
CMP-OD-0200,LG-OD-0200,239,200,39,543.54,456.05,83.9
CMP-PB-0201,LG-PB-0201,628,151,477,438.96,106.0,24.1
CMP-RJ-0202,LG-RJ-0202,366,122,244,211.65,70.63,33.4
CMP-SK-0203,LG-SK-0203,2933,2727,206,2478.84,2305.18,93.0
CMP-TN-0204,LG-TN-0204,775,724,51,1679.82,1570.73,93.5
CMP-TS-0205,LG-TS-0205,127,82,45,59.16,38.28,64.7
CMP-TR-0206,LG-TR-0206,1498,1375,123,1030.23,946.3,91.9
CMP-UP-0207,LG-UP-0207,924,473,451,714.75,366.61,51.3
CMP-UK-0208,LG-UK-0208,611,560,51,586.59,538.14,91.7
CMP-WB-0209,LG-WB-0209,669,450,219,1608.33,1083.23,67.4
CMP-AN-0210,LG-AN-0210,1216,1043,173,1999.68,1716.24,85.8
CMP-CH-0211,LG-CH-0211,1177,712,465,1626.57,984.18,60.5
CMP-DH-0212,LG-DH-0212,1540,715,825,1482.03,689.02,46.5
CMP-DL-0213,LG-DL-0213,2408,2278,130,1025.28,970.01,94.6
CMP-JK-0214,LG-JK-0214,519,453,66,844.41,737.43,87.3
CMP-LA-0215,LG-LA-0215,1339,726,613,2514.69,1364.84,54.3
CMP-LD-0216,LG-LD-0216,327,301,26,318.45,293.74,92.2
CMP-PY-0217,LG-PY-0217,275,117,158,768.24,327.1,42.6
CMP-AP-0218,LG-AP-0218,342,294,48,197.22,169.74,86.1
CMP-AR-0219,LG-AR-0219,906,895,11,1275.21,1260.44,98.8
CMP-AS-0220,LG-AS-0220,939,622,317,888.24,588.97,66.3
CMP-BR-0221,LG-BR-0221,1638,833,805,718.5,365.6,50.9
CMP-CG-0222,LG-CG-0222,750,255,495,354.75,120.91,34.1
CMP-GA-0223,LG-GA-0223,2269,1373,896,2062.62,1248.27,60.5
CMP-GJ-0224,LG-GJ-0224,512,490,22,149.28,143.04,95.8
CMP-HR-0225,LG-HR-0225,426,311,115,467.76,342.48,73.2
CMP-HP-0226,LG-HP-0226,1355,700,655,1271.31,657.54,51.7
CMP-JH-0227,LG-JH-0227,281,250,31,699.75,624.28,89.2
CMP-KA-0228,LG-KA-0228,2880,1323,1557,2228.67,1024.04,45.9
CMP-KL-0229,LG-KL-0229,1122,1087,35,1154.88,1119.77,97.0
CMP-MP-0230,LG-MP-0230,1894,1492,402,1393.74,1098.34,78.8
CMP-MH-0231,LG-MH-0231,728,614,114,616.17,519.7,84.3
CMP-MN-0232,LG-MN-0232,704,548,156,202.23,157.56,77.9
CMP-ML-0233,LG-ML-0233,905,758,147,1632.54,1368.04,83.8
CMP-MZ-0234,LG-MZ-0234,1583,1477,106,832.62,776.98,93.3
CMP-NL-0235,LG-NL-0235,160,137,23,137.4,117.95,85.8
CMP-OD-0236,LG-OD-0236,569,389,180,485.04,331.83,68.4
CMP-PB-0237,LG-PB-0237,904,486,418,532.71,286.79,53.8
CMP-RJ-0238,LG-RJ-0238,1771,1625,146,599.55,550.12,91.8
CMP-SK-0239,LG-SK-0239,2570,2204,366,1332.87,1143.55,85.8
CMP-TN-0240,LG-TN-0240,106,70,36,112.53,74.74,66.4
CMP-TS-0241,LG-TS-0241,459,256,203,224.31,125.17,55.8
CMP-TR-0242,LG-TR-0242,280,131,149,274.08,128.76,47.0
CMP-UP-0243,LG-UP-0243,598,534,64,289.71,259.11,89.4
CMP-UK-0244,LG-UK-0244,534,488,46,979.14,894.82,91.4
CMP-WB-0245,LG-WB-0245,837,185,652,657.99,145.8,22.2
CMP-AN-0246,LG-AN-0246,1628,1035,593,852.93,542.75,63.6
CMP-CH-0247,LG-CH-0247,900,701,199,266.55,207.63,77.9
CMP-DH-0248,LG-DH-0248,1296,533,763,953.64,392.74,41.2
CMP-DL-0249,LG-DL-0249,404,306,98,249.36,189.01,75.8
CMP-JK-0250,LG-JK-0250,352,300,52,239.73,204.66,85.4
CMP-LA-0251,LG-LA-0251,308,244,64,528.6,419.28,79.3
CMP-LD-0252,LG-LD-0252,324,55,269,160.02,27.18,17.0
CMP-PY-0253,LG-PY-0253,1217,946,271,1110.36,863.98,77.8
CMP-AP-0254,LG-AP-0254,2525,2168,357,2031.63,1744.72,85.9
CMP-AR-0255,LG-AR-0255,1613,754,859,964.26,451.14,46.8
CMP-AS-0256,LG-AS-0256,1205,949,256,371.4,292.74,78.8
CMP-BR-0257,LG-BR-0257,70,46,24,38.34,25.38,66.2
CMP-CG-0258,LG-CG-0258,332,310,22,193.26,181.03,93.7
CMP-GA-0259,LG-GA-0259,2478,1185,1293,1375.53,658.29,47.9
CMP-GJ-0260,LG-GJ-0260,790,205,585,552.87,143.87,26.0
CMP-HR-0261,LG-HR-0261,1796,1062,734,1385.37,819.44,59.1
CMP-HP-0262,LG-HP-0262,1945,1391,554,486.06,347.72,71.5
CMP-JH-0263,LG-JH-0263,2705,1776,929,1497.69,983.34,65.7
CMP-KA-0264,LG-KA-0264,964,940,24,780.12,761.04,97.6
CMP-KL-0265,LG-KL-0265,818,607,211,1170.93,869.04,74.2
CMP-MP-0266,LG-MP-0266,975,867,108,999.96,889.74,89.0
CMP-MH-0267,LG-MH-0267,1772,1222,550,1782.06,1229.65,69.0
CMP-MN-0268,LG-MN-0268,620,389,231,590.19,370.51,62.8
CMP-ML-0269,LG-ML-0269,544,241,303,573.09,254.45,44.4
CMP-MZ-0270,LG-MZ-0270,1390,638,752,1321.56,607.28,46.0
CMP-NL-0271,LG-NL-0271,708,449,259,1101.9,698.87,63.4
CMP-OD-0272,LG-OD-0272,1120,1090,30,1034.04,1006.54,97.3
CMP-PB-0273,LG-PB-0273,1968,1797,171,1640.88,1498.34,91.3
CMP-RJ-0274,LG-RJ-0274,333,199,134,398.61,238.43,59.8
CMP-SK-0275,LG-SK-0275,2683,2562,121,1773.9,1694.41,95.5
CMP-TN-0276,LG-TN-0276,289,143,146,539.31,267.24,49.6
CMP-TS-0277,LG-TS-0277,31,17,14,60.33,34.82,57.7
CMP-TR-0278,LG-TR-0278,1946,804,1142,1091.79,451.31,41.3
CMP-UP-0279,LG-UP-0279,501,282,219,712.95,402.36,56.4
CMP-UK-0280,LG-UK-0280,308,269,39,170.34,149.09,87.5
CMP-WB-0281,LG-WB-0281,883,761,122,405.03,349.2,86.2
CMP-AN-0282,LG-AN-0282,2211,584,1627,1919.28,507.49,26.4
CMP-CH-0283,LG-CH-0283,1909,1750,159,719.64,659.78,91.7
CMP-DH-0284,LG-DH-0284,1184,1002,182,830.91,703.65,84.7
CMP-DL-0285,LG-DL-0285,608,554,54,1188.78,1084.69,91.2
CMP-JK-0286,LG-JK-0286,414,255,159,515.28,318.03,61.7
CMP-LA-0287,LG-LA-0287,497,444,53,333.63,298.64,89.5
CMP-LD-0288,LG-LD-0288,340,186,154,511.83,280.97,54.9
CMP-PY-0289,LG-PY-0289,289,277,12,202.95,194.62,95.9
CMP-AP-0290,LG-AP-0290,2039,1155,884,1487.46,843.04,56.7
CMP-AR-0291,LG-AR-0291,1224,1038,186,858.54,728.67,84.9
CMP-AS-0292,LG-AS-0292,1007,427,580,1363.74,579.35,42.5
CMP-BR-0293,LG-BR-0293,829,417,412,1065.15,536.15,50.3
CMP-CG-0294,LG-CG-0294,1707,665,1042,1854.66,722.8,39.0
CMP-GA-0295,LG-GA-0295,2232,2009,223,889.5,800.7,90.0
CMP-GJ-0296,LG-GJ-0296,1198,1109,89,1356.33,1256.13,92.6
CMP-HR-0297,LG-HR-0297,691,661,30,941.76,901.03,95.7
CMP-HP-0298,LG-HP-0298,1244,1049,195,1197.18,1009.95,84.4
CMP-JH-0299,LG-JH-0299,1419,1188,231,2182.8,1827.8,83.7
CMP-KA-0300,LG-KA-0300,919,520,399,776.85,439.79,56.6
CMP-KL-0301,LG-KL-0301,1421,330,1091,1460.46,339.54,23.2
CMP-MP-0302,LG-MP-0302,322,141,181,128.61,56.4,43.9
CMP-MH-0303,LG-MH-0303,533,123,410,349.26,80.6,23.1
CMP-MN-0304,LG-MN-0304,222,85,137,261.75,100.67,38.5
CMP-ML-0305,LG-ML-0305,1126,820,306,1244.34,907.2,72.9
CMP-MZ-0306,LG-MZ-0306,962,484,478,1678.32,844.68,50.3
CMP-NL-0307,LG-NL-0307,1352,780,572,496.44,286.59,57.7
CMP-OD-0308,LG-OD-0308,221,207,14,366.9,344.23,93.8
CMP-PB-0309,LG-PB-0309,1326,1063,263,877.71,703.75,80.2
CMP-RJ-0310,LG-RJ-0310,700,443,257,510.24,323.37,63.4
CMP-SK-0311,LG-SK-0311,868,672,196,280.65,217.57,77.5
CMP-TN-0312,LG-TN-0312,1493,1271,222,1083.84,923.26,85.2
CMP-TS-0313,LG-TS-0313,890,644,246,291.99,211.33,72.4
CMP-TR-0314,LG-TR-0314,1730,1697,33,1031.73,1012.56,98.1
CMP-UP-0315,LG-UP-0315,1075,729,346,255.66,173.46,67.8
CMP-UK-0316,LG-UK-0316,986,957,29,976.68,948.77,97.1
CMP-WB-0317,LG-WB-0317,1590,1501,89,918.12,867.09,94.4
CMP-AN-0318,LG-AN-0318,609,466,143,879.51,673.91,76.6
CMP-CH-0319,LG-CH-0319,206,149,57,314.61,227.62,72.4
CMP-DH-0320,LG-DH-0320,317,298,19,478.95,450.5,94.1
CMP-DL-0321,LG-DL-0321,1095,832,263,889.86,676.76,76.1
CMP-JK-0322,LG-JK-0322,2139,1224,915,1179.6,675.47,57.3
CMP-LA-0323,LG-LA-0323,109,95,14,74.04,65.14,88.0
CMP-LD-0324,LG-LD-0324,996,475,521,1382.88,660.24,47.7
CMP-PY-0325,LG-PY-0325,396,228,168,903.69,522.25,57.8
CMP-AP-0326,LG-AP-0326,606,191,415,1634.16,516.14,31.6
CMP-AR-0327,LG-AR-0327,2009,498,1511,466.95,115.87,24.8
CMP-AS-0328,LG-AS-0328,237,202,35,87.48,74.81,85.5
CMP-BR-0329,LG-BR-0329,1092,622,470,597.9,340.8,57.0
CMP-CG-0330,LG-CG-0330,264,250,14,210.33,199.54,94.9
CMP-GA-0331,LG-GA-0331,752,641,111,429.63,366.32,85.3
CMP-GJ-0332,LG-GJ-0332,548,180,368,392.4,129.27,32.9
CMP-HR-0333,LG-HR-0333,2040,1081,959,1809.6,959.75,53.0
CMP-HP-0334,LG-HP-0334,298,291,7,306.3,299.98,97.9
CMP-JH-0335,LG-JH-0335,488,424,64,370.05,322.13,87.0
CMP-KA-0336,LG-KA-0336,1022,600,422,921.96,542.02,58.8
CMP-KL-0337,LG-KL-0337,538,448,90,243.3,202.76,83.3
CMP-MP-0338,LG-MP-0338,1607,645,962,572.01,229.72,40.2
CMP-MH-0339,LG-MH-0339,707,290,417,1219.8,501.93,41.1
CMP-MN-0340,LG-MN-0340,1697,1438,259,690.42,585.05,84.7
CMP-ML-0341,LG-ML-0341,1085,893,192,1121.85,924.18,82.4
CMP-MZ-0342,LG-MZ-0342,1014,412,602,470.07,191.38,40.7
CMP-NL-0343,LG-NL-0343,968,885,83,465.48,426.02,91.5
CMP-OD-0344,LG-OD-0344,2489,1974,515,1588.47,1260.43,79.3
CMP-PB-0345,LG-PB-0345,157,99,58,208.38,132.0,63.3
CMP-RJ-0346,LG-RJ-0346,961,666,295,845.07,585.75,69.3
CMP-SK-0347,LG-SK-0347,797,563,234,748.47,528.87,70.7
CMP-TN-0348,LG-TN-0348,1003,278,725,821.49,228.48,27.8
CMP-TS-0349,LG-TS-0349,662,608,54,667.8,614.08,92.0
CMP-TR-0350,LG-TR-0350,1188,941,247,477.18,378.29,79.3
CMP-UP-0351,LG-UP-0351,44,18,26,17.13,7.23,42.2
CMP-UK-0352,LG-UK-0352,291,201,90,383.85,265.61,69.2
CMP-WB-0353,LG-WB-0353,733,141,592,1650.51,318.5,19.3
CMP-AN-0354,LG-AN-0354,98,70,28,164.13,118.59,72.3
CMP-CH-0355,LG-CH-0355,1905,1524,381,1292.88,1034.79,80.0
CMP-DH-0356,LG-DH-0356,696,288,408,531.6,220.3,41.4
CMP-DL-0357,LG-DL-0357,1640,1393,247,2002.74,1701.51,85.0
CMP-JK-0358,LG-JK-0358,246,178,68,236.7,171.53,72.5
CMP-LA-0359,LG-LA-0359,2378,2059,319,547.47,474.15,86.6
CMP-LD-0360,LG-LD-0360,766,701,65,1158.3,1060.75,91.6
CMP-PY-0361,LG-PY-0361,2844,1368,1476,1527.57,735.1,48.1
CMP-AP-0362,LG-AP-0362,923,843,80,693.54,634.13,91.4
CMP-AR-0363,LG-AR-0363,547,385,162,184.62,130.12,70.5
CMP-AS-0364,LG-AS-0364,392,333,59,410.67,349.1,85.0
CMP-BR-0365,LG-BR-0365,960,855,105,669.27,596.58,89.1
CMP-CG-0366,LG-CG-0366,594,248,346,785.49,328.71,41.8
CMP-GA-0367,LG-GA-0367,1871,1362,509,646.2,470.47,72.8
CMP-GJ-0368,LG-GJ-0368,83,80,3,58.26,56.43,96.9
CMP-HR-0369,LG-HR-0369,2127,1812,315,1300.8,1108.73,85.2
CMP-HP-0370,LG-HP-0370,1093,810,283,411.57,305.33,74.2
CMP-JH-0371,LG-JH-0371,228,149,79,264.42,172.97,65.4
CMP-KA-0372,LG-KA-0372,378,368,10,690.72,672.58,97.4
CMP-KL-0373,LG-KL-0373,1495,1345,150,1273.5,1146.22,90.0
CMP-MP-0374,LG-MP-0374,2404,1049,1355,705.03,307.85,43.7
CMP-MH-0375,LG-MH-0375,1005,566,439,960.78,541.39,56.3
CMP-MN-0376,LG-MN-0376,1647,1015,632,408.75,252.07,61.7
CMP-ML-0377,LG-ML-0377,894,808,86,287.94,260.52,90.5
CMP-MZ-0378,LG-MZ-0378,114,103,11,235.29,213.99,90.9
CMP-NL-0379,LG-NL-0379,778,470,308,1322.7,799.1,60.4
CMP-OD-0380,LG-OD-0380,493,383,110,1174.11,913.08,77.8
CMP-PB-0381,LG-PB-0381,2271,1828,443,1388.22,1117.53,80.5
CMP-RJ-0382,LG-RJ-0382,1194,708,486,1842.48,1093.59,59.4
CMP-SK-0383,LG-SK-0383,461,204,257,283.59,125.78,44.4
CMP-TN-0384,LG-TN-0384,882,686,196,437.28,340.54,77.9
CMP-TS-0385,LG-TS-0385,195,129,66,276.09,183.02,66.3
CMP-TR-0386,LG-TR-0386,1465,934,531,1461.57,932.72,63.8
CMP-UP-0387,LG-UP-0387,1367,1102,265,2417.37,1950.27,80.7
CMP-UK-0388,LG-UK-0388,1804,1403,401,1642.17,1277.25,77.8
CMP-WB-0389,LG-WB-0389,1164,934,230,861.36,691.69,80.3
CMP-AN-0390,LG-AN-0390,84,76,8,87.33,80.05,91.7
CMP-CH-0391,LG-CH-0391,2361,1960,401,1074.36,892.29,83.1
CMP-DH-0392,LG-DH-0392,1020,272,748,1551.9,414.55,26.7
CMP-DL-0393,LG-DL-0393,89,67,22,240.54,182.51,75.9
CMP-JK-0394,LG-JK-0394,911,389,522,1245.93,532.93,42.8
CMP-LA-0395,LG-LA-0395,1105,1089,16,1691.91,1667.45,98.6
CMP-LD-0396,LG-LD-0396,1299,901,398,706.47,490.26,69.4
CMP-PY-0397,LG-PY-0397,306,226,80,113.04,83.56,73.9
CMP-AP-0398,LG-AP-0398,413,364,49,603.03,532.04,88.2
CMP-AR-0399,LG-AR-0399,166,129,37,288.75,225.01,77.9
CMP-AS-0400,LG-AS-0400,94,93,1,22.83,22.72,99.5
CMP-BR-0401,LG-BR-0401,1013,642,371,942.84,598.16,63.4
CMP-CG-0402,LG-CG-0402,871,549,322,1745.46,1101.76,63.1
CMP-GA-0403,LG-GA-0403,272,223,49,144.57,118.72,82.1
CMP-GJ-0404,LG-GJ-0404,367,164,203,552.57,246.99,44.7
CMP-HR-0405,LG-HR-0405,794,596,198,413.07,310.46,75.2
CMP-HP-0406,LG-HP-0406,1194,1032,162,645.24,558.23,86.5
CMP-JH-0407,LG-JH-0407,211,189,22,175.89,157.82,89.7
CMP-KA-0408,LG-KA-0408,1093,516,577,485.91,229.67,47.3
CMP-KL-0409,LG-KL-0409,299,130,169,83.79,36.48,43.5
CMP-MP-0410,LG-MP-0410,1400,1311,89,1635.45,1532.3,93.7
CMP-MH-0411,LG-MH-0411,444,416,28,200.55,188.31,93.9
CMP-MN-0412,LG-MN-0412,250,182,68,336.63,245.68,73.0
CMP-ML-0413,LG-ML-0413,2066,751,1315,1310.97,476.9,36.4
CMP-MZ-0414,LG-MZ-0414,1241,522,719,465.3,195.97,42.1
CMP-NL-0415,LG-NL-0415,456,195,261,193.05,82.76,42.9
CMP-OD-0416,LG-OD-0416,1843,1040,803,1627.95,918.76,56.4
CMP-PB-0417,LG-PB-0417,443,368,75,1092.18,908.28,83.2
CMP-RJ-0418,LG-RJ-0418,1336,754,582,1550.16,875.24,56.5
CMP-SK-0419,LG-SK-0419,170,49,121,50.94,14.92,29.3
CMP-TN-0420,LG-TN-0420,1362,938,424,1262.46,870.02,68.9
CMP-TS-0421,LG-TS-0421,482,261,221,383.13,207.88,54.3
CMP-TR-0422,LG-TR-0422,138,99,39,159.42,115.03,72.2
CMP-UP-0423,LG-UP-0423,786,132,654,2006.64,338.52,16.9
CMP-UK-0424,LG-UK-0424,636,100,536,794.04,125.38,15.8
CMP-WB-0425,LG-WB-0425,2662,2299,363,892.14,770.63,86.4
CMP-AN-0426,LG-AN-0426,1680,947,733,526.53,297.04,56.4
CMP-CH-0427,LG-CH-0427,602,242,360,570.0,229.38,40.2
CMP-DH-0428,LG-DH-0428,780,387,393,1524.0,756.16,49.6
CMP-DL-0429,LG-DL-0429,1571,1320,251,1597.68,1342.84,84.0
CMP-JK-0430,LG-JK-0430,574,345,229,467.43,281.66,60.3
CMP-LA-0431,LG-LA-0431,221,155,66,142.11,99.7,70.2
CMP-LD-0432,LG-LD-0432,94,81,13,60.66,52.55,86.6
CMP-PY-0433,LG-PY-0433,2701,2445,256,2447.31,2215.42,90.5
CMP-AP-0434,LG-AP-0434,2779,2038,741,1668.3,1223.89,73.4
CMP-AR-0435,LG-AR-0435,1224,814,410,999.93,665.24,66.5
CMP-AS-0436,LG-AS-0436,1592,1416,176,1519.74,1351.82,89.0
CMP-BR-0437,LG-BR-0437,829,556,273,348.42,233.98,67.2
CMP-CG-0438,LG-CG-0438,951,730,221,823.23,631.92,76.8
CMP-GA-0439,LG-GA-0439,1245,1140,105,686.76,628.96,91.6
CMP-GJ-0440,LG-GJ-0440,69,36,33,26.82,14.22,53.0
CMP-HR-0441,LG-HR-0441,261,124,137,362.73,173.64,47.9
CMP-HP-0442,LG-HP-0442,355,265,90,749.94,561.06,74.8
CMP-JH-0443,LG-JH-0443,781,193,588,1408.98,348.89,24.8
CMP-KA-0444,LG-KA-0444,843,701,142,818.1,681.05,83.2
CMP-KL-0445,LG-KL-0445,758,407,351,2074.14,1116.35,53.8
CMP-MP-0446,LG-MP-0446,1470,1254,216,1673.88,1428.89,85.4
CMP-MH-0447,LG-MH-0447,90,84,6,31.26,29.41,94.1
CMP-MN-0448,LG-MN-0448,696,263,433,410.55,155.52,37.9
CMP-ML-0449,LG-ML-0449,1606,1313,293,768.78,628.81,81.8
CMP-MZ-0450,LG-MZ-0450,1229,341,888,1515.39,420.84,27.8
CMP-NL-0451,LG-NL-0451,583,450,133,491.94,380.28,77.3
CMP-OD-0452,LG-OD-0452,1435,1318,117,972.0,893.06,91.9
CMP-PB-0453,LG-PB-0453,1047,913,134,1071.6,935.36,87.3
CMP-RJ-0454,LG-RJ-0454,292,215,77,121.56,89.7,73.8
CMP-SK-0455,LG-SK-0455,1695,1249,446,1852.8,1365.67,73.7
CMP-TN-0456,LG-TN-0456,36,11,25,34.38,11.42,33.2
CMP-TS-0457,LG-TS-0457,813,792,21,775.38,756.08,97.5
CMP-TR-0458,LG-TR-0458,1507,1467,40,1207.89,1176.19,97.4
CMP-UP-0459,LG-UP-0459,1030,798,232,450.36,349.18,77.5
CMP-UK-0460,LG-UK-0460,1119,521,598,427.17,199.12,46.6
CMP-WB-0461,LG-WB-0461,1040,719,321,747.9,517.65,69.2
CMP-AN-0462,LG-AN-0462,319,237,82,426.36,316.94,74.3
CMP-CH-0463,LG-CH-0463,1077,898,179,610.56,509.49,83.4
CMP-DH-0464,LG-DH-0464,374,228,146,476.91,291.59,61.1
CMP-DL-0465,LG-DL-0465,2335,2155,180,1313.94,1213.09,92.3
CMP-JK-0466,LG-JK-0466,676,550,126,653.07,531.77,81.4
CMP-LA-0467,LG-LA-0467,69,55,14,45.63,36.43,79.8
CMP-LD-0468,LG-LD-0468,1118,1095,23,776.76,761.37,98.0
CMP-PY-0469,LG-PY-0469,308,295,13,408.36,391.62,95.9
CMP-AP-0470,LG-AP-0470,1165,800,365,977.04,671.02,68.7
CMP-AR-0471,LG-AR-0471,658,599,59,711.48,648.21,91.1
CMP-AS-0472,LG-AS-0472,956,687,269,1594.29,1146.73,71.9
CMP-BR-0473,LG-BR-0473,446,402,44,201.93,182.29,90.3
CMP-CG-0474,LG-CG-0474,667,533,134,1259.73,1008.11,80.0
CMP-GA-0475,LG-GA-0475,60,46,14,44.91,35.06,78.1
CMP-GJ-0476,LG-GJ-0476,949,404,545,2023.35,862.79,42.6
CMP-HR-0477,LG-HR-0477,1378,894,484,314.73,204.22,64.9
CMP-HP-0478,LG-HP-0478,452,222,230,497.88,244.77,49.2
CMP-JH-0479,LG-JH-0479,1204,1090,114,519.06,470.08,90.6
CMP-KA-0480,LG-KA-0480,523,501,22,781.53,748.84,95.8
CMP-KL-0481,LG-KL-0481,793,691,102,361.41,315.34,87.3
CMP-MP-0482,LG-MP-0482,833,628,205,483.09,364.53,75.5
CMP-MH-0483,LG-MH-0483,100,80,20,141.54,114.12,80.6
CMP-MN-0484,LG-MN-0484,1300,973,327,1558.17,1166.32,74.9
CMP-ML-0485,LG-ML-0485,582,458,124,992.94,781.83,78.7
CMP-MZ-0486,LG-MZ-0486,681,405,276,1598.46,950.99,59.5
CMP-NL-0487,LG-NL-0487,1498,674,824,2495.37,1124.3,45.1
CMP-OD-0488,LG-OD-0488,2744,2582,162,1324.56,1246.42,94.1
CMP-PB-0489,LG-PB-0489,1820,1381,439,1523.07,1156.49,75.9
CMP-RJ-0490,LG-RJ-0490,1742,1044,698,1162.29,696.82,60.0
CMP-SK-0491,LG-SK-0491,2130,799,1331,1980.87,743.96,37.6
CMP-TN-0492,LG-TN-0492,445,312,133,372.24,261.23,70.2
CMP-TS-0493,LG-TS-0493,1420,1043,377,1018.59,748.52,73.5
CMP-TR-0494,LG-TR-0494,1833,1692,141,1596.27,1473.94,92.3
CMP-UP-0495,LG-UP-0495,938,324,614,1181.46,408.31,34.6
CMP-UK-0496,LG-UK-0496,1728,1266,462,1559.94,1143.4,73.3
CMP-WB-0497,LG-WB-0497,1178,1067,111,527.13,477.87,90.7
CMP-AN-0498,LG-AN-0498,587,453,134,279.54,216.01,77.3
CMP-CH-0499,LG-CH-0499,1006,435,571,565.32,244.74,43.3
CMP-DH-0500,LG-DH-0500,1067,739,328,1087.62,753.69,69.3
CMP-DL-0501,LG-DL-0501,353,337,16,346.68,331.74,95.7
CMP-JK-0502,LG-JK-0502,520,421,99,467.97,379.08,81.0
CMP-LA-0503,LG-LA-0503,1615,1507,108,2239.47,2090.24,93.3
CMP-LD-0504,LG-LD-0504,761,415,346,971.1,530.69,54.6
CMP-PY-0505,LG-PY-0505,262,216,46,114.93,95.19,82.8
CMP-AP-0506,LG-AP-0506,74,52,22,174.12,124.63,71.6
CMP-AR-0507,LG-AR-0507,60,59,1,116.43,115.85,99.5
CMP-AS-0508,LG-AS-0508,545,496,49,438.45,399.79,91.2
CMP-BR-0509,LG-BR-0509,559,247,312,281.91,124.89,44.3
CMP-CG-0510,LG-CG-0510,654,161,493,623.61,153.92,24.7
CMP-GA-0511,LG-GA-0511,1406,1186,220,1779.03,1501.77,84.4
CMP-GJ-0512,LG-GJ-0512,2586,537,2049,1437.18,298.46,20.8
CMP-HR-0513,LG-HR-0513,1009,675,334,2490.48,1666.94,66.9
CMP-HP-0514,LG-HP-0514,249,129,120,125.73,65.27,51.9
CMP-JH-0515,LG-JH-0515,631,519,112,353.16,290.49,82.3
CMP-KA-0516,LG-KA-0516,308,229,79,270.63,201.59,74.5
CMP-KL-0517,LG-KL-0517,84,83,1,28.8,28.64,99.5
CMP-MP-0518,LG-MP-0518,1605,1561,44,1387.17,1349.51,97.3
CMP-MH-0519,LG-MH-0519,230,167,63,268.56,195.45,72.8
CMP-MN-0520,LG-MN-0520,986,748,238,1182.66,897.97,75.9
CMP-ML-0521,LG-ML-0521,1800,1056,744,530.64,311.47,58.7
CMP-MZ-0522,LG-MZ-0522,336,256,80,238.32,182.13,76.4
CMP-NL-0523,LG-NL-0523,1612,1051,561,842.85,549.58,65.2
CMP-OD-0524,LG-OD-0524,166,125,41,178.71,135.33,75.7
CMP-PB-0525,LG-PB-0525,235,119,116,151.14,77.16,51.1
CMP-RJ-0526,LG-RJ-0526,647,270,377,659.91,275.41,41.7
CMP-SK-0527,LG-SK-0527,527,465,62,496.08,438.37,88.4
CMP-TN-0528,LG-TN-0528,2140,975,1165,2372.49,1081.76,45.6
CMP-TS-0529,LG-TS-0529,1302,665,637,1225.17,626.03,51.1
CMP-TR-0530,LG-TR-0530,801,654,147,533.94,436.0,81.7
CMP-UP-0531,LG-UP-0531,1325,1273,52,586.89,563.87,96.1
CMP-UK-0532,LG-UK-0532,1448,1204,244,2369.49,1971.06,83.2
CMP-WB-0533,LG-WB-0533,724,539,185,1428.54,1064.8,74.5
CMP-AN-0534,LG-AN-0534,2512,1600,912,2529.45,1611.74,63.7
CMP-CH-0535,LG-CH-0535,948,631,317,906.81,603.98,66.6
CMP-DH-0536,LG-DH-0536,228,209,19,148.29,136.05,91.7
CMP-DL-0537,LG-DL-0537,22,20,2,69.54,65.64,94.4
CMP-JK-0538,LG-JK-0538,64,33,31,115.35,60.42,52.4
CMP-LA-0539,LG-LA-0539,543,257,286,216.93,102.86,47.4
CMP-LD-0540,LG-LD-0540,1886,1516,370,1755.0,1411.51,80.4
CMP-PY-0541,LG-PY-0541,850,438,412,1100.7,568.07,51.6
CMP-AP-0542,LG-AP-0542,251,220,31,232.74,204.46,87.8
CMP-AR-0543,LG-AR-0543,333,168,165,394.26,199.99,50.7
CMP-AS-0544,LG-AS-0544,1781,1023,758,748.98,430.35,57.5
CMP-BR-0545,LG-BR-0545,964,776,188,1356.27,1092.46,80.5
CMP-CG-0546,LG-CG-0546,2007,944,1063,1998.78,940.65,47.1
CMP-GA-0547,LG-GA-0547,1478,758,720,694.62,356.57,51.3
CMP-GJ-0548,LG-GJ-0548,827,711,116,552.24,475.03,86.0
CMP-HR-0549,LG-HR-0549,1389,857,532,714.48,440.95,61.7
CMP-HP-0550,LG-HP-0550,96,84,12,76.05,66.93,88.0
CMP-JH-0551,LG-JH-0551,1073,767,306,569.76,407.61,71.5
CMP-KA-0552,LG-KA-0552,2302,1903,399,631.23,521.95,82.7
CMP-KL-0553,LG-KL-0553,95,40,55,63.75,27.35,42.9
CMP-MP-0554,LG-MP-0554,282,105,177,411.99,153.79,37.3
CMP-MH-0555,LG-MH-0555,655,558,97,604.47,515.0,85.2
CMP-MN-0556,LG-MN-0556,845,588,257,2325.9,1619.53,69.6
CMP-ML-0557,LG-ML-0557,2436,1758,678,1930.41,1393.88,72.2
CMP-MZ-0558,LG-MZ-0558,1743,1080,663,1882.71,1167.62,62.0
CMP-NL-0559,LG-NL-0559,361,267,94,497.97,368.86,74.1
CMP-OD-0560,LG-OD-0560,50,45,5,81.66,74.95,91.8
CMP-PB-0561,LG-PB-0561,1832,1085,747,1092.78,647.41,59.2
CMP-RJ-0562,LG-RJ-0562,591,467,124,608.1,480.89,79.1
CMP-SK-0563,LG-SK-0563,336,264,72,129.63,102.07,78.7
CMP-TN-0564,LG-TN-0564,189,152,37,330.72,267.51,80.9
CMP-TS-0565,LG-TS-0565,154,40,114,269.7,70.66,26.2
CMP-TR-0566,LG-TR-0566,720,293,427,648.51,264.71,40.8
CMP-UP-0567,LG-UP-0567,1554,1080,474,575.61,400.09,69.5
CMP-UK-0568,LG-UK-0568,493,375,118,192.9,147.05,76.2
CMP-WB-0569,LG-WB-0569,807,762,45,588.12,555.4,94.4
CMP-AN-0570,LG-AN-0570,1367,1302,65,1115.55,1063.19,95.3
CMP-CH-0571,LG-CH-0571,479,450,29,456.42,429.44,94.1
CMP-DH-0572,LG-DH-0572,119,80,39,126.3,85.11,67.4
CMP-DL-0573,LG-DL-0573,385,268,117,544.02,379.33,69.7
CMP-JK-0574,LG-JK-0574,434,369,65,479.31,407.64,85.0
CMP-LA-0575,LG-LA-0575,749,561,188,878.13,658.43,75.0
CMP-LD-0576,LG-LD-0576,1397,1008,389,506.4,365.57,72.2
CMP-PY-0577,LG-PY-0577,1538,1169,369,766.2,582.74,76.1
CMP-AP-0578,LG-AP-0578,546,363,183,284.34,189.2,66.5
CMP-AR-0579,LG-AR-0579,456,247,209,939.39,510.53,54.3
CMP-AS-0580,LG-AS-0580,2765,2022,743,1758.39,1286.32,73.2
CMP-BR-0581,LG-BR-0581,977,487,490,1050.99,524.54,49.9
CMP-CG-0582,LG-CG-0582,770,579,191,703.05,529.05,75.3
CMP-GA-0583,LG-GA-0583,739,403,336,438.12,239.39,54.6
CMP-GJ-0584,LG-GJ-0584,179,37,142,76.23,15.88,20.8
CMP-HR-0585,LG-HR-0585,297,67,230,170.76,38.84,22.7
CMP-HP-0586,LG-HP-0586,146,141,5,78.84,76.28,96.8
CMP-JH-0587,LG-JH-0587,814,203,611,1368.33,342.27,25.0
CMP-KA-0588,LG-KA-0588,835,692,143,1792.11,1486.23,82.9
CMP-KL-0589,LG-KL-0589,1616,1517,99,587.31,551.49,93.9
CMP-MP-0590,LG-MP-0590,1803,901,902,1142.97,571.8,50.0
CMP-MH-0591,LG-MH-0591,1424,808,616,1028.13,583.89,56.8
CMP-MN-0592,LG-MN-0592,1093,630,463,834.93,481.63,57.7
CMP-ML-0593,LG-ML-0593,1227,798,429,1364.73,887.82,65.1
CMP-MZ-0594,LG-MZ-0594,95,47,48,118.98,60.0,50.4
CMP-NL-0595,LG-NL-0595,702,376,326,910.05,488.37,53.7
CMP-OD-0596,LG-OD-0596,665,103,562,421.92,65.91,15.6
CMP-PB-0597,LG-PB-0597,2669,1597,1072,596.52,357.08,59.9
CMP-RJ-0598,LG-RJ-0598,2045,1843,202,1873.11,1688.26,90.1
CMP-SK-0599,LG-SK-0599,1892,726,1166,2031.27,780.47,38.4
CMP-TN-0600,LG-TN-0600,814,606,208,1560.18,1161.84,74.5
CMP-TS-0601,LG-TS-0601,2456,1841,615,1901.49,1425.47,75.0
CMP-TR-0602,LG-TR-0602,1204,756,448,409.05,256.98,62.8
CMP-UP-0603,LG-UP-0603,1970,1322,648,1487.58,998.73,67.1
CMP-UK-0604,LG-UK-0604,646,305,341,926.07,438.19,47.3
CMP-WB-0605,LG-WB-0605,1681,627,1054,903.06,337.26,37.3
CMP-AN-0606,LG-AN-0606,567,535,32,669.63,632.97,94.5
CMP-CH-0607,LG-CH-0607,645,622,23,630.75,608.9,96.5
CMP-DH-0608,LG-DH-0608,1053,1008,45,1120.23,1073.39,95.8
CMP-DL-0609,LG-DL-0609,1872,945,927,1613.58,814.75,50.5
CMP-JK-0610,LG-JK-0610,574,400,174,334.17,233.33,69.8
CMP-LA-0611,LG-LA-0611,291,246,45,159.3,135.13,84.8
CMP-LD-0612,LG-LD-0612,1015,847,168,1042.11,870.12,83.5
CMP-PY-0613,LG-PY-0613,992,651,341,601.5,394.76,65.6
CMP-AP-0614,LG-AP-0614,113,49,64,148.53,65.58,44.2
CMP-AR-0615,LG-AR-0615,1740,1680,60,1407.75,1359.72,96.6
CMP-AS-0616,LG-AS-0616,1035,554,481,451.62,242.03,53.6
CMP-BR-0617,LG-BR-0617,1137,546,591,1086.78,522.15,48.0
CMP-CG-0618,LG-CG-0618,1927,1296,631,1628.13,1095.78,67.3
CMP-GA-0619,LG-GA-0619,906,563,343,330.54,205.41,62.1
CMP-GJ-0620,LG-GJ-0620,367,242,125,672.93,444.54,66.1
CMP-HR-0621,LG-HR-0621,843,389,454,607.32,280.74,46.2
CMP-HP-0622,LG-HP-0622,248,151,97,664.38,406.11,61.1
CMP-JH-0623,LG-JH-0623,1881,1843,38,1348.32,1321.11,98.0
CMP-KA-0624,LG-KA-0624,1013,414,599,787.89,322.55,40.9
CMP-KL-0625,LG-KL-0625,1271,1266,5,1706.04,1699.79,99.6
CMP-MP-0626,LG-MP-0626,956,384,572,2318.58,933.62,40.3
CMP-MH-0627,LG-MH-0627,2684,2071,613,2293.92,1770.79,77.2
CMP-MN-0628,LG-MN-0628,444,407,37,342.27,314.1,91.8
CMP-ML-0629,LG-ML-0629,1606,1544,62,1973.16,1898.08,96.2
CMP-MZ-0630,LG-MZ-0630,303,140,163,360.45,167.07,46.4
CMP-NL-0631,LG-NL-0631,635,585,50,824.97,760.24,92.2
CMP-OD-0632,LG-OD-0632,2043,744,1299,1178.01,429.26,36.4
CMP-PB-0633,LG-PB-0633,1307,812,495,1123.74,698.78,62.2
CMP-RJ-0634,LG-RJ-0634,376,300,76,248.58,198.83,80.0
CMP-SK-0635,LG-SK-0635,2729,1626,1103,1452.48,865.71,59.6
CMP-TN-0636,LG-TN-0636,1180,701,479,2003.97,1190.97,59.4
CMP-TS-0637,LG-TS-0637,71,67,4,174.57,165.88,95.0
CMP-TR-0638,LG-TR-0638,482,373,109,418.26,324.32,77.5
CMP-UP-0639,LG-UP-0639,921,580,341,475.32,299.79,63.1
CMP-UK-0640,LG-UK-0640,1054,880,174,909.93,760.19,83.5
CMP-WB-0641,LG-WB-0641,214,212,2,280.86,279.23,99.4
CMP-AN-0642,LG-AN-0642,801,667,134,998.37,831.68,83.3
CMP-CH-0643,LG-CH-0643,2059,914,1145,1728.06,767.78,44.4
CMP-DH-0644,LG-DH-0644,1612,1048,564,1424.64,926.66,65.0
CMP-DL-0645,LG-DL-0645,1421,1036,385,702.99,512.89,73.0
CMP-JK-0646,LG-JK-0646,1318,454,864,1211.97,417.54,34.5
CMP-LA-0647,LG-LA-0647,310,234,76,186.9,141.64,75.8
CMP-LD-0648,LG-LD-0648,793,634,159,903.93,723.1,80.0
CMP-PY-0649,LG-PY-0649,766,672,94,649.8,570.12,87.7
CMP-AP-0650,LG-AP-0650,395,283,112,699.06,501.63,71.8
CMP-AR-0651,LG-AR-0651,308,237,71,630.36,486.62,77.2
CMP-AS-0652,LG-AS-0652,752,651,101,1115.79,966.42,86.6
CMP-BR-0653,LG-BR-0653,1545,686,859,1775.25,788.8,44.4
CMP-CG-0654,LG-CG-0654,2547,2288,259,2185.14,1963.72,89.9
CMP-GA-0655,LG-GA-0655,1254,1090,164,1738.74,1511.55,86.9
CMP-GJ-0656,LG-GJ-0656,1002,418,584,2291.01,956.06,41.7
CMP-HR-0657,LG-HR-0657,1004,854,150,1160.52,987.55,85.1
CMP-HP-0658,LG-HP-0658,304,201,103,274.08,181.39,66.2
CMP-JH-0659,LG-JH-0659,634,553,81,825.54,720.87,87.3
CMP-KA-0660,LG-KA-0660,341,218,123,287.46,184.45,64.2
CMP-KL-0661,LG-KL-0661,283,151,132,509.1,272.39,53.5
CMP-MP-0662,LG-MP-0662,345,302,43,461.16,404.05,87.6
CMP-MH-0663,LG-MH-0663,428,248,180,132.93,77.3,58.2
CMP-MN-0664,LG-MN-0664,438,436,2,145.35,144.87,99.7
CMP-ML-0665,LG-ML-0665,1720,727,993,1940.31,820.98,42.3
CMP-MZ-0666,LG-MZ-0666,73,31,42,68.76,30.12,43.8
CMP-NL-0667,LG-NL-0667,1893,858,1035,1663.26,754.33,45.4
CMP-OD-0668,LG-OD-0668,674,131,543,390.9,76.24,19.5
CMP-PB-0669,LG-PB-0669,987,310,677,692.85,218.18,31.5
CMP-RJ-0670,LG-RJ-0670,458,293,165,446.4,286.14,64.1
CMP-SK-0671,LG-SK-0671,1742,1443,299,1001.31,829.69,82.9
CMP-TN-0672,LG-TN-0672,256,218,38,284.25,242.75,85.4
CMP-TS-0673,LG-TS-0673,1624,1504,120,777.54,720.2,92.6
CMP-TR-0674,LG-TR-0674,64,50,14,86.79,68.62,79.1
CMP-UP-0675,LG-UP-0675,1398,378,1020,834.24,225.99,27.1
CMP-UK-0676,LG-UK-0676,1661,1473,188,1675.2,1486.56,88.7
CMP-WB-0677,LG-WB-0677,823,350,473,682.32,290.34,42.6
CMP-AN-0678,LG-AN-0678,1746,1068,678,2032.11,1243.71,61.2
CMP-CH-0679,LG-CH-0679,2369,1872,497,2191.98,1732.46,79.0
CMP-DH-0680,LG-DH-0680,337,281,56,481.47,402.23,83.5
CMP-DL-0681,LG-DL-0681,519,295,224,612.27,348.13,56.9
CMP-JK-0682,LG-JK-0682,222,174,48,223.68,175.55,78.5
CMP-LA-0683,LG-LA-0683,1607,1093,514,1532.85,1043.24,68.1
CMP-LD-0684,LG-LD-0684,206,136,70,403.2,267.58,66.4
CMP-PY-0685,LG-PY-0685,1049,943,106,395.82,356.19,90.0
CMP-AP-0686,LG-AP-0686,96,41,55,34.71,14.98,43.2
CMP-AR-0687,LG-AR-0687,1812,1418,394,1575.3,1232.88,78.3
CMP-AS-0688,LG-AS-0688,1476,330,1146,446.58,100.0,22.4
CMP-BR-0689,LG-BR-0689,699,656,43,373.89,351.13,93.9
CMP-CG-0690,LG-CG-0690,437,359,78,573.96,472.39,82.3
CMP-GA-0691,LG-GA-0691,2104,1988,116,1140.39,1077.55,94.5
CMP-GJ-0692,LG-GJ-0692,1271,852,419,1502.88,1008.03,67.1
CMP-HR-0693,LG-HR-0693,196,82,114,505.95,212.08,41.9
CMP-HP-0694,LG-HP-0694,610,439,171,738.09,531.48,72.0
CMP-JH-0695,LG-JH-0695,597,250,347,416.46,174.57,41.9
CMP-KA-0696,LG-KA-0696,135,65,70,68.52,33.47,48.8
CMP-KL-0697,LG-KL-0697,799,492,307,1505.97,927.38,61.6
CMP-MP-0698,LG-MP-0698,1144,1075,69,739.02,694.99,94.0
CMP-MH-0699,LG-MH-0699,1638,968,670,1443.87,853.45,59.1
CMP-MN-0700,LG-MN-0700,200,150,50,330.84,249.55,75.4
CMP-ML-0701,LG-ML-0701,138,131,7,158.7,151.36,95.4
CMP-MZ-0702,LG-MZ-0702,1175,783,392,2279.22,1520.26,66.7
CMP-NL-0703,LG-NL-0703,695,567,128,1068.99,873.17,81.7
CMP-OD-0704,LG-OD-0704,37,19,18,30.36,15.71,51.7
CMP-PB-0705,LG-PB-0705,1443,1045,398,764.52,553.66,72.4
CMP-RJ-0706,LG-RJ-0706,101,43,58,21.06,9.1,43.2
CMP-SK-0707,LG-SK-0707,259,243,16,96.75,90.99,94.0
CMP-TN-0708,LG-TN-0708,832,409,423,768.63,378.01,49.2
CMP-TS-0709,LG-TS-0709,1957,1805,152,2204.43,2034.29,92.3
CMP-TR-0710,LG-TR-0710,119,107,12,156.48,141.73,90.6
CMP-UP-0711,LG-UP-0711,870,568,302,1266.54,826.98,65.3
CMP-UK-0712,LG-UK-0712,831,439,392,503.16,266.0,52.9
CMP-WB-0713,LG-WB-0713,678,653,25,1047.36,1010.27,96.5
CMP-AN-0714,LG-AN-0714,1755,1485,270,2386.32,2019.49,84.6
CMP-CH-0715,LG-CH-0715,257,63,194,400.05,98.96,24.7
CMP-DH-0716,LG-DH-0716,483,213,270,677.43,299.46,44.2
CMP-DL-0717,LG-DL-0717,772,553,219,1264.32,907.09,71.7
CMP-JK-0718,LG-JK-0718,1520,996,524,2106.18,1380.83,65.6
CMP-LA-0719,LG-LA-0719,1199,997,202,377.16,313.79,83.2
CMP-LD-0720,LG-LD-0720,1071,972,99,1596.09,1449.3,90.8
CMP-PY-0721,LG-PY-0721,65,45,20,85.71,59.45,69.4
CMP-AP-0722,LG-AP-0722,292,227,65,185.88,144.73,77.9
CMP-AR-0723,LG-AR-0723,1350,1142,208,2198.49,1860.81,84.6
CMP-AS-0724,LG-AS-0724,735,317,418,587.52,253.53,43.2
CMP-BR-0725,LG-BR-0725,1671,1265,406,1076.67,815.15,75.7
CMP-CG-0726,LG-CG-0726,1209,402,807,1143.48,380.32,33.3
CMP-GA-0727,LG-GA-0727,1177,1016,161,580.32,500.99,86.3
CMP-GJ-0728,LG-GJ-0728,1344,704,640,883.44,463.37,52.5
CMP-HR-0729,LG-HR-0729,1505,1154,351,1074.9,824.35,76.7
CMP-HP-0730,LG-HP-0730,344,312,32,315.75,286.72,90.8
CMP-JH-0731,LG-JH-0731,2600,2409,191,1025.22,950.2,92.7
CMP-KA-0732,LG-KA-0732,877,856,21,1051.08,1026.88,97.7
CMP-KL-0733,LG-KL-0733,1009,638,371,1371.12,867.34,63.3
CMP-MP-0734,LG-MP-0734,2005,871,1134,960.36,417.57,43.5
CMP-MH-0735,LG-MH-0735,609,420,189,830.28,572.79,69.0
CMP-MN-0736,LG-MN-0736,2648,2409,239,1131.03,1029.08,91.0
CMP-ML-0737,LG-ML-0737,203,110,93,139.89,76.36,54.6
CMP-MZ-0738,LG-MZ-0738,1246,1081,165,1360.77,1181.2,86.8
CMP-NL-0739,LG-NL-0739,126,117,9,63.0,58.55,92.9
CMP-OD-0740,LG-OD-0740,2006,1984,22,842.04,832.89,98.9
CMP-PB-0741,LG-PB-0741,921,490,431,769.71,409.69,53.2
CMP-RJ-0742,LG-RJ-0742,1201,753,448,2015.85,1264.72,62.7
CMP-SK-0743,LG-SK-0743,303,251,52,392.16,326.07,83.1
CMP-TN-0744,LG-TN-0744,1795,1095,700,2280.54,1392.16,61.0
CMP-TS-0745,LG-TS-0745,1571,640,931,1681.62,685.12,40.7
CMP-TR-0746,LG-TR-0746,712,305,407,404.01,173.19,42.9
CMP-UP-0747,LG-UP-0747,890,680,210,1270.35,970.78,76.4
CMP-UK-0748,LG-UK-0748,183,181,2,117.15,115.98,99.0
CMP-WB-0749,LG-WB-0749,2197,2085,112,2300.97,2184.18,94.9
CMP-AN-0750,LG-AN-0750,158,149,9,99.06,93.89,94.8
CMP-CH-0751,LG-CH-0751,127,44,83,168.36,59.2,35.2
CMP-DH-0752,LG-DH-0752,1152,820,332,712.08,506.89,71.2
CMP-DL-0753,LG-DL-0753,378,120,258,260.22,83.14,32.0
CMP-JK-0754,LG-JK-0754,379,264,115,585.0,407.72,69.7
CMP-LA-0755,LG-LA-0755,426,355,71,776.04,648.46,83.6
CMP-LD-0756,LG-LD-0756,500,175,325,206.4,72.38,35.1
CMP-PY-0757,LG-PY-0757,943,464,479,336.96,166.0,49.3
CMP-AP-0758,LG-AP-0758,2444,1780,664,1957.77,1426.62,72.9
CMP-AR-0759,LG-AR-0759,509,448,61,1018.41,896.92,88.1
CMP-AS-0760,LG-AS-0760,706,574,132,454.5,370.1,81.4
CMP-BR-0761,LG-BR-0761,111,103,8,100.71,93.71,93.0
CMP-CG-0762,LG-CG-0762,416,374,42,478.83,430.72,90.0
CMP-GA-0763,LG-GA-0763,723,578,145,829.11,663.44,80.0
CMP-GJ-0764,LG-GJ-0764,204,195,9,371.22,355.5,95.8
CMP-HR-0765,LG-HR-0765,1392,1258,134,1893.33,1711.5,90.4
CMP-HP-0766,LG-HP-0766,976,288,688,443.61,131.15,29.6
CMP-JH-0767,LG-JH-0767,1862,1592,270,1027.95,879.32,85.5
CMP-KA-0768,LG-KA-0768,530,480,50,170.37,154.42,90.6
CMP-KL-0769,LG-KL-0769,1264,968,296,734.04,562.29,76.6
CMP-MP-0770,LG-MP-0770,978,858,120,1042.65,915.18,87.8
CMP-MH-0771,LG-MH-0771,233,218,15,414.87,389.44,93.9
CMP-MN-0772,LG-MN-0772,407,197,210,824.82,399.96,48.5
CMP-ML-0773,LG-ML-0773,544,497,47,918.99,841.17,91.5
CMP-MZ-0774,LG-MZ-0774,918,684,234,1960.08,1462.39,74.6
CMP-NL-0775,LG-NL-0775,936,881,55,515.64,485.61,94.2
CMP-OD-0776,LG-OD-0776,1255,1148,107,1375.95,1258.72,91.5
CMP-PB-0777,LG-PB-0777,392,248,144,568.74,360.48,63.4
CMP-RJ-0778,LG-RJ-0778,2527,1568,959,2003.88,1243.79,62.1
CMP-SK-0779,LG-SK-0779,1146,502,644,2144.04,939.28,43.8
CMP-TN-0780,LG-TN-0780,72,62,10,21.03,18.11,86.1
CMP-TS-0781,LG-TS-0781,1130,624,506,1602.09,885.81,55.3
CMP-TR-0782,LG-TR-0782,1244,955,289,1099.41,844.41,76.8
CMP-UP-0783,LG-UP-0783,2060,1892,168,667.86,613.6,91.9
CMP-UK-0784,LG-UK-0784,1304,1098,206,2013.36,1695.72,84.2
CMP-WB-0785,LG-WB-0785,1108,1083,25,532.14,520.53,97.8
CMP-AN-0786,LG-AN-0786,329,143,186,158.22,68.84,43.5
CMP-CH-0787,LG-CH-0787,318,314,4,313.65,309.84,98.8
CMP-DH-0788,LG-DH-0788,818,355,463,1026.75,445.85,43.4
CMP-DL-0789,LG-DL-0789,1024,996,28,1255.32,1222.2,97.4
CMP-JK-0790,LG-JK-0790,907,876,31,1009.83,976.32,96.7
CMP-LA-0791,LG-LA-0791,421,325,96,131.1,101.34,77.3
CMP-LD-0792,LG-LD-0792,846,516,330,725.31,443.18,61.1
CMP-PY-0793,LG-PY-0793,915,485,430,398.49,211.32,53.0
CMP-AP-0794,LG-AP-0794,1005,455,550,1381.41,626.02,45.3
CMP-AR-0795,LG-AR-0795,1947,1770,177,2325.51,2114.84,90.9
CMP-AS-0796,LG-AS-0796,191,127,64,556.26,372.16,66.9
CMP-BR-0797,LG-BR-0797,904,690,214,1019.13,778.82,76.4
CMP-CG-0798,LG-CG-0798,1340,800,540,790.41,472.25,59.7
CMP-GA-0799,LG-GA-0799,1244,312,932,1342.89,337.02,25.1
CMP-GJ-0800,LG-GJ-0800,1314,773,541,1595.76,939.32,58.9
CMP-HR-0801,LG-HR-0801,409,322,87,165.81,130.66,78.8
CMP-HP-0802,LG-HP-0802,543,431,112,330.24,262.25,79.4
CMP-JH-0803,LG-JH-0803,1061,948,113,804.66,718.99,89.4
CMP-KA-0804,LG-KA-0804,69,67,2,40.74,39.62,97.3
CMP-KL-0805,LG-KL-0805,2846,2837,9,1907.97,1902.28,99.7
CMP-MP-0806,LG-MP-0806,1193,750,443,935.88,589.01,62.9
CMP-MH-0807,LG-MH-0807,283,110,173,367.2,143.87,39.2
CMP-MN-0808,LG-MN-0808,319,271,48,144.6,123.09,85.1
CMP-ML-0809,LG-ML-0809,750,366,384,1596.54,780.75,48.9
CMP-MZ-0810,LG-MZ-0810,1482,794,688,1593.39,854.05,53.6
CMP-NL-0811,LG-NL-0811,1931,1495,436,793.17,614.21,77.4
CMP-OD-0812,LG-OD-0812,1030,781,249,299.07,226.92,75.9
CMP-PB-0813,LG-PB-0813,180,93,87,422.85,219.1,51.8
CMP-RJ-0814,LG-RJ-0814,1485,702,783,1192.95,564.6,47.3
CMP-SK-0815,LG-SK-0815,830,574,256,497.88,344.36,69.2
CMP-TN-0816,LG-TN-0816,108,33,75,228.87,71.2,31.1
CMP-TS-0817,LG-TS-0817,368,258,110,142.26,99.83,70.2
CMP-TR-0818,LG-TR-0818,1473,1311,162,615.57,548.07,89.0
CMP-UP-0819,LG-UP-0819,1195,855,340,1985.67,1421.28,71.6
CMP-UK-0820,LG-UK-0820,141,112,29,89.85,71.73,79.8
CMP-WB-0821,LG-WB-0821,1624,1277,347,646.68,508.85,78.7
CMP-AN-0822,LG-AN-0822,1144,817,327,2255.1,1611.92,71.5
CMP-CH-0823,LG-CH-0823,2096,918,1178,1794.0,785.87,43.8
CMP-DH-0824,LG-DH-0824,1208,1195,13,1227.12,1214.34,99.0
CMP-DL-0825,LG-DL-0825,2326,1988,338,502.98,429.93,85.5
CMP-JK-0826,LG-JK-0826,1019,687,332,2433.81,1642.87,67.5
CMP-LA-0827,LG-LA-0827,1155,916,239,307.59,244.18,79.4
CMP-LD-0828,LG-LD-0828,1207,464,743,941.04,362.25,38.5
CMP-PY-0829,LG-PY-0829,311,232,79,307.14,229.33,74.7
CMP-AP-0830,LG-AP-0830,239,143,96,114.48,68.72,60.0
CMP-AR-0831,LG-AR-0831,1726,1217,509,1606.29,1133.15,70.5
CMP-AS-0832,LG-AS-0832,942,752,190,677.04,540.82,79.9
CMP-BR-0833,LG-BR-0833,147,141,6,110.37,106.23,96.3
CMP-CG-0834,LG-CG-0834,257,161,96,220.08,138.72,63.0
CMP-GA-0835,LG-GA-0835,1377,712,665,313.8,162.39,51.7
CMP-GJ-0836,LG-GJ-0836,276,142,134,409.44,211.43,51.6
CMP-HR-0837,LG-HR-0837,1488,848,640,1092.54,623.36,57.1
CMP-HP-0838,LG-HP-0838,365,227,138,591.0,368.31,62.3
CMP-JH-0839,LG-JH-0839,417,301,116,444.21,321.14,72.3
CMP-KA-0840,LG-KA-0840,819,352,467,620.43,267.14,43.1
CMP-KL-0841,LG-KL-0841,472,243,229,886.74,457.08,51.5
CMP-MP-0842,LG-MP-0842,1489,1158,331,1852.65,1441.81,77.8
CMP-MH-0843,LG-MH-0843,203,137,66,379.38,257.79,68.0
CMP-MN-0844,LG-MN-0844,2141,1484,657,1058.28,734.0,69.4
CMP-ML-0845,LG-ML-0845,65,49,16,65.07,49.81,76.6
CMP-MZ-0846,LG-MZ-0846,643,377,266,592.62,348.1,58.7
CMP-NL-0847,LG-NL-0847,381,339,42,803.34,715.16,89.0
CMP-OD-0848,LG-OD-0848,2949,1377,1572,625.05,292.0,46.7
CMP-PB-0849,LG-PB-0849,365,96,269,699.72,184.04,26.3
CMP-RJ-0850,LG-RJ-0850,266,250,16,390.6,367.38,94.1
CMP-SK-0851,LG-SK-0851,245,167,78,200.1,136.72,68.3
CMP-TN-0852,LG-TN-0852,368,251,117,459.6,313.99,68.3
CMP-TS-0853,LG-TS-0853,154,151,3,133.68,131.37,98.3
CMP-TR-0854,LG-TR-0854,1395,1303,92,1248.66,1167.06,93.5
CMP-UP-0855,LG-UP-0855,966,687,279,1528.77,1088.18,71.2
CMP-UK-0856,LG-UK-0856,187,127,60,101.31,68.91,68.0
CMP-WB-0857,LG-WB-0857,1191,732,459,1778.67,1093.91,61.5
CMP-AN-0858,LG-AN-0858,918,893,25,1792.35,1743.59,97.3
CMP-CH-0859,LG-CH-0859,2167,2125,42,2293.17,2249.35,98.1
CMP-DH-0860,LG-DH-0860,1657,773,884,1001.19,467.09,46.7
CMP-DL-0861,LG-DL-0861,928,846,82,519.75,473.84,91.2
CMP-JK-0862,LG-JK-0862,1065,1038,27,354.54,345.55,97.5
CMP-LA-0863,LG-LA-0863,643,272,371,250.17,105.92,42.3
CMP-LD-0864,LG-LD-0864,838,128,710,566.79,86.77,15.3
CMP-PY-0865,LG-PY-0865,2098,1741,357,1796.4,1490.99,83.0
CMP-AP-0866,LG-AP-0866,2245,1657,588,1281.78,946.31,73.8
CMP-AR-0867,LG-AR-0867,1502,1473,29,894.18,877.3,98.1
CMP-AS-0868,LG-AS-0868,741,385,356,1581.45,823.03,52.0
CMP-BR-0869,LG-BR-0869,546,398,148,510.24,372.09,72.9
CMP-CG-0870,LG-CG-0870,1821,1525,296,902.22,755.77,83.8
CMP-GA-0871,LG-GA-0871,291,201,90,525.9,364.06,69.2
CMP-GJ-0872,LG-GJ-0872,644,445,199,620.13,428.54,69.1
CMP-HR-0873,LG-HR-0873,617,352,265,1216.23,694.1,57.1
CMP-HP-0874,LG-HP-0874,1375,1313,62,627.45,599.44,95.5
CMP-JH-0875,LG-JH-0875,874,374,500,1356.27,580.81,42.8
CMP-KA-0876,LG-KA-0876,1085,646,439,1102.68,656.87,59.6
CMP-KL-0877,LG-KL-0877,1044,361,683,696.39,241.1,34.6
CMP-MP-0878,LG-MP-0878,769,754,15,844.86,828.4,98.1
CMP-MH-0879,LG-MH-0879,904,832,72,788.52,726.1,92.1
CMP-MN-0880,LG-MN-0880,709,251,458,330.18,116.93,35.4
CMP-ML-0881,LG-ML-0881,290,183,107,429.42,271.27,63.2
CMP-MZ-0882,LG-MZ-0882,1986,929,1057,502.53,235.18,46.8
CMP-NL-0883,LG-NL-0883,1009,868,141,734.1,632.1,86.1
CMP-OD-0884,LG-OD-0884,652,448,204,998.7,686.93,68.8
CMP-PB-0885,LG-PB-0885,411,174,237,220.23,93.36,42.4
CMP-RJ-0886,LG-RJ-0886,2006,1230,776,2139.48,1311.99,61.3
CMP-SK-0887,LG-SK-0887,444,351,93,154.35,122.23,79.2
CMP-TN-0888,LG-TN-0888,1757,1270,487,568.59,411.03,72.3
CMP-TS-0889,LG-TS-0889,220,188,32,467.01,400.59,85.8
CMP-TR-0890,LG-TR-0890,622,297,325,517.17,247.01,47.8
CMP-UP-0891,LG-UP-0891,391,386,5,316.56,312.71,98.8
CMP-UK-0892,LG-UK-0892,877,716,161,738.03,603.0,81.7
CMP-WB-0893,LG-WB-0893,482,175,307,862.68,313.63,36.4
CMP-AN-0894,LG-AN-0894,422,111,311,499.38,132.16,26.5
CMP-CH-0895,LG-CH-0895,939,936,3,861.27,858.56,99.7
CMP-DH-0896,LG-DH-0896,477,452,25,242.37,229.94,94.9
CMP-DL-0897,LG-DL-0897,740,438,302,221.85,131.59,59.3
CMP-JK-0898,LG-JK-0898,291,247,44,267.09,227.57,85.2
CMP-LA-0899,LG-LA-0899,413,383,30,573.81,533.43,93.0
CMP-LD-0900,LG-LD-0900,323,254,69,304.26,240.13,78.9
CMP-PY-0901,LG-PY-0901,2040,1821,219,1223.4,1092.25,89.3
CMP-AP-0902,LG-AP-0902,682,630,52,742.05,685.65,92.4
CMP-AR-0903,LG-AR-0903,2119,1532,587,660.0,477.2,72.3
CMP-AS-0904,LG-AS-0904,385,348,37,386.61,350.39,90.6
CMP-BR-0905,LG-BR-0905,2757,2280,477,1369.83,1132.9,82.7
CMP-CG-0906,LG-CG-0906,764,521,243,1878.3,1282.48,68.3
CMP-GA-0907,LG-GA-0907,2337,1085,1252,1254.87,582.98,46.5
CMP-GJ-0908,LG-GJ-0908,619,411,208,290.61,193.0,66.4
CMP-HR-0909,LG-HR-0909,698,149,549,1148.82,245.89,21.4
CMP-HP-0910,LG-HP-0910,2225,1469,756,2069.61,1366.92,66.0
CMP-JH-0911,LG-JH-0911,1843,1352,491,1456.62,1069.23,73.4
CMP-KA-0912,LG-KA-0912,605,328,277,266.82,144.8,54.3
CMP-KL-0913,LG-KL-0913,1544,1342,202,1372.59,1193.84,87.0
CMP-MP-0914,LG-MP-0914,21,8,13,35.64,14.08,39.5
CMP-MH-0915,LG-MH-0915,1013,240,773,330.75,78.4,23.7
CMP-MN-0916,LG-MN-0916,100,80,20,87.57,70.88,80.9
CMP-ML-0917,LG-ML-0917,145,121,24,363.06,305.05,84.0
CMP-MZ-0918,LG-MZ-0918,1364,1173,191,1237.92,1065.47,86.1
CMP-NL-0919,LG-NL-0919,91,76,15,82.86,69.74,84.2
CMP-OD-0920,LG-OD-0920,514,266,248,493.08,255.86,51.9
CMP-PB-0921,LG-PB-0921,593,411,182,551.28,382.89,69.5
CMP-RJ-0922,LG-RJ-0922,712,586,126,323.91,266.97,82.4
CMP-SK-0923,LG-SK-0923,2280,985,1295,1001.49,432.93,43.2
CMP-TN-0924,LG-TN-0924,309,157,152,452.34,231.08,51.1
CMP-TS-0925,LG-TS-0925,1664,367,1297,1412.25,311.64,22.1
CMP-TR-0926,LG-TR-0926,2245,1207,1038,1548.21,833.01,53.8
CMP-UP-0927,LG-UP-0927,1350,1028,322,1342.77,1022.61,76.2
CMP-UK-0928,LG-UK-0928,561,301,260,358.23,192.3,53.7
CMP-WB-0929,LG-WB-0929,136,126,10,144.03,134.38,93.3
CMP-AN-0930,LG-AN-0930,2172,1605,567,2264.58,1674.02,73.9
CMP-CH-0931,LG-CH-0931,1236,829,407,363.39,243.81,67.1
CMP-DH-0932,LG-DH-0932,1543,1272,271,1772.58,1461.92,82.5
CMP-DL-0933,LG-DL-0933,735,679,56,714.06,660.36,92.5
CMP-JK-0934,LG-JK-0934,402,341,61,207.21,175.96,84.9
CMP-LA-0935,LG-LA-0935,2120,1151,969,1108.14,601.8,54.3
CMP-LD-0936,LG-LD-0936,1873,930,943,522.24,259.37,49.7
CMP-PY-0937,LG-PY-0937,1164,635,529,1085.79,593.15,54.6
CMP-AP-0938,LG-AP-0938,1261,1204,57,2261.67,2159.54,95.5
CMP-AR-0939,LG-AR-0939,743,649,94,483.06,422.5,87.5
CMP-AS-0940,LG-AS-0940,474,264,210,309.21,172.67,55.8
CMP-BR-0941,LG-BR-0941,1124,709,415,1542.6,973.9,63.1
CMP-CG-0942,LG-CG-0942,975,943,32,624.57,604.12,96.7
CMP-GA-0943,LG-GA-0943,134,128,6,251.61,241.16,95.8
CMP-GJ-0944,LG-GJ-0944,742,529,213,555.15,396.39,71.4
CMP-HR-0945,LG-HR-0945,61,21,40,133.59,47.75,35.7
CMP-HP-0946,LG-HP-0946,114,99,15,93.24,81.15,87.0
CMP-JH-0947,LG-JH-0947,160,151,9,134.67,127.43,94.6
CMP-KA-0948,LG-KA-0948,333,147,186,243.03,107.74,44.3
CMP-KL-0949,LG-KL-0949,1293,350,943,655.77,177.9,27.1
CMP-MP-0950,LG-MP-0950,702,188,514,243.75,65.36,26.8
CMP-MH-0951,LG-MH-0951,1007,784,223,1444.89,1125.53,77.9
CMP-MN-0952,LG-MN-0952,1522,1490,32,1368.39,1339.74,97.9
CMP-ML-0953,LG-ML-0953,1738,1412,326,1749.96,1422.55,81.3
CMP-MZ-0954,LG-MZ-0954,1712,1353,359,1694.01,1339.13,79.1
CMP-NL-0955,LG-NL-0955,546,293,253,1499.31,806.14,53.8
CMP-OD-0956,LG-OD-0956,267,150,117,218.46,123.25,56.4
CMP-PB-0957,LG-PB-0957,1214,1036,178,840.75,717.78,85.4
CMP-RJ-0958,LG-RJ-0958,281,178,103,564.54,357.71,63.4
CMP-SK-0959,LG-SK-0959,247,242,5,198.57,194.9,98.2
CMP-TN-0960,LG-TN-0960,115,106,9,255.96,236.17,92.3
CMP-TS-0961,LG-TS-0961,926,876,50,431.61,408.39,94.6
CMP-TR-0962,LG-TR-0962,271,256,15,295.32,279.06,94.5
CMP-UP-0963,LG-UP-0963,49,41,8,100.95,84.58,83.8
CMP-UK-0964,LG-UK-0964,303,55,248,271.35,49.76,18.3
CMP-WB-0965,LG-WB-0965,486,423,63,1414.32,1232.03,87.1
CMP-AN-0966,LG-AN-0966,1680,1496,184,1587.78,1414.61,89.1
CMP-CH-0967,LG-CH-0967,832,694,138,297.39,248.23,83.5
CMP-DH-0968,LG-DH-0968,1761,1451,310,797.76,657.61,82.4
CMP-DL-0969,LG-DL-0969,975,343,632,973.92,342.92,35.2
CMP-JK-0970,LG-JK-0970,863,688,175,1022.73,815.44,79.7
CMP-LA-0971,LG-LA-0971,839,639,200,1343.19,1023.55,76.2
CMP-LD-0972,LG-LD-0972,916,572,344,394.2,246.47,62.5
CMP-PY-0973,LG-PY-0973,859,346,513,408.09,164.76,40.4
CMP-AP-0974,LG-AP-0974,333,327,6,213.57,209.78,98.2
CMP-AR-0975,LG-AR-0975,1435,873,562,949.47,577.8,60.9
CMP-AS-0976,LG-AS-0976,1284,989,295,1084.14,835.59,77.1
CMP-BR-0977,LG-BR-0977,1504,1454,50,1772.43,1713.84,96.7
CMP-CG-0978,LG-CG-0978,78,44,34,81.93,47.1,57.5
CMP-GA-0979,LG-GA-0979,425,376,49,1078.86,956.83,88.7
CMP-GJ-0980,LG-GJ-0980,541,391,150,1341.3,970.47,72.4
CMP-HR-0981,LG-HR-0981,648,531,117,1053.27,863.99,82.0
CMP-HP-0982,LG-HP-0982,58,53,5,142.74,130.49,91.4
CMP-JH-0983,LG-JH-0983,1495,1094,401,2362.65,1729.81,73.2
CMP-KA-0984,LG-KA-0984,1122,663,459,351.72,208.03,59.1
CMP-KL-0985,LG-KL-0985,1125,1039,86,272.97,252.23,92.4
CMP-MP-0986,LG-MP-0986,567,445,122,785.73,617.68,78.6
CMP-MH-0987,LG-MH-0987,2140,1863,277,1246.35,1085.26,87.1
CMP-MN-0988,LG-MN-0988,766,273,493,280.83,100.37,35.7
CMP-ML-0989,LG-ML-0989,694,557,137,693.36,556.57,80.3
CMP-MZ-0990,LG-MZ-0990,448,385,63,440.13,378.61,86.0
CMP-NL-0991,LG-NL-0991,476,470,6,323.79,320.01,98.8
CMP-OD-0992,LG-OD-0992,484,147,337,662.4,202.17,30.5
CMP-PB-0993,LG-PB-0993,1022,784,238,340.62,261.46,76.8
CMP-RJ-0994,LG-RJ-0994,1350,933,417,1004.88,694.98,69.2
CMP-SK-0995,LG-SK-0995,906,844,62,402.6,375.08,93.2
CMP-TN-0996,LG-TN-0996,1654,1204,450,757.65,551.56,72.8
CMP-TS-0997,LG-TS-0997,947,516,431,2443.74,1333.4,54.6
CMP-TR-0998,LG-TR-0998,464,227,237,156.9,77.06,49.1
CMP-UP-0999,LG-UP-0999,1152,1100,52,1371.51,1310.22,95.5
CMP-UK-1000,LG-UK-1000,1631,1292,339,613.02,485.97,79.3
CMP-WB-1001,LG-WB-1001,328,222,106,96.72,65.7,67.9
CMP-AN-1002,LG-AN-1002,235,226,9,66.48,64.14,96.5
CMP-CH-1003,LG-CH-1003,94,62,32,193.05,128.03,66.3
CMP-DH-1004,LG-DH-1004,797,532,265,1277.4,852.93,66.8
CMP-DL-1005,LG-DL-1005,2054,839,1215,1892.13,773.79,40.9
CMP-JK-1006,LG-JK-1006,1683,1682,1,500.49,500.39,100.0
CMP-LA-1007,LG-LA-1007,1599,1516,83,1806.72,1713.15,94.8
CMP-LD-1008,LG-LD-1008,613,477,136,1467.03,1141.59,77.8
CMP-PY-1009,LG-PY-1009,616,514,102,536.43,447.84,83.5
CMP-AP-1010,LG-AP-1010,1572,1039,533,1540.56,1018.64,66.1
CMP-AR-1011,LG-AR-1011,36,26,10,48.48,35.31,72.8
CMP-AS-1012,LG-AS-1012,96,60,36,21.36,13.38,62.6
CMP-BR-1013,LG-BR-1013,904,866,38,977.82,936.8,95.8
CMP-CG-1014,LG-CG-1014,1771,957,814,2198.73,1188.17,54.0
CMP-GA-1015,LG-GA-1015,406,228,178,978.96,550.77,56.3
CMP-GJ-1016,LG-GJ-1016,817,328,489,1138.86,457.88,40.2
CMP-HR-1017,LG-HR-1017,464,364,100,730.05,573.32,78.5
CMP-HP-1018,LG-HP-1018,1621,1435,186,959.22,849.73,88.6
CMP-JH-1019,LG-JH-1019,1345,952,393,1165.98,826.11,70.9
CMP-KA-1020,LG-KA-1020,1564,1094,470,1574.19,1101.13,69.9
CMP-KL-1021,LG-KL-1021,1309,362,947,481.14,133.36,27.7
CMP-MP-1022,LG-MP-1022,2137,458,1679,971.79,208.54,21.5
CMP-MH-1023,LG-MH-1023,1414,1024,390,617.43,447.15,72.4
CMP-MN-1024,LG-MN-1024,1851,790,1061,1235.25,527.21,42.7
CMP-ML-1025,LG-ML-1025,648,560,88,1119.99,968.45,86.5
CMP-MZ-1026,LG-MZ-1026,46,31,15,37.83,26.08,68.9
CMP-NL-1027,LG-NL-1027,1133,530,603,845.46,395.72,46.8
CMP-OD-1028,LG-OD-1028,162,108,54,151.8,101.72,67.0
CMP-PB-1029,LG-PB-1029,628,622,6,414.93,411.1,99.1
CMP-RJ-1030,LG-RJ-1030,2712,2193,519,1429.77,1156.48,80.9
CMP-SK-1031,LG-SK-1031,655,598,57,788.43,720.76,91.4
CMP-TN-1032,LG-TN-1032,1584,1547,37,885.54,865.09,97.7
CMP-TS-1033,LG-TS-1033,273,182,91,436.26,292.01,66.9
CMP-TR-1034,LG-TR-1034,1148,1069,79,2022.42,1883.26,93.1
CMP-UP-1035,LG-UP-1035,1509,1450,59,1093.02,1050.86,96.1
CMP-UK-1036,LG-UK-1036,1558,1459,99,1416.81,1326.82,93.6
CMP-WB-1037,LG-WB-1037,888,664,224,620.55,464.48,74.9
CMP-AN-1038,LG-AN-1038,764,345,419,1003.23,454.28,45.3
CMP-CH-1039,LG-CH-1039,1025,965,60,583.29,549.51,94.2
CMP-DH-1040,LG-DH-1040,1931,1254,677,1566.9,1018.17,65.0
CMP-DL-1041,LG-DL-1041,2411,2342,69,709.5,689.4,97.2
CMP-JK-1042,LG-JK-1042,2289,2147,142,1484.94,1392.98,93.8
CMP-LA-1043,LG-LA-1043,369,337,32,427.68,391.04,91.4
CMP-LD-1044,LG-LD-1044,1341,618,723,1431.99,660.73,46.1
CMP-PY-1045,LG-PY-1045,909,654,255,940.47,677.33,72.0
CMP-AP-1046,LG-AP-1046,1620,1048,572,2052.6,1329.12,64.8
CMP-AR-1047,LG-AR-1047,732,475,257,1308.63,850.28,65.0
CMP-AS-1048,LG-AS-1048,1771,1217,554,902.79,620.73,68.8
CMP-BR-1049,LG-BR-1049,251,180,71,264.66,190.21,71.9
CMP-CG-1050,LG-CG-1050,502,461,41,797.97,733.08,91.9
CMP-GA-1051,LG-GA-1051,907,663,244,889.59,650.93,73.2
CMP-GJ-1052,LG-GJ-1052,640,268,372,516.27,216.39,41.9
CMP-HR-1053,LG-HR-1053,601,428,173,1091.49,777.33,71.2
CMP-HP-1054,LG-HP-1054,2619,2115,504,829.47,670.14,80.8
CMP-JH-1055,LG-JH-1055,892,859,33,1428.0,1376.4,96.4
CMP-KA-1056,LG-KA-1056,929,860,69,879.96,815.11,92.6
CMP-KL-1057,LG-KL-1057,2333,1716,617,1071.39,788.12,73.6
CMP-MP-1058,LG-MP-1058,1583,609,974,911.91,351.27,38.5
CMP-MH-1059,LG-MH-1059,231,152,79,181.47,120.07,66.2
CMP-MN-1060,LG-MN-1060,574,160,414,380.28,106.08,27.9
CMP-ML-1061,LG-ML-1061,202,130,72,155.55,100.86,64.8
CMP-MZ-1062,LG-MZ-1062,933,555,378,1203.63,716.75,59.5
CMP-NL-1063,LG-NL-1063,27,22,5,37.74,30.86,81.8
CMP-OD-1064,LG-OD-1064,643,390,253,252.06,152.98,60.7
CMP-PB-1065,LG-PB-1065,874,371,503,392.7,167.13,42.6
CMP-RJ-1066,LG-RJ-1066,1294,1211,83,907.08,849.57,93.7
CMP-SK-1067,LG-SK-1067,863,559,304,1047.6,679.04,64.8
CMP-TN-1068,LG-TN-1068,362,86,276,461.85,110.25,23.9
CMP-TS-1069,LG-TS-1069,661,469,192,1780.23,1265.06,71.1
CMP-TR-1070,LG-TR-1070,286,191,95,422.94,283.76,67.1
CMP-UP-1071,LG-UP-1071,805,514,291,805.23,514.26,63.9
CMP-UK-1072,LG-UK-1072,1236,1059,177,765.27,655.83,85.7
CMP-WB-1073,LG-WB-1073,1030,436,594,766.92,325.22,42.4
CMP-AN-1074,LG-AN-1074,124,91,33,46.77,34.48,73.7
CMP-CH-1075,LG-CH-1075,1969,1657,312,1603.5,1349.82,84.2
CMP-DH-1076,LG-DH-1076,631,535,96,1068.69,906.32,84.8
CMP-DL-1077,LG-DL-1077,1061,528,533,616.14,307.12,49.8
CMP-JK-1078,LG-JK-1078,2006,1768,238,595.62,525.01,88.1
CMP-LA-1079,LG-LA-1079,2339,2069,270,2223.51,1967.05,88.5
CMP-LD-1080,LG-LD-1080,1571,1058,513,2409.18,1623.93,67.4
CMP-PY-1081,LG-PY-1081,719,434,285,1635.0,988.43,60.5
CMP-AP-1082,LG-AP-1082,715,539,176,438.15,330.36,75.4
CMP-AR-1083,LG-AR-1083,1058,262,796,1006.14,249.41,24.8
CMP-AS-1084,LG-AS-1084,287,222,65,282.72,219.19,77.5
CMP-BR-1085,LG-BR-1085,1482,1153,329,953.04,741.72,77.8
CMP-CG-1086,LG-CG-1086,164,115,49,146.73,103.46,70.5
CMP-GA-1087,LG-GA-1087,981,274,707,749.58,209.56,28.0
CMP-GJ-1088,LG-GJ-1088,472,468,4,591.3,586.84,99.2
CMP-HR-1089,LG-HR-1089,337,245,92,689.04,502.1,72.9
CMP-HP-1090,LG-HP-1090,1073,706,367,1864.11,1228.19,65.9
CMP-JH-1091,LG-JH-1091,795,717,78,428.49,386.67,90.2
CMP-KA-1092,LG-KA-1092,1005,638,367,1089.66,691.97,63.5
CMP-KL-1093,LG-KL-1093,1037,270,767,456.66,118.92,26.0
CMP-MP-1094,LG-MP-1094,568,404,164,1129.53,804.17,71.2
CMP-MH-1095,LG-MH-1095,2074,1120,954,1224.99,661.72,54.0
CMP-MN-1096,LG-MN-1096,110,104,6,106.38,100.92,94.9
CMP-ML-1097,LG-ML-1097,2088,1699,389,2365.2,1924.79,81.4
CMP-MZ-1098,LG-MZ-1098,1317,618,699,551.07,258.93,47.0
CMP-NL-1099,LG-NL-1099,225,112,113,184.86,92.19,49.9
CMP-OD-1100,LG-OD-1100,624,581,43,1766.64,1646.23,93.2
CMP-PB-1101,LG-PB-1101,466,446,20,486.72,466.13,95.8
CMP-RJ-1102,LG-RJ-1102,708,643,65,1618.11,1471.78,91.0
CMP-SK-1103,LG-SK-1103,313,160,153,602.64,309.68,51.4
CMP-TN-1104,LG-TN-1104,650,450,200,400.11,277.49,69.4
CMP-TS-1105,LG-TS-1105,1411,246,1165,1699.02,296.37,17.4
CMP-TR-1106,LG-TR-1106,1661,1117,544,783.09,527.07,67.3
CMP-UP-1107,LG-UP-1107,324,144,180,510.45,227.2,44.5
CMP-UK-1108,LG-UK-1108,59,32,27,61.86,33.77,54.6
CMP-WB-1109,LG-WB-1109,385,174,211,540.15,244.43,45.3
CMP-AN-1110,LG-AN-1110,165,135,30,188.46,155.0,82.2
CMP-CH-1111,LG-CH-1111,2329,1601,728,804.84,553.32,68.7
CMP-DH-1112,LG-DH-1112,1690,1319,371,1136.19,887.22,78.1
CMP-DL-1113,LG-DL-1113,551,442,109,330.75,265.57,80.3
CMP-JK-1114,LG-JK-1114,449,398,51,588.39,522.12,88.7
CMP-LA-1115,LG-LA-1115,557,407,150,486.63,356.09,73.2
CMP-LD-1116,LG-LD-1116,326,130,196,315.84,126.62,40.1
CMP-PY-1117,LG-PY-1117,519,363,156,622.08,435.81,70.1
CMP-AP-1118,LG-AP-1118,959,810,149,286.62,242.36,84.6
CMP-AR-1119,LG-AR-1119,49,46,3,40.77,39.08,95.9
CMP-AS-1120,LG-AS-1120,2358,1665,693,2112.48,1492.43,70.6
CMP-BR-1121,LG-BR-1121,431,426,5,497.34,491.67,98.9
CMP-CG-1122,LG-CG-1122,735,453,282,993.45,612.6,61.7
CMP-GA-1123,LG-GA-1123,444,299,145,1161.48,784.57,67.5
CMP-GJ-1124,LG-GJ-1124,2081,1825,256,995.94,873.78,87.7
CMP-HR-1125,LG-HR-1125,900,708,192,1522.23,1197.81,78.7
CMP-HP-1126,LG-HP-1126,323,264,59,324.63,265.7,81.8
CMP-JH-1127,LG-JH-1127,1292,918,374,1737.33,1235.51,71.1
CMP-KA-1128,LG-KA-1128,745,653,92,336.96,295.55,87.7
CMP-KL-1129,LG-KL-1129,308,263,45,372.6,318.29,85.4
CMP-MP-1130,LG-MP-1130,369,326,43,371.52,328.75,88.5
CMP-MH-1131,LG-MH-1131,1696,1143,553,1249.14,842.24,67.4
CMP-MN-1132,LG-MN-1132,264,186,78,152.01,107.6,70.8
CMP-ML-1133,LG-ML-1133,2269,1695,574,729.45,544.99,74.7
CMP-MZ-1134,LG-MZ-1134,795,580,215,625.86,456.91,73.0
CMP-NL-1135,LG-NL-1135,71,68,3,76.35,73.7,96.5
CMP-OD-1136,LG-OD-1136,992,658,334,671.61,445.73,66.4
CMP-PB-1137,LG-PB-1137,644,516,128,520.86,417.57,80.2
CMP-RJ-1138,LG-RJ-1138,917,600,317,752.85,492.93,65.5
CMP-SK-1139,LG-SK-1139,83,70,13,36.33,31.04,85.4
CMP-TN-1140,LG-TN-1140,689,648,41,682.38,642.01,94.1
CMP-TS-1141,LG-TS-1141,1322,1196,126,1894.71,1715.37,90.5
CMP-TR-1142,LG-TR-1142,241,158,83,278.67,183.01,65.7
CMP-UP-1143,LG-UP-1143,188,130,58,223.17,155.16,69.5
CMP-UK-1144,LG-UK-1144,2154,760,1394,1540.5,543.74,35.3
CMP-WB-1145,LG-WB-1145,2833,1017,1816,765.18,274.87,35.9
CMP-AN-1146,LG-AN-1146,264,234,30,196.77,175.01,88.9
CMP-CH-1147,LG-CH-1147,590,410,180,700.11,487.23,69.6
CMP-DH-1148,LG-DH-1148,223,212,11,172.38,164.25,95.3
CMP-DL-1149,LG-DL-1149,1305,729,576,819.87,458.34,55.9
CMP-JK-1150,LG-JK-1150,2349,1906,443,1495.38,1213.93,81.2
CMP-LA-1151,LG-LA-1151,306,270,36,242.16,214.28,88.5
CMP-LD-1152,LG-LD-1152,194,105,89,184.41,100.67,54.6
CMP-PY-1153,LG-PY-1153,1108,793,315,1613.82,1155.36,71.6
CMP-AP-1154,LG-AP-1154,372,258,114,603.57,419.96,69.6
CMP-AR-1155,LG-AR-1155,100,81,19,66.06,54.13,81.9
CMP-AS-1156,LG-AS-1156,717,429,288,386.25,231.39,59.9
CMP-BR-1157,LG-BR-1157,773,441,332,1234.56,705.74,57.2
CMP-CG-1158,LG-CG-1158,2458,2453,5,1775.82,1772.58,99.8
CMP-GA-1159,LG-GA-1159,289,267,22,344.49,319.0,92.6
CMP-GJ-1160,LG-GJ-1160,1041,653,388,882.21,553.92,62.8
CMP-HR-1161,LG-HR-1161,1844,1556,288,639.3,539.71,84.4
CMP-HP-1162,LG-HP-1162,1524,1330,194,553.44,483.04,87.3
CMP-JH-1163,LG-JH-1163,961,557,404,1102.41,639.81,58.0
CMP-KA-1164,LG-KA-1164,1712,1336,376,1608.39,1255.49,78.1
CMP-KL-1165,LG-KL-1165,1898,777,1121,1039.62,426.07,41.0
CMP-MP-1166,LG-MP-1166,592,260,332,1275.39,561.22,44.0
CMP-MH-1167,LG-MH-1167,744,633,111,730.95,622.48,85.2
CMP-MN-1168,LG-MN-1168,1723,737,986,516.75,221.15,42.8
CMP-ML-1169,LG-ML-1169,1535,1430,105,1070.88,998.05,93.2
CMP-MZ-1170,LG-MZ-1170,104,82,22,263.01,208.05,79.1
CMP-NL-1171,LG-NL-1171,706,142,564,634.11,128.28,20.2
CMP-OD-1172,LG-OD-1172,55,54,1,99.84,98.47,98.6
CMP-PB-1173,LG-PB-1173,1702,934,768,1247.85,685.15,54.9
CMP-RJ-1174,LG-RJ-1174,1376,785,591,1141.62,651.53,57.1
CMP-SK-1175,LG-SK-1175,52,29,23,40.74,22.77,55.9
CMP-TN-1176,LG-TN-1176,1037,986,51,958.83,912.34,95.2
CMP-TS-1177,LG-TS-1177,607,454,153,1230.63,922.1,74.9
CMP-TR-1178,LG-TR-1178,380,154,226,682.44,278.26,40.8
CMP-UP-1179,LG-UP-1179,1271,273,998,585.21,126.07,21.5
CMP-UK-1180,LG-UK-1180,490,431,59,675.87,594.5,88.0
CMP-WB-1181,LG-WB-1181,363,333,30,659.52,605.16,91.8
CMP-AN-1182,LG-AN-1182,880,762,118,260.79,226.11,86.7
CMP-CH-1183,LG-CH-1183,1170,855,315,1125.69,822.93,73.1
CMP-DH-1184,LG-DH-1184,205,164,41,89.22,71.7,80.4
CMP-DL-1185,LG-DL-1185,659,356,303,931.74,503.79,54.1
CMP-JK-1186,LG-JK-1186,779,511,268,1220.46,801.39,65.7
CMP-LA-1187,LG-LA-1187,41,35,6,64.2,55.97,87.2
CMP-LD-1188,LG-LD-1188,448,89,359,680.22,136.2,20.0
CMP-PY-1189,LG-PY-1189,2566,2358,208,1782.96,1638.82,91.9
CMP-AP-1190,LG-AP-1190,340,248,92,242.16,176.72,73.0
CMP-AR-1191,LG-AR-1191,831,532,299,571.95,366.58,64.1
CMP-AS-1192,LG-AS-1192,402,378,24,194.76,183.19,94.1
CMP-BR-1193,LG-BR-1193,342,141,201,386.82,160.36,41.5
CMP-CG-1194,LG-CG-1194,590,237,353,1177.35,474.42,40.3
CMP-GA-1195,LG-GA-1195,1486,1396,90,1534.83,1442.54,94.0
CMP-GJ-1196,LG-GJ-1196,877,868,9,710.52,703.85,99.1
CMP-HR-1197,LG-HR-1197,882,797,85,544.62,492.6,90.4
CMP-HP-1198,LG-HP-1198,695,485,210,510.75,356.86,69.9
CMP-JH-1199,LG-JH-1199,757,312,445,1453.65,600.47,41.3
CMP-KA-1200,LG-KA-1200,521,329,192,324.57,205.07,63.2
CMP-KL-1201,LG-KL-1201,975,840,135,768.12,661.95,86.2
CMP-MP-1202,LG-MP-1202,1407,310,1097,1543.05,340.52,22.1
CMP-MH-1203,LG-MH-1203,736,391,345,174.36,92.76,53.2
CMP-MN-1204,LG-MN-1204,2490,2049,441,1400.1,1152.67,82.3
CMP-ML-1205,LG-ML-1205,716,615,101,1521.57,1307.63,85.9
CMP-MZ-1206,LG-MZ-1206,1196,976,220,858.75,701.32,81.7
CMP-NL-1207,LG-NL-1207,1409,913,496,733.86,475.82,64.8
CMP-OD-1208,LG-OD-1208,385,243,142,332.16,210.05,63.2
CMP-PB-1209,LG-PB-1209,1492,1388,104,434.19,404.03,93.1
CMP-RJ-1210,LG-RJ-1210,1612,1236,376,826.98,634.13,76.7
CMP-SK-1211,LG-SK-1211,498,193,305,647.52,251.71,38.9
CMP-TN-1212,LG-TN-1212,874,698,176,1012.8,809.45,79.9
CMP-TS-1213,LG-TS-1213,1231,1122,109,1502.28,1369.91,91.2
CMP-TR-1214,LG-TR-1214,723,302,421,1031.94,432.3,41.9
CMP-UP-1215,LG-UP-1215,1459,511,948,1722.81,603.56,35.0
CMP-UK-1216,LG-UK-1216,2548,1737,811,658.8,449.36,68.2
CMP-WB-1217,LG-WB-1217,424,340,84,370.74,297.71,80.3
CMP-AN-1218,LG-AN-1218,68,66,2,77.1,75.2,97.5
CMP-CH-1219,LG-CH-1219,812,593,219,1504.98,1100.63,73.1
CMP-DH-1220,LG-DH-1220,740,323,417,476.01,208.34,43.8
CMP-DL-1221,LG-DL-1221,1334,569,765,780.45,333.19,42.7
CMP-JK-1222,LG-JK-1222,103,100,3,173.31,169.63,97.9
CMP-LA-1223,LG-LA-1223,1280,1187,93,625.89,580.75,92.8
CMP-LD-1224,LG-LD-1224,1878,1151,727,1358.67,833.13,61.3
CMP-PY-1225,LG-PY-1225,758,349,409,648.6,299.26,46.1
CMP-AP-1226,LG-AP-1226,827,812,15,444.24,436.36,98.2
CMP-AR-1227,LG-AR-1227,1376,1328,48,799.83,772.15,96.5
CMP-AS-1228,LG-AS-1228,2326,2219,107,2227.2,2125.26,95.4
CMP-BR-1229,LG-BR-1229,185,164,21,217.95,193.76,88.9
CMP-CG-1230,LG-CG-1230,179,75,104,111.45,46.7,41.9
CMP-GA-1231,LG-GA-1231,485,462,23,334.08,318.34,95.3
CMP-GJ-1232,LG-GJ-1232,2263,805,1458,1062.42,378.32,35.6
CMP-HR-1233,LG-HR-1233,2026,1929,97,2138.19,2036.51,95.2
CMP-HP-1234,LG-HP-1234,674,527,147,775.65,606.68,78.2
CMP-JH-1235,LG-JH-1235,884,739,145,1367.97,1143.68,83.6
CMP-KA-1236,LG-KA-1236,1213,492,721,688.08,279.14,40.6
CMP-KL-1237,LG-KL-1237,305,219,86,201.75,145.28,72.0
CMP-MP-1238,LG-MP-1238,1861,1538,323,1467.21,1212.95,82.7
CMP-MH-1239,LG-MH-1239,670,627,43,1278.33,1197.14,93.6
CMP-MN-1240,LG-MN-1240,411,281,130,1124.91,770.02,68.5
CMP-ML-1241,LG-ML-1241,2415,695,1720,944.64,271.88,28.8
CMP-MZ-1242,LG-MZ-1242,1243,730,513,814.71,478.94,58.8
CMP-NL-1243,LG-NL-1243,2474,1405,1069,1241.07,705.3,56.8
CMP-OD-1244,LG-OD-1244,2210,2023,187,1099.83,1007.03,91.6
CMP-PB-1245,LG-PB-1245,1968,1449,519,515.28,379.52,73.7
CMP-RJ-1246,LG-RJ-1246,1804,1250,554,745.62,517.03,69.3
CMP-SK-1247,LG-SK-1247,1883,1443,440,1479.96,1134.85,76.7
CMP-TN-1248,LG-TN-1248,688,595,93,919.74,795.72,86.5
CMP-TS-1249,LG-TS-1249,829,575,254,425.4,295.44,69.4
CMP-TR-1250,LG-TR-1250,1309,462,847,980.55,346.21,35.3
