doc_id,project_id,total_records,records_verified,records_pending,title_clearance_percentage
DOC-TN-0042,LG-TN-0042,500,350,150,70.0
DOC-AP-0002,LG-AP-0002,97,85,12,88.4
DOC-AR-0003,LG-AR-0003,1114,1041,73,93.5
DOC-AS-0004,LG-AS-0004,588,563,25,95.8
DOC-BR-0005,LG-BR-0005,421,329,92,78.3
DOC-CG-0006,LG-CG-0006,1446,1069,377,74.0
DOC-GA-0007,LG-GA-0007,1235,933,302,75.6
DOC-GJ-0008,LG-GJ-0008,1520,1009,511,66.4
DOC-HR-0009,LG-HR-0009,203,167,36,82.3
DOC-HP-0010,LG-HP-0010,242,188,54,77.8
DOC-JH-0011,LG-JH-0011,985,885,100,89.9
DOC-KA-0012,LG-KA-0012,351,290,61,82.8
DOC-KL-0013,LG-KL-0013,216,171,45,79.5
DOC-MP-0014,LG-MP-0014,585,559,26,95.6
DOC-MH-0015,LG-MH-0015,930,673,257,72.4
DOC-MN-0016,LG-MN-0016,593,545,48,91.9
DOC-ML-0017,LG-ML-0017,266,240,26,90.3
DOC-MZ-0018,LG-MZ-0018,775,560,215,72.3
DOC-NL-0019,LG-NL-0019,1001,772,229,77.2
DOC-OD-0020,LG-OD-0020,637,284,353,44.7
DOC-PB-0021,LG-PB-0021,1457,1438,19,98.7
DOC-RJ-0022,LG-RJ-0022,1196,861,335,72.1
DOC-SK-0023,LG-SK-0023,859,680,179,79.2
DOC-TN-0024,LG-TN-0024,745,571,174,76.7
DOC-TS-0025,LG-TS-0025,573,355,218,62.1
DOC-TR-0026,LG-TR-0026,567,452,115,79.9
DOC-UP-0027,LG-UP-0027,652,540,112,83.0
DOC-UK-0028,LG-UK-0028,2155,1312,843,60.9
DOC-WB-0029,LG-WB-0029,1044,956,88,91.6
DOC-AN-0030,LG-AN-0030,955,840,115,88.0
DOC-CH-0031,LG-CH-0031,176,167,9,95.1
DOC-DH-0032,LG-DH-0032,379,285,94,75.3
DOC-DL-0033,LG-DL-0033,942,843,99,89.6
DOC-JK-0034,LG-JK-0034,156,141,15,90.7
DOC-LA-0035,LG-LA-0035,482,321,161,66.8
DOC-LD-0036,LG-LD-0036,797,594,203,74.6
DOC-PY-0037,LG-PY-0037,1225,945,280,77.2
DOC-AP-0038,LG-AP-0038,235,184,51,78.7
DOC-AR-0039,LG-AR-0039,340,307,33,90.4
DOC-AS-0040,LG-AS-0040,2398,2042,356,85.2
DOC-BR-0041,LG-BR-0041,1190,731,459,61.5
DOC-CG-0042,LG-CG-0042,163,68,95,42.2
DOC-GA-0043,LG-GA-0043,2089,1439,650,68.9
DOC-GJ-0044,LG-GJ-0044,819,806,13,98.4
DOC-HR-0045,LG-HR-0045,896,671,225,74.9
DOC-HP-0046,LG-HP-0046,1414,1118,296,79.1
DOC-JH-0047,LG-JH-0047,931,643,288,69.1
DOC-KA-0048,LG-KA-0048,1760,1094,666,62.2
DOC-KL-0049,LG-KL-0049,1569,1451,118,92.5
DOC-MP-0050,LG-MP-0050,574,420,154,73.3
DOC-MH-0051,LG-MH-0051,1419,1395,24,98.3
DOC-MN-0052,LG-MN-0052,436,280,156,64.4
DOC-ML-0053,LG-ML-0053,1873,1364,509,72.9
DOC-MZ-0054,LG-MZ-0054,559,467,92,83.7
DOC-NL-0055,LG-NL-0055,448,363,85,81.1
DOC-OD-0056,LG-OD-0056,1471,1099,372,74.8
DOC-PB-0057,LG-PB-0057,1773,1693,80,95.5
DOC-RJ-0058,LG-RJ-0058,1248,966,282,77.4
DOC-SK-0059,LG-SK-0059,1091,990,101,90.8
DOC-TN-0060,LG-TN-0060,1279,701,578,54.8
DOC-TS-0061,LG-TS-0061,466,388,78,83.3
DOC-TR-0062,LG-TR-0062,1435,1297,138,90.4
DOC-UP-0063,LG-UP-0063,697,619,78,88.9
DOC-UK-0064,LG-UK-0064,189,80,109,42.6
DOC-WB-0065,LG-WB-0065,1728,1464,264,84.7
DOC-AN-0066,LG-AN-0066,539,448,91,83.1
DOC-CH-0067,LG-CH-0067,186,147,39,79.4
DOC-DH-0068,LG-DH-0068,1529,946,583,61.9
DOC-DL-0069,LG-DL-0069,1461,1161,300,79.5
DOC-JK-0070,LG-JK-0070,1134,859,275,75.8
DOC-LA-0071,LG-LA-0071,306,268,38,87.7
DOC-LD-0072,LG-LD-0072,169,118,51,70.2
DOC-PY-0073,LG-PY-0073,928,832,96,89.7
DOC-AP-0074,LG-AP-0074,1042,846,196,81.2
DOC-AR-0075,LG-AR-0075,1841,1457,384,79.2
DOC-AS-0076,LG-AS-0076,2046,1353,693,66.2
DOC-BR-0077,LG-BR-0077,793,498,295,62.9
DOC-CG-0078,LG-CG-0078,975,870,105,89.3
DOC-GA-0079,LG-GA-0079,90,72,18,81.1
DOC-GJ-0080,LG-GJ-0080,1155,1021,134,88.4
DOC-HR-0081,LG-HR-0081,1690,1500,190,88.8
DOC-HP-0082,LG-HP-0082,282,215,67,76.3
DOC-JH-0083,LG-JH-0083,1725,1221,504,70.8
DOC-KA-0084,LG-KA-0084,578,435,143,75.3
DOC-KL-0085,LG-KL-0085,1674,1671,3,99.8
DOC-MP-0086,LG-MP-0086,512,445,67,87.1
DOC-MH-0087,LG-MH-0087,1082,865,217,80.0
DOC-MN-0088,LG-MN-0088,522,284,238,54.5
DOC-ML-0089,LG-ML-0089,1454,913,541,62.8
DOC-MZ-0090,LG-MZ-0090,351,247,104,70.6
DOC-NL-0091,LG-NL-0091,443,283,160,63.9
DOC-OD-0092,LG-OD-0092,2051,1973,78,96.2
DOC-PB-0093,LG-PB-0093,1021,632,389,62.0
DOC-RJ-0094,LG-RJ-0094,926,715,211,77.3
DOC-SK-0095,LG-SK-0095,379,337,42,89.0
DOC-TN-0096,LG-TN-0096,714,546,168,76.6
DOC-TS-0097,LG-TS-0097,1382,1199,183,86.8
DOC-TR-0098,LG-TR-0098,228,213,15,93.8
DOC-UP-0099,LG-UP-0099,1257,1139,118,90.7
DOC-UK-0100,LG-UK-0100,1726,1407,319,81.6
DOC-WB-0101,LG-WB-0101,767,575,192,75.1
DOC-AN-0102,LG-AN-0102,996,715,281,71.8
DOC-CH-0103,LG-CH-0103,489,228,261,46.8
DOC-DH-0104,LG-DH-0104,468,348,120,74.4
DOC-DL-0105,LG-DL-0105,579,502,77,86.8
DOC-JK-0106,LG-JK-0106,612,517,95,84.5
DOC-LA-0107,LG-LA-0107,1598,915,683,57.3
DOC-LD-0108,LG-LD-0108,1263,1113,150,88.1
DOC-PY-0109,LG-PY-0109,118,109,9,92.6
DOC-AP-0110,LG-AP-0110,649,405,244,62.5
DOC-AR-0111,LG-AR-0111,818,691,127,84.6
DOC-AS-0112,LG-AS-0112,1055,815,240,77.3
DOC-BR-0113,LG-BR-0113,860,757,103,88.1
DOC-CG-0114,LG-CG-0114,1124,904,220,80.5
DOC-GA-0115,LG-GA-0115,608,538,70,88.5
DOC-GJ-0116,LG-GJ-0116,935,562,373,60.1
DOC-HR-0117,LG-HR-0117,785,624,161,79.5
DOC-HP-0118,LG-HP-0118,379,354,25,93.6
DOC-JH-0119,LG-JH-0119,969,764,205,78.9
DOC-KA-0120,LG-KA-0120,1502,940,562,62.6
DOC-KL-0121,LG-KL-0121,268,212,56,79.4
DOC-MP-0122,LG-MP-0122,432,290,142,67.1
DOC-MH-0123,LG-MH-0123,2052,1596,456,77.8
DOC-MN-0124,LG-MN-0124,140,102,38,73.0
DOC-ML-0125,LG-ML-0125,1527,1472,55,96.4
DOC-MZ-0126,LG-MZ-0126,1979,1906,73,96.3
DOC-NL-0127,LG-NL-0127,220,101,119,46.0
DOC-OD-0128,LG-OD-0128,167,151,16,90.9
DOC-PB-0129,LG-PB-0129,242,191,51,79.0
DOC-RJ-0130,LG-RJ-0130,1550,1461,89,94.3
DOC-SK-0131,LG-SK-0131,1855,1852,3,99.9
DOC-TN-0132,LG-TN-0132,1596,1549,47,97.1
DOC-TS-0133,LG-TS-0133,913,634,279,69.5
DOC-TR-0134,LG-TR-0134,560,427,133,76.4
DOC-UP-0135,LG-UP-0135,1538,1194,344,77.7
DOC-UK-0136,LG-UK-0136,2518,2283,235,90.7
DOC-WB-0137,LG-WB-0137,138,117,21,85.3
DOC-AN-0138,LG-AN-0138,1618,1354,264,83.7
DOC-CH-0139,LG-CH-0139,701,574,127,82.0
DOC-DH-0140,LG-DH-0140,3031,2353,678,77.7
DOC-DL-0141,LG-DL-0141,1454,1407,47,96.8
DOC-JK-0142,LG-JK-0142,2277,2225,52,97.7
DOC-LA-0143,LG-LA-0143,433,387,46,89.5
DOC-LD-0144,LG-LD-0144,151,82,69,54.3
DOC-PY-0145,LG-PY-0145,1810,1782,28,98.5
DOC-AP-0146,LG-AP-0146,915,489,426,53.5
DOC-AR-0147,LG-AR-0147,1789,973,816,54.4
DOC-AS-0148,LG-AS-0148,1899,1565,334,82.4
DOC-BR-0149,LG-BR-0149,468,351,117,75.0
DOC-CG-0150,LG-CG-0150,304,232,72,76.6
DOC-GA-0151,LG-GA-0151,2336,1464,872,62.7
DOC-GJ-0152,LG-GJ-0152,2817,2287,530,81.2
DOC-HR-0153,LG-HR-0153,1488,977,511,65.7
DOC-HP-0154,LG-HP-0154,670,433,237,64.8
DOC-JH-0155,LG-JH-0155,1913,1801,112,94.2
DOC-KA-0156,LG-KA-0156,1790,1427,363,79.8
DOC-KL-0157,LG-KL-0157,210,107,103,51.2
DOC-MP-0158,LG-MP-0158,2260,1927,333,85.3
DOC-MH-0159,LG-MH-0159,1389,1042,347,75.1
DOC-MN-0160,LG-MN-0160,264,168,96,63.7
DOC-ML-0161,LG-ML-0161,896,570,326,63.6
DOC-MZ-0162,LG-MZ-0162,318,266,52,83.8
DOC-NL-0163,LG-NL-0163,541,339,202,62.8
DOC-OD-0164,LG-OD-0164,528,427,101,81.0
DOC-PB-0165,LG-PB-0165,559,231,328,41.4
DOC-RJ-0166,LG-RJ-0166,1033,621,412,60.1
DOC-SK-0167,LG-SK-0167,310,261,49,84.4
DOC-TN-0168,LG-TN-0168,1651,1140,511,69.1
DOC-TS-0169,LG-TS-0169,313,252,61,80.6
DOC-TR-0170,LG-TR-0170,1010,814,196,80.6
DOC-UP-0171,LG-UP-0171,399,250,149,62.8
DOC-UK-0172,LG-UK-0172,1213,1210,3,99.8
DOC-WB-0173,LG-WB-0173,150,132,18,88.0
DOC-AN-0174,LG-AN-0174,1296,1219,77,94.1
DOC-CH-0175,LG-CH-0175,2206,1632,574,74.0
DOC-DH-0176,LG-DH-0176,2356,1511,845,64.1
DOC-DL-0177,LG-DL-0177,1627,810,817,49.8
DOC-JK-0178,LG-JK-0178,857,703,154,82.1
DOC-LA-0179,LG-LA-0179,1225,857,368,70.0
DOC-LD-0180,LG-LD-0180,855,851,4,99.6
DOC-PY-0181,LG-PY-0181,1647,1511,136,91.8
DOC-AP-0182,LG-AP-0182,1653,1563,90,94.6
DOC-AR-0183,LG-AR-0183,483,429,54,89.0
DOC-AS-0184,LG-AS-0184,378,363,15,96.3
DOC-BR-0185,LG-BR-0185,420,363,57,86.5
DOC-CG-0186,LG-CG-0186,80,77,3,96.7
DOC-GA-0187,LG-GA-0187,471,354,117,75.4
DOC-GJ-0188,LG-GJ-0188,506,279,227,55.2
DOC-HR-0189,LG-HR-0189,1187,985,202,83.0
DOC-HP-0190,LG-HP-0190,997,986,11,99.0
DOC-JH-0191,LG-JH-0191,1534,1291,243,84.2
DOC-KA-0192,LG-KA-0192,1049,1005,44,95.9
DOC-KL-0193,LG-KL-0193,1153,994,159,86.2
DOC-MP-0194,LG-MP-0194,1786,1157,629,64.8
DOC-MH-0195,LG-MH-0195,458,382,76,83.6
DOC-MN-0196,LG-MN-0196,903,639,264,70.8
DOC-ML-0197,LG-ML-0197,192,152,40,79.3
DOC-MZ-0198,LG-MZ-0198,352,325,27,92.4
DOC-NL-0199,LG-NL-0199,1565,943,622,60.3
DOC-OD-0200,LG-OD-0200,236,179,57,76.0
DOC-PB-0201,LG-PB-0201,630,360,270,57.1
DOC-RJ-0202,LG-RJ-0202,363,224,139,61.9
DOC-SK-0203,LG-SK-0203,2273,2196,77,96.6
DOC-TN-0204,LG-TN-0204,649,589,60,90.8
DOC-TS-0205,LG-TS-0205,139,104,35,75.2
DOC-TR-0206,LG-TR-0206,1454,1432,22,98.5
DOC-UP-0207,LG-UP-0207,716,533,183,74.5
DOC-UK-0208,LG-UK-0208,699,645,54,92.4
DOC-WB-0209,LG-WB-0209,600,461,139,77.0
DOC-AN-0210,LG-AN-0210,1206,1111,95,92.2
DOC-CH-0211,LG-CH-0211,890,669,221,75.2
DOC-DH-0212,LG-DH-0212,1613,1153,460,71.5
DOC-DL-0213,LG-DL-0213,2134,2054,80,96.3
DOC-JK-0214,LG-JK-0214,552,516,36,93.5
DOC-LA-0215,LG-LA-0215,1003,679,324,67.8
DOC-LD-0216,LG-LD-0216,380,357,23,94.0
DOC-PY-0217,LG-PY-0217,335,252,83,75.3
DOC-AP-0218,LG-AP-0218,332,316,16,95.4
DOC-AR-0219,LG-AR-0219,980,952,28,97.2
DOC-AS-0220,LG-AS-0220,957,733,224,76.7
DOC-BR-0221,LG-BR-0221,1448,1096,352,75.7
DOC-CG-0222,LG-CG-0222,593,237,356,40.0
DOC-GA-0223,LG-GA-0223,1694,1138,556,67.2
DOC-GJ-0224,LG-GJ-0224,545,511,34,93.8
DOC-HR-0225,LG-HR-0225,446,371,75,83.2
DOC-HP-0226,LG-HP-0226,1312,921,391,70.3
DOC-JH-0227,LG-JH-0227,303,297,6,98.3
DOC-KA-0228,LG-KA-0228,2752,1893,859,68.8
DOC-KL-0229,LG-KL-0229,953,882,71,92.6
DOC-MP-0230,LG-MP-0230,1932,1501,431,77.7
DOC-MH-0231,LG-MH-0231,808,714,94,88.4
DOC-MN-0232,LG-MN-0232,592,453,139,76.6
DOC-ML-0233,LG-ML-0233,936,770,166,82.4
DOC-MZ-0234,LG-MZ-0234,1209,1204,5,99.6
DOC-NL-0235,LG-NL-0235,181,176,5,97.5
DOC-OD-0236,LG-OD-0236,451,378,73,83.9
DOC-PB-0237,LG-PB-0237,726,499,227,68.8
DOC-RJ-0238,LG-RJ-0238,1626,1477,149,90.9
DOC-SK-0239,LG-SK-0239,2370,2117,253,89.4
DOC-TN-0240,LG-TN-0240,146,114,32,78.5
DOC-TS-0241,LG-TS-0241,454,360,94,79.5
DOC-TR-0242,LG-TR-0242,300,223,77,74.6
DOC-UP-0243,LG-UP-0243,602,576,26,95.8
DOC-UK-0244,LG-UK-0244,557,508,49,91.2
DOC-WB-0245,LG-WB-0245,871,383,488,44.0
DOC-AN-0246,LG-AN-0246,1536,1170,366,76.2
DOC-CH-0247,LG-CH-0247,874,693,181,79.4
DOC-DH-0248,LG-DH-0248,1366,916,450,67.1
DOC-DL-0249,LG-DL-0249,338,261,77,77.4
DOC-JK-0250,LG-JK-0250,363,346,17,95.4
DOC-LA-0251,LG-LA-0251,340,276,64,81.4
DOC-LD-0252,LG-LD-0252,287,211,76,73.6
DOC-PY-0253,LG-PY-0253,1011,854,157,84.5
DOC-AP-0254,LG-AP-0254,2194,2014,180,91.8
DOC-AR-0255,LG-AR-0255,1286,951,335,74.0
DOC-AS-0256,LG-AS-0256,949,731,218,77.1
DOC-BR-0257,LG-BR-0257,111,85,26,76.8
DOC-CG-0258,LG-CG-0258,379,334,45,88.2
DOC-GA-0259,LG-GA-0259,2204,1527,677,69.3
DOC-GJ-0260,LG-GJ-0260,873,353,520,40.4
DOC-HR-0261,LG-HR-0261,1395,1002,393,71.9
DOC-HP-0262,LG-HP-0262,1799,1430,369,79.5
DOC-JH-0263,LG-JH-0263,2072,1727,345,83.3
DOC-KA-0264,LG-KA-0264,1101,1014,87,92.2
DOC-KL-0265,LG-KL-0265,722,635,87,88.0
DOC-MP-0266,LG-MP-0266,902,825,77,91.6
DOC-MH-0267,LG-MH-0267,1504,1218,286,81.0
DOC-MN-0268,LG-MN-0268,673,489,184,72.7
DOC-ML-0269,LG-ML-0269,465,358,107,77.1
DOC-MZ-0270,LG-MZ-0270,1551,968,583,62.4
DOC-NL-0271,LG-NL-0271,700,470,230,67.3
DOC-OD-0272,LG-OD-0272,1010,917,93,90.8
DOC-PB-0273,LG-PB-0273,2073,2005,68,96.8
DOC-RJ-0274,LG-RJ-0274,412,273,139,66.4
DOC-SK-0275,LG-SK-0275,2622,2360,262,90.0
DOC-TN-0276,LG-TN-0276,361,247,114,68.6
DOC-TS-0277,LG-TS-0277,75,56,19,74.7
DOC-TR-0278,LG-TR-0278,1864,831,1033,44.6
DOC-UP-0279,LG-UP-0279,548,416,132,76.0
DOC-UK-0280,LG-UK-0280,283,266,17,94.1
DOC-WB-0281,LG-WB-0281,711,696,15,98.0
DOC-AN-0282,LG-AN-0282,1847,996,851,54.0
DOC-CH-0283,LG-CH-0283,1660,1538,122,92.7
DOC-DH-0284,LG-DH-0284,918,782,136,85.3
DOC-DL-0285,LG-DL-0285,655,631,24,96.5
DOC-JK-0286,LG-JK-0286,359,284,75,79.3
DOC-LA-0287,LG-LA-0287,527,493,34,93.6
DOC-LD-0288,LG-LD-0288,403,286,117,71.1
DOC-PY-0289,LG-PY-0289,326,305,21,93.6
DOC-AP-0290,LG-AP-0290,2166,1355,811,62.6
DOC-AR-0291,LG-AR-0291,962,834,128,86.8
DOC-AS-0292,LG-AS-0292,872,636,236,72.9
DOC-BR-0293,LG-BR-0293,880,600,280,68.2
DOC-CG-0294,LG-CG-0294,1682,1188,494,70.7
DOC-GA-0295,LG-GA-0295,1973,1907,66,96.7
DOC-GJ-0296,LG-GJ-0296,1091,976,115,89.5
DOC-HR-0297,LG-HR-0297,624,611,13,97.9
DOC-HP-0298,LG-HP-0298,1001,827,174,82.7
DOC-JH-0299,LG-JH-0299,1319,1049,270,79.6
DOC-KA-0300,LG-KA-0300,858,585,273,68.2
DOC-KL-0301,LG-KL-0301,1055,497,558,47.2
DOC-MP-0302,LG-MP-0302,345,272,73,79.0
DOC-MH-0303,LG-MH-0303,548,280,268,51.1
DOC-MN-0304,LG-MN-0304,223,131,92,58.8
DOC-ML-0305,LG-ML-0305,858,659,199,76.8
DOC-MZ-0306,LG-MZ-0306,1078,839,239,77.9
DOC-NL-0307,LG-NL-0307,1236,788,448,63.8
DOC-OD-0308,LG-OD-0308,270,261,9,97.0
DOC-PB-0309,LG-PB-0309,1123,991,132,88.3
DOC-RJ-0310,LG-RJ-0310,567,435,132,76.8
DOC-SK-0311,LG-SK-0311,680,516,164,76.0
DOC-TN-0312,LG-TN-0312,1110,1071,39,96.6
DOC-TS-0313,LG-TS-0313,949,712,237,75.1
DOC-TR-0314,LG-TR-0314,1493,1476,17,98.9
DOC-UP-0315,LG-UP-0315,805,656,149,81.6
DOC-UK-0316,LG-UK-0316,783,751,32,95.9
DOC-WB-0317,LG-WB-0317,1706,1558,148,91.4
DOC-AN-0318,LG-AN-0318,649,548,101,84.6
DOC-CH-0319,LG-CH-0319,236,194,42,82.5
DOC-DH-0320,LG-DH-0320,310,277,33,89.7
DOC-DL-0321,LG-DL-0321,1133,929,204,82.0
DOC-JK-0322,LG-JK-0322,1838,1212,626,66.0
DOC-LA-0323,LG-LA-0323,150,148,2,98.9
DOC-LD-0324,LG-LD-0324,774,591,183,76.4
DOC-PY-0325,LG-PY-0325,341,224,117,65.9
DOC-AP-0326,LG-AP-0326,650,486,164,74.8
DOC-AR-0327,LG-AR-0327,1775,1175,600,66.2
DOC-AS-0328,LG-AS-0328,280,269,11,96.1
DOC-BR-0329,LG-BR-0329,821,502,319,61.3
DOC-CG-0330,LG-CG-0330,303,276,27,91.3
DOC-GA-0331,LG-GA-0331,842,833,9,98.9
DOC-GJ-0332,LG-GJ-0332,466,340,126,73.1
DOC-HR-0333,LG-HR-0333,1680,1069,611,63.7
DOC-HP-0334,LG-HP-0334,288,270,18,93.8
DOC-JH-0335,LG-JH-0335,480,449,31,93.6
DOC-KA-0336,LG-KA-0336,1146,767,379,67.0
DOC-KL-0337,LG-KL-0337,569,460,109,81.0
DOC-MP-0338,LG-MP-0338,1396,884,512,63.4
DOC-MH-0339,LG-MH-0339,601,333,268,55.4
DOC-MN-0340,LG-MN-0340,1266,1094,172,86.4
DOC-ML-0341,LG-ML-0341,1124,890,234,79.2
DOC-MZ-0342,LG-MZ-0342,1008,722,286,71.7
DOC-NL-0343,LG-NL-0343,821,792,29,96.6
DOC-OD-0344,LG-OD-0344,2555,2198,357,86.0
DOC-PB-0345,LG-PB-0345,213,133,80,62.5
DOC-RJ-0346,LG-RJ-0346,770,611,159,79.4
DOC-SK-0347,LG-SK-0347,923,788,135,85.4
DOC-TN-0348,LG-TN-0348,793,550,243,69.5
DOC-TS-0349,LG-TS-0349,559,546,13,97.8
DOC-TR-0350,LG-TR-0350,1215,1068,147,87.9
DOC-UP-0351,LG-UP-0351,86,56,30,65.1
DOC-UK-0352,LG-UK-0352,290,221,69,76.5
DOC-WB-0353,LG-WB-0353,696,328,368,47.1
DOC-AN-0354,LG-AN-0354,122,97,25,80.0
DOC-CH-0355,LG-CH-0355,1803,1401,402,77.7
DOC-DH-0356,LG-DH-0356,667,456,211,68.5
DOC-DL-0357,LG-DL-0357,1531,1352,179,88.3
DOC-JK-0358,LG-JK-0358,272,208,64,76.7
DOC-LA-0359,LG-LA-0359,1769,1630,139,92.2
DOC-LD-0360,LG-LD-0360,697,683,14,98.1
DOC-PY-0361,LG-PY-0361,2175,1637,538,75.3
DOC-AP-0362,LG-AP-0362,699,666,33,95.4
DOC-AR-0363,LG-AR-0363,570,443,127,77.9
DOC-AS-0364,LG-AS-0364,379,363,16,95.9
DOC-BR-0365,LG-BR-0365,1007,956,51,95.0
DOC-CG-0366,LG-CG-0366,496,276,220,55.7
DOC-GA-0367,LG-GA-0367,2086,1754,332,84.1
DOC-GJ-0368,LG-GJ-0368,109,104,5,95.7
DOC-HR-0369,LG-HR-0369,1547,1483,64,95.9
DOC-HP-0370,LG-HP-0370,1004,875,129,87.2
DOC-JH-0371,LG-JH-0371,275,240,35,87.4
DOC-KA-0372,LG-KA-0372,323,288,35,89.2
DOC-KL-0373,LG-KL-0373,1230,1135,95,92.3
DOC-MP-0374,LG-MP-0374,2416,1521,895,63.0
DOC-MH-0375,LG-MH-0375,919,596,323,64.9
DOC-MN-0376,LG-MN-0376,1809,1381,428,76.4
DOC-ML-0377,LG-ML-0377,912,811,101,88.9
DOC-MZ-0378,LG-MZ-0378,159,148,11,93.1
DOC-NL-0379,LG-NL-0379,651,451,200,69.4
DOC-OD-0380,LG-OD-0380,512,386,126,75.5
DOC-PB-0381,LG-PB-0381,1728,1302,426,75.4
DOC-RJ-0382,LG-RJ-0382,1057,716,341,67.8
DOC-SK-0383,LG-SK-0383,389,259,130,66.7
DOC-TN-0384,LG-TN-0384,845,727,118,86.1
DOC-TS-0385,LG-TS-0385,261,209,52,80.1
DOC-TR-0386,LG-TR-0386,1327,977,350,73.7
DOC-UP-0387,LG-UP-0387,1115,997,118,89.5
DOC-UK-0388,LG-UK-0388,1502,1256,246,83.7
DOC-WB-0389,LG-WB-0389,1055,809,246,76.7
DOC-AN-0390,LG-AN-0390,140,132,8,95.0
DOC-CH-0391,LG-CH-0391,2182,1934,248,88.6
DOC-DH-0392,LG-DH-0392,785,514,271,65.5
DOC-DL-0393,LG-DL-0393,112,100,12,89.6
DOC-JK-0394,LG-JK-0394,1028,807,221,78.5
DOC-LA-0395,LG-LA-0395,962,922,40,95.9
DOC-LD-0396,LG-LD-0396,1071,920,151,85.9
DOC-PY-0397,LG-PY-0397,336,282,54,83.9
DOC-AP-0398,LG-AP-0398,472,436,36,92.5
DOC-AR-0399,LG-AR-0399,206,175,31,85.2
DOC-AS-0400,LG-AS-0400,137,121,16,88.4
DOC-BR-0401,LG-BR-0401,1041,645,396,62.1
DOC-CG-0402,LG-CG-0402,774,554,220,71.7
DOC-GA-0403,LG-GA-0403,317,270,47,85.4
DOC-GJ-0404,LG-GJ-0404,450,295,155,65.6
DOC-HR-0405,LG-HR-0405,632,479,153,75.8
DOC-HP-0406,LG-HP-0406,911,826,85,90.7
DOC-JH-0407,LG-JH-0407,256,227,29,88.8
DOC-KA-0408,LG-KA-0408,923,595,328,64.6
DOC-KL-0409,LG-KL-0409,346,242,104,70.0
DOC-MP-0410,LG-MP-0410,1215,1171,44,96.4
DOC-MH-0411,LG-MH-0411,502,444,58,88.6
DOC-MN-0412,LG-MN-0412,318,281,37,88.6
DOC-ML-0413,LG-ML-0413,1575,888,687,56.4
DOC-MZ-0414,LG-MZ-0414,1118,731,387,65.4
DOC-NL-0415,LG-NL-0415,549,329,220,60.0
DOC-OD-0416,LG-OD-0416,1658,1051,607,63.4
DOC-PB-0417,LG-PB-0417,413,331,82,80.3
DOC-RJ-0418,LG-RJ-0418,1230,965,265,78.5
DOC-SK-0419,LG-SK-0419,179,119,60,66.6
DOC-TN-0420,LG-TN-0420,1384,1139,245,82.4
DOC-TS-0421,LG-TS-0421,563,391,172,69.5
DOC-TR-0422,LG-TR-0422,147,129,18,88.1
DOC-UP-0423,LG-UP-0423,664,380,284,57.3
DOC-UK-0424,LG-UK-0424,584,393,191,67.4
DOC-WB-0425,LG-WB-0425,2304,2030,274,88.1
DOC-AN-0426,LG-AN-0426,1896,1166,730,61.5
DOC-CH-0427,LG-CH-0427,700,407,293,58.2
DOC-DH-0428,LG-DH-0428,683,415,268,60.9
DOC-DL-0429,LG-DL-0429,1693,1506,187,89.0
DOC-JK-0430,LG-JK-0430,593,427,166,72.2
DOC-LA-0431,LG-LA-0431,229,198,31,86.8
DOC-LD-0432,LG-LD-0432,147,138,9,94.1
DOC-PY-0433,LG-PY-0433,2345,2145,200,91.5
DOC-AP-0434,LG-AP-0434,3098,2664,434,86.0
DOC-AR-0435,LG-AR-0435,1375,1105,270,80.4
DOC-AS-0436,LG-AS-0436,1737,1644,93,94.7
DOC-BR-0437,LG-BR-0437,866,743,123,85.8
DOC-CG-0438,LG-CG-0438,962,857,105,89.2
DOC-GA-0439,LG-GA-0439,971,957,14,98.6
DOC-GJ-0440,LG-GJ-0440,99,75,24,76.6
DOC-HR-0441,LG-HR-0441,280,219,61,78.5
DOC-HP-0442,LG-HP-0442,422,355,67,84.2
DOC-JH-0443,LG-JH-0443,665,420,245,63.2
DOC-KA-0444,LG-KA-0444,867,685,182,79.0
DOC-KL-0445,LG-KL-0445,695,508,187,73.1
DOC-MP-0446,LG-MP-0446,1373,1312,61,95.6
DOC-MH-0447,LG-MH-0447,134,122,12,91.7
DOC-MN-0448,LG-MN-0448,678,440,238,65.0
DOC-ML-0449,LG-ML-0449,1334,1152,182,86.4
DOC-MZ-0450,LG-MZ-0450,1137,485,652,42.7
DOC-NL-0451,LG-NL-0451,559,450,109,80.6
DOC-OD-0452,LG-OD-0452,1057,942,115,89.1
DOC-PB-0453,LG-PB-0453,889,860,29,96.8
DOC-RJ-0454,LG-RJ-0454,254,215,39,85.0
DOC-SK-0455,LG-SK-0455,1568,1257,311,80.2
DOC-TN-0456,LG-TN-0456,76,31,45,41.2
DOC-TS-0457,LG-TS-0457,851,761,90,89.4
DOC-TR-0458,LG-TR-0458,1347,1266,81,94.0
DOC-UP-0459,LG-UP-0459,818,615,203,75.3
DOC-UK-0460,LG-UK-0460,955,666,289,69.8
DOC-WB-0461,LG-WB-0461,1007,788,219,78.3
DOC-AN-0462,LG-AN-0462,316,245,71,77.8
DOC-CH-0463,LG-CH-0463,1214,1071,143,88.3
DOC-DH-0464,LG-DH-0464,440,296,144,67.5
DOC-DL-0465,LG-DL-0465,2366,2292,74,96.9
DOC-JK-0466,LG-JK-0466,700,528,172,75.5
DOC-LA-0467,LG-LA-0467,116,89,27,76.7
DOC-LD-0468,LG-LD-0468,1222,1142,80,93.5
DOC-PY-0469,LG-PY-0469,356,340,16,95.6
DOC-AP-0470,LG-AP-0470,902,777,125,86.2
DOC-AR-0471,LG-AR-0471,669,590,79,88.2
DOC-AS-0472,LG-AS-0472,867,708,159,81.7
DOC-BR-0473,LG-BR-0473,482,449,33,93.2
DOC-CG-0474,LG-CG-0474,559,454,105,81.3
DOC-GA-0475,LG-GA-0475,110,98,12,89.6
DOC-GJ-0476,LG-GJ-0476,854,438,416,51.3
DOC-HR-0477,LG-HR-0477,1018,786,232,77.2
DOC-HP-0478,LG-HP-0478,392,286,106,73.1
DOC-JH-0479,LG-JH-0479,1259,1162,97,92.4
DOC-KA-0480,LG-KA-0480,460,445,15,96.9
DOC-KL-0481,LG-KL-0481,817,778,39,95.3
DOC-MP-0482,LG-MP-0482,915,719,196,78.7
DOC-MH-0483,LG-MH-0483,143,114,29,79.8
DOC-MN-0484,LG-MN-0484,1352,1049,303,77.6
DOC-ML-0485,LG-ML-0485,634,553,81,87.3
DOC-MZ-0486,LG-MZ-0486,787,514,273,65.4
DOC-NL-0487,LG-NL-0487,1581,1157,424,73.2
DOC-OD-0488,LG-OD-0488,2828,2615,213,92.5
DOC-PB-0489,LG-PB-0489,1741,1478,263,84.9
DOC-RJ-0490,LG-RJ-0490,1367,1047,320,76.6
DOC-SK-0491,LG-SK-0491,1615,1079,536,66.8
DOC-TN-0492,LG-TN-0492,508,397,111,78.3
DOC-TS-0493,LG-TS-0493,1223,966,257,79.1
DOC-TR-0494,LG-TR-0494,1757,1673,84,95.3
DOC-UP-0495,LG-UP-0495,841,403,438,48.0
DOC-UK-0496,LG-UK-0496,1301,1006,295,77.4
DOC-WB-0497,LG-WB-0497,1293,1230,63,95.2
DOC-AN-0498,LG-AN-0498,672,576,96,85.7
DOC-CH-0499,LG-CH-0499,1023,700,323,68.4
DOC-DH-0500,LG-DH-0500,943,795,148,84.3
DOC-DL-0501,LG-DL-0501,373,333,40,89.5
DOC-JK-0502,LG-JK-0502,523,420,103,80.4
DOC-LA-0503,LG-LA-0503,1268,1163,105,91.7
DOC-LD-0504,LG-LD-0504,875,642,233,73.4
DOC-PY-0505,LG-PY-0505,328,251,77,76.7
DOC-AP-0506,LG-AP-0506,124,105,19,85.0
DOC-AR-0507,LG-AR-0507,112,101,11,90.9
DOC-AS-0508,LG-AS-0508,555,490,65,88.3
DOC-BR-0509,LG-BR-0509,563,394,169,70.0
DOC-CG-0510,LG-CG-0510,599,262,337,43.9
DOC-GA-0511,LG-GA-0511,1257,1003,254,79.9
DOC-GJ-0512,LG-GJ-0512,2360,1097,1263,46.5
DOC-HR-0513,LG-HR-0513,1103,979,124,88.8
DOC-HP-0514,LG-HP-0514,226,167,59,74.1
DOC-JH-0515,LG-JH-0515,619,554,65,89.6
DOC-KA-0516,LG-KA-0516,336,294,42,87.7
DOC-KL-0517,LG-KL-0517,141,133,8,94.3
DOC-MP-0518,LG-MP-0518,1626,1436,190,88.4
DOC-MH-0519,LG-MH-0519,267,218,49,81.7
DOC-MN-0520,LG-MN-0520,948,739,209,78.0
DOC-ML-0521,LG-ML-0521,1689,1206,483,71.4
DOC-MZ-0522,LG-MZ-0522,405,340,65,84.2
DOC-NL-0523,LG-NL-0523,1760,1537,223,87.4
DOC-OD-0524,LG-OD-0524,177,140,37,79.3
DOC-PB-0525,LG-PB-0525,220,165,55,75.4
DOC-RJ-0526,LG-RJ-0526,665,431,234,64.9
DOC-SK-0527,LG-SK-0527,419,400,19,95.5
DOC-TN-0528,LG-TN-0528,1958,1287,671,65.7
DOC-TS-0529,LG-TS-0529,1451,983,468,67.8
DOC-TR-0530,LG-TR-0530,655,567,88,86.6
DOC-UP-0531,LG-UP-0531,1401,1361,40,97.2
DOC-UK-0532,LG-UK-0532,1494,1251,243,83.8
DOC-WB-0533,LG-WB-0533,685,592,93,86.5
DOC-AN-0534,LG-AN-0534,2480,1529,951,61.7
DOC-CH-0535,LG-CH-0535,1091,908,183,83.3
DOC-DH-0536,LG-DH-0536,233,223,10,96.1
DOC-DL-0537,LG-DL-0537,72,70,2,98.5
DOC-JK-0538,LG-JK-0538,103,76,27,74.1
DOC-LA-0539,LG-LA-0539,594,405,189,68.2
DOC-LD-0540,LG-LD-0540,1706,1513,193,88.7
DOC-PY-0541,LG-PY-0541,958,604,354,63.1
DOC-AP-0542,LG-AP-0542,227,216,11,95.3
DOC-AR-0543,LG-AR-0543,324,202,122,62.4
DOC-AS-0544,LG-AS-0544,1635,1275,360,78.0
DOC-BR-0545,LG-BR-0545,1072,931,141,86.9
DOC-CG-0546,LG-CG-0546,1551,1175,376,75.8
DOC-GA-0547,LG-GA-0547,1148,726,422,63.3
DOC-GJ-0548,LG-GJ-0548,641,575,66,89.8
DOC-HR-0549,LG-HR-0549,1072,691,381,64.5
DOC-HP-0550,LG-HP-0550,136,120,16,88.4
DOC-JH-0551,LG-JH-0551,869,685,184,78.9
DOC-KA-0552,LG-KA-0552,1993,1570,423,78.8
DOC-KL-0553,LG-KL-0553,116,58,58,50.6
DOC-MP-0554,LG-MP-0554,352,224,128,63.9
DOC-MH-0555,LG-MH-0555,518,511,7,98.8
DOC-MN-0556,LG-MN-0556,831,729,102,87.7
DOC-ML-0557,LG-ML-0557,1899,1547,352,81.5
DOC-MZ-0558,LG-MZ-0558,1951,1557,394,79.8
DOC-NL-0559,LG-NL-0559,361,315,46,87.5
DOC-OD-0560,LG-OD-0560,89,79,10,89.4
DOC-PB-0561,LG-PB-0561,1589,1087,502,68.5
DOC-RJ-0562,LG-RJ-0562,606,495,111,81.8
DOC-SK-0563,LG-SK-0563,399,357,42,89.5
DOC-TN-0564,LG-TN-0564,256,208,48,81.4
DOC-TS-0565,LG-TS-0565,192,94,98,49.2
DOC-TR-0566,LG-TR-0566,706,480,226,68.0
DOC-UP-0567,LG-UP-0567,1489,1175,314,78.9
DOC-UK-0568,LG-UK-0568,493,421,72,85.6
DOC-WB-0569,LG-WB-0569,929,921,8,99.2
DOC-AN-0570,LG-AN-0570,1109,1024,85,92.3
DOC-CH-0571,LG-CH-0571,437,397,40,91.0
DOC-DH-0572,LG-DH-0572,180,139,41,77.7
DOC-DL-0573,LG-DL-0573,353,265,88,75.3
DOC-JK-0574,LG-JK-0574,395,379,16,96.1
DOC-LA-0575,LG-LA-0575,838,705,133,84.2
DOC-LD-0576,LG-LD-0576,1388,1045,343,75.3
DOC-PY-0577,LG-PY-0577,1594,1255,339,78.8
DOC-AP-0578,LG-AP-0578,524,453,71,86.6
DOC-AR-0579,LG-AR-0579,454,297,157,65.6
DOC-AS-0580,LG-AS-0580,2376,1961,415,82.5
DOC-BR-0581,LG-BR-0581,791,497,294,62.8
DOC-CG-0582,LG-CG-0582,790,649,141,82.2
DOC-GA-0583,LG-GA-0583,669,519,150,77.7
DOC-GJ-0584,LG-GJ-0584,203,121,82,59.9
DOC-HR-0585,LG-HR-0585,354,210,144,59.5
DOC-HP-0586,LG-HP-0586,199,196,3,98.6
DOC-JH-0587,LG-JH-0587,751,397,354,53.0
DOC-KA-0588,LG-KA-0588,661,588,73,89.0
DOC-KL-0589,LG-KL-0589,1305,1244,61,95.4
DOC-MP-0590,LG-MP-0590,1570,1195,375,76.1
DOC-MH-0591,LG-MH-0591,1456,1085,371,74.6
DOC-MN-0592,LG-MN-0592,1125,823,302,73.2
DOC-ML-0593,LG-ML-0593,1287,1058,229,82.2
DOC-MZ-0594,LG-MZ-0594,131,90,41,69.3
DOC-NL-0595,LG-NL-0595,810,553,257,68.3
DOC-OD-0596,LG-OD-0596,697,310,387,44.5
DOC-PB-0597,LG-PB-0597,2828,2230,598,78.9
DOC-RJ-0598,LG-RJ-0598,1988,1873,115,94.3
DOC-SK-0599,LG-SK-0599,1425,848,577,59.5
DOC-TN-0600,LG-TN-0600,894,744,150,83.3
DOC-TS-0601,LG-TS-0601,2044,1759,285,86.1
DOC-TR-0602,LG-TR-0602,930,572,358,61.6
DOC-UP-0603,LG-UP-0603,1513,1170,343,77.4
DOC-UK-0604,LG-UK-0604,613,384,229,62.7
DOC-WB-0605,LG-WB-0605,1877,1231,646,65.6
DOC-AN-0606,LG-AN-0606,596,539,57,90.5
DOC-CH-0607,LG-CH-0607,529,495,34,93.7
DOC-DH-0608,LG-DH-0608,1202,1133,69,94.3
DOC-DL-0609,LG-DL-0609,1362,910,452,66.8
DOC-JK-0610,LG-JK-0610,508,406,102,80.0
DOC-LA-0611,LG-LA-0611,296,250,46,84.6
DOC-LD-0612,LG-LD-0612,927,733,194,79.2
DOC-PY-0613,LG-PY-0613,861,739,122,85.9
DOC-AP-0614,LG-AP-0614,132,98,34,74.3
DOC-AR-0615,LG-AR-0615,1823,1705,118,93.6
DOC-AS-0616,LG-AS-0616,870,534,336,61.5
DOC-BR-0617,LG-BR-0617,878,555,323,63.3
DOC-CG-0618,LG-CG-0618,1865,1654,211,88.7
DOC-GA-0619,LG-GA-0619,853,576,277,67.6
DOC-GJ-0620,LG-GJ-0620,391,305,86,78.1
DOC-HR-0621,LG-HR-0621,929,593,336,63.9
DOC-HP-0622,LG-HP-0622,310,212,98,68.6
DOC-JH-0623,LG-JH-0623,1644,1590,54,96.8
DOC-KA-0624,LG-KA-0624,947,698,249,73.7
DOC-KL-0625,LG-KL-0625,1176,1068,108,90.9
DOC-MP-0626,LG-MP-0626,1086,691,395,63.7
DOC-MH-0627,LG-MH-0627,2912,2335,577,80.2
DOC-MN-0628,LG-MN-0628,528,485,43,92.0
DOC-ML-0629,LG-ML-0629,1794,1670,124,93.1
DOC-MZ-0630,LG-MZ-0630,300,200,100,66.8
DOC-NL-0631,LG-NL-0631,696,668,28,96.0
DOC-OD-0632,LG-OD-0632,1533,856,677,55.9
DOC-PB-0633,LG-PB-0633,1041,743,298,71.4
DOC-RJ-0634,LG-RJ-0634,381,303,78,79.6
DOC-SK-0635,LG-SK-0635,2578,1756,822,68.1
DOC-TN-0636,LG-TN-0636,1034,702,332,68.0
DOC-TS-0637,LG-TS-0637,123,120,3,97.8
DOC-TR-0638,LG-TR-0638,508,384,124,75.8
DOC-UP-0639,LG-UP-0639,899,705,194,78.5
DOC-UK-0640,LG-UK-0640,873,715,158,82.0
DOC-WB-0641,LG-WB-0641,256,251,5,98.4
DOC-AN-0642,LG-AN-0642,907,690,217,76.1
DOC-CH-0643,LG-CH-0643,1682,1238,444,73.6
DOC-DH-0644,LG-DH-0644,1758,1461,297,83.1
DOC-DL-0645,LG-DL-0645,1482,1213,269,81.9
DOC-JK-0646,LG-JK-0646,1486,749,737,50.4
DOC-LA-0647,LG-LA-0647,296,265,31,89.6
DOC-LD-0648,LG-LD-0648,869,754,115,86.9
DOC-PY-0649,LG-PY-0649,861,811,50,94.3
DOC-AP-0650,LG-AP-0650,339,304,35,89.8
DOC-AR-0651,LG-AR-0651,345,297,48,86.3
DOC-AS-0652,LG-AS-0652,685,670,15,97.9
DOC-BR-0653,LG-BR-0653,1198,810,388,67.7
DOC-CG-0654,LG-CG-0654,2400,2334,66,97.3
DOC-GA-0655,LG-GA-0655,1110,1104,6,99.5
DOC-GJ-0656,LG-GJ-0656,1103,663,440,60.1
DOC-HR-0657,LG-HR-0657,929,858,71,92.4
DOC-HP-0658,LG-HP-0658,369,317,52,86.1
DOC-JH-0659,LG-JH-0659,740,701,39,94.9
DOC-KA-0660,LG-KA-0660,318,251,67,79.1
DOC-KL-0661,LG-KL-0661,322,213,109,66.4
DOC-MP-0662,LG-MP-0662,405,359,46,88.8
DOC-MH-0663,LG-MH-0663,478,291,187,61.1
DOC-MN-0664,LG-MN-0664,425,386,39,90.8
DOC-ML-0665,LG-ML-0665,1369,875,494,64.0
DOC-MZ-0666,LG-MZ-0666,105,57,48,54.4
DOC-NL-0667,LG-NL-0667,1950,1284,666,65.9
DOC-OD-0668,LG-OD-0668,612,306,306,50.0
DOC-PB-0669,LG-PB-0669,920,541,379,58.9
DOC-RJ-0670,LG-RJ-0670,381,261,120,68.6
DOC-SK-0671,LG-SK-0671,1551,1234,317,79.6
DOC-TN-0672,LG-TN-0672,307,303,4,98.9
DOC-TS-0673,LG-TS-0673,1257,1167,90,92.9
DOC-TR-0674,LG-TR-0674,103,86,17,83.9
DOC-UP-0675,LG-UP-0675,1419,778,641,54.9
DOC-UK-0676,LG-UK-0676,1677,1676,1,100.0
DOC-WB-0677,LG-WB-0677,665,519,146,78.2
DOC-AN-0678,LG-AN-0678,1282,1014,268,79.1
DOC-CH-0679,LG-CH-0679,2225,1874,351,84.2
DOC-DH-0680,LG-DH-0680,388,324,64,83.6
DOC-DL-0681,LG-DL-0681,572,410,162,71.8
DOC-JK-0682,LG-JK-0682,249,216,33,87.1
DOC-LA-0683,LG-LA-0683,1345,1076,269,80.1
DOC-LD-0684,LG-LD-0684,233,175,58,75.3
DOC-PY-0685,LG-PY-0685,802,785,17,98.0
DOC-AP-0686,LG-AP-0686,132,86,46,65.2
DOC-AR-0687,LG-AR-0687,1984,1671,313,84.3
DOC-AS-0688,LG-AS-0688,1484,1075,409,72.5
DOC-BR-0689,LG-BR-0689,643,616,27,95.8
DOC-CG-0690,LG-CG-0690,493,405,88,82.4
DOC-GA-0691,LG-GA-0691,1677,1597,80,95.2
DOC-GJ-0692,LG-GJ-0692,1143,887,256,77.7
DOC-HR-0693,LG-HR-0693,232,168,64,72.6
DOC-HP-0694,LG-HP-0694,646,563,83,87.3
DOC-JH-0695,LG-JH-0695,536,336,200,62.8
DOC-KA-0696,LG-KA-0696,174,104,70,60.3
DOC-KL-0697,LG-KL-0697,880,666,214,75.8
DOC-MP-0698,LG-MP-0698,947,858,89,90.6
DOC-MH-0699,LG-MH-0699,1475,1061,414,72.0
DOC-MN-0700,LG-MN-0700,206,161,45,78.6
DOC-ML-0701,LG-ML-0701,153,141,12,92.6
DOC-MZ-0702,LG-MZ-0702,1132,935,197,82.7
DOC-NL-0703,LG-NL-0703,763,610,153,80.0
DOC-OD-0704,LG-OD-0704,80,56,24,70.5
DOC-PB-0705,LG-PB-0705,1441,1208,233,83.9
DOC-RJ-0706,LG-RJ-0706,143,96,47,67.4
DOC-SK-0707,LG-SK-0707,273,255,18,93.7
DOC-TN-0708,LG-TN-0708,674,516,158,76.6
DOC-TS-0709,LG-TS-0709,2114,2025,89,95.8
DOC-TR-0710,LG-TR-0710,160,140,20,88.0
DOC-UP-0711,LG-UP-0711,674,602,72,89.4
DOC-UK-0712,LG-UK-0712,788,495,293,62.8
DOC-WB-0713,LG-WB-0713,787,770,17,97.9
DOC-AN-0714,LG-AN-0714,1662,1472,190,88.6
DOC-CH-0715,LG-CH-0715,314,130,184,41.5
DOC-DH-0716,LG-DH-0716,570,344,226,60.5
DOC-DL-0717,LG-DL-0717,639,561,78,87.9
DOC-JK-0718,LG-JK-0718,1448,1136,312,78.5
DOC-LA-0719,LG-LA-0719,1253,1119,134,89.3
DOC-LD-0720,LG-LD-0720,983,916,67,93.3
DOC-PY-0721,LG-PY-0721,107,90,17,84.5
DOC-AP-0722,LG-AP-0722,293,258,35,88.4
DOC-AR-0723,LG-AR-0723,1521,1243,278,81.8
DOC-AS-0724,LG-AS-0724,587,458,129,78.1
DOC-BR-0725,LG-BR-0725,1597,1277,320,80.0
DOC-CG-0726,LG-CG-0726,1234,560,674,45.4
DOC-GA-0727,LG-GA-0727,1268,1158,110,91.3
DOC-GJ-0728,LG-GJ-0728,1374,1058,316,77.0
DOC-HR-0729,LG-HR-0729,1666,1402,264,84.2
DOC-HP-0730,LG-HP-0730,327,294,33,89.9
DOC-JH-0731,LG-JH-0731,1912,1772,140,92.7
DOC-KA-0732,LG-KA-0732,769,712,57,92.6
DOC-KL-0733,LG-KL-0733,1154,726,428,63.0
DOC-MP-0734,LG-MP-0734,1745,719,1026,41.2
DOC-MH-0735,LG-MH-0735,619,554,65,89.5
DOC-MN-0736,LG-MN-0736,2874,2578,296,89.7
DOC-ML-0737,LG-ML-0737,258,167,91,65.0
DOC-MZ-0738,LG-MZ-0738,982,907,75,92.4
DOC-NL-0739,LG-NL-0739,170,165,5,97.6
DOC-OD-0740,LG-OD-0740,1740,1607,133,92.4
DOC-PB-0741,LG-PB-0741,778,564,214,72.6
DOC-RJ-0742,LG-RJ-0742,1236,778,458,63.0
DOC-SK-0743,LG-SK-0743,313,260,53,83.3
DOC-TN-0744,LG-TN-0744,1708,1173,535,68.7
DOC-TS-0745,LG-TS-0745,1333,797,536,59.8
DOC-TR-0746,LG-TR-0746,773,472,301,61.1
DOC-UP-0747,LG-UP-0747,908,779,129,85.8
DOC-UK-0748,LG-UK-0748,245,218,27,89.1
DOC-WB-0749,LG-WB-0749,1650,1481,169,89.8
DOC-AN-0750,LG-AN-0750,217,208,9,96.1
DOC-CH-0751,LG-CH-0751,178,120,58,67.5
DOC-DH-0752,LG-DH-0752,856,727,129,85.0
DOC-DL-0753,LG-DL-0753,347,213,134,61.6
DOC-JK-0754,LG-JK-0754,395,300,95,76.2
DOC-LA-0755,LG-LA-0755,360,301,59,83.8
DOC-LD-0756,LG-LD-0756,500,293,207,58.7
DOC-PY-0757,LG-PY-0757,905,628,277,69.5
DOC-AP-0758,LG-AP-0758,1865,1498,367,80.3
DOC-AR-0759,LG-AR-0759,421,415,6,98.7
DOC-AS-0760,LG-AS-0760,745,651,94,87.5
DOC-BR-0761,LG-BR-0761,171,166,5,97.5
DOC-CG-0762,LG-CG-0762,366,347,19,94.9
DOC-GA-0763,LG-GA-0763,803,640,163,79.7
DOC-GJ-0764,LG-GJ-0764,198,196,2,99.5
DOC-HR-0765,LG-HR-0765,1370,1294,76,94.5
DOC-HP-0766,LG-HP-0766,843,522,321,62.0
DOC-JH-0767,LG-JH-0767,2022,1932,90,95.6
DOC-KA-0768,LG-KA-0768,459,424,35,92.5
DOC-KL-0769,LG-KL-0769,944,754,190,80.0
DOC-MP-0770,LG-MP-0770,797,789,8,99.1
DOC-MH-0771,LG-MH-0771,219,201,18,91.8
DOC-MN-0772,LG-MN-0772,442,282,160,63.9
DOC-ML-0773,LG-ML-0773,575,534,41,93.0
DOC-MZ-0774,LG-MZ-0774,1033,903,130,87.5
DOC-NL-0775,LG-NL-0775,777,733,44,94.4
DOC-OD-0776,LG-OD-0776,1028,955,73,92.9
DOC-PB-0777,LG-PB-0777,362,257,105,71.1
DOC-RJ-0778,LG-RJ-0778,2027,1298,729,64.1
DOC-SK-0779,LG-SK-0779,1156,849,307,73.5
DOC-TN-0780,LG-TN-0780,115,102,13,89.5
DOC-TS-0781,LG-TS-0781,1155,774,381,67.1
DOC-TR-0782,LG-TR-0782,1142,1027,115,90.0
DOC-UP-0783,LG-UP-0783,2189,2174,15,99.3
DOC-UK-0784,LG-UK-0784,1051,794,257,75.6
DOC-WB-0785,LG-WB-0785,1065,1064,1,99.9
DOC-AN-0786,LG-AN-0786,382,204,178,53.6
DOC-CH-0787,LG-CH-0787,327,299,28,91.6
DOC-DH-0788,LG-DH-0788,728,572,156,78.6
DOC-DL-0789,LG-DL-0789,1011,917,94,90.8
DOC-JK-0790,LG-JK-0790,1028,922,106,89.7
DOC-LA-0791,LG-LA-0791,361,295,66,81.7
DOC-LD-0792,LG-LD-0792,889,554,335,62.4
DOC-PY-0793,LG-PY-0793,1010,727,283,72.0
DOC-AP-0794,LG-AP-0794,802,533,269,66.5
DOC-AR-0795,LG-AR-0795,1722,1636,86,95.1
DOC-AS-0796,LG-AS-0796,252,192,60,76.3
DOC-BR-0797,LG-BR-0797,999,862,137,86.3
DOC-CG-0798,LG-CG-0798,1390,1054,336,75.9
DOC-GA-0799,LG-GA-0799,1411,570,841,40.4
DOC-GJ-0800,LG-GJ-0800,1299,900,399,69.3
DOC-HR-0801,LG-HR-0801,393,314,79,79.9
DOC-HP-0802,LG-HP-0802,460,372,88,81.0
DOC-JH-0803,LG-JH-0803,999,926,73,92.7
DOC-KA-0804,LG-KA-0804,106,101,5,96.2
DOC-KL-0805,LG-KL-0805,2084,1835,249,88.1
DOC-MP-0806,LG-MP-0806,906,699,207,77.2
DOC-MH-0807,LG-MH-0807,299,220,79,73.6
DOC-MN-0808,LG-MN-0808,333,293,40,88.1
DOC-ML-0809,LG-ML-0809,835,578,257,69.2
DOC-MZ-0810,LG-MZ-0810,1270,880,390,69.3
DOC-NL-0811,LG-NL-0811,1921,1450,471,75.5
DOC-OD-0812,LG-OD-0812,1068,805,263,75.5
DOC-PB-0813,LG-PB-0813,190,116,74,61.5
DOC-RJ-0814,LG-RJ-0814,1271,962,309,75.7
DOC-SK-0815,LG-SK-0815,895,695,200,77.7
DOC-TN-0816,LG-TN-0816,130,93,37,72.3
DOC-TS-0817,LG-TS-0817,316,261,55,82.7
DOC-TR-0818,LG-TR-0818,1156,1077,79,93.2
DOC-UP-0819,LG-UP-0819,1233,1087,146,88.2
DOC-UK-0820,LG-UK-0820,193,149,44,77.3
DOC-WB-0821,LG-WB-0821,1213,955,258,78.7
DOC-AN-0822,LG-AN-0822,969,761,208,78.6
DOC-CH-0823,LG-CH-0823,2196,1378,818,62.8
DOC-DH-0824,LG-DH-0824,1068,983,85,92.1
DOC-DL-0825,LG-DL-0825,2000,1871,129,93.6
DOC-JK-0826,LG-JK-0826,1062,900,162,84.8
DOC-LA-0827,LG-LA-0827,907,788,119,87.0
DOC-LD-0828,LG-LD-0828,1140,836,304,73.3
DOC-PY-0829,LG-PY-0829,388,308,80,79.5
DOC-AP-0830,LG-AP-0830,292,212,80,72.9
DOC-AR-0831,LG-AR-0831,1603,1394,209,87.0
DOC-AS-0832,LG-AS-0832,1034,857,177,82.9
DOC-BR-0833,LG-BR-0833,208,195,13,94.0
DOC-CG-0834,LG-CG-0834,316,229,87,72.6
DOC-GA-0835,LG-GA-0835,1072,822,250,76.7
DOC-GJ-0836,LG-GJ-0836,244,193,51,79.4
DOC-HR-0837,LG-HR-0837,1246,836,410,67.1
DOC-HP-0838,LG-HP-0838,448,282,166,63.1
DOC-JH-0839,LG-JH-0839,366,318,48,87.1
DOC-KA-0840,LG-KA-0840,784,544,240,69.4
DOC-KL-0841,LG-KL-0841,451,291,160,64.5
DOC-MP-0842,LG-MP-0842,1307,1025,282,78.4
DOC-MH-0843,LG-MH-0843,213,174,39,81.8
DOC-MN-0844,LG-MN-0844,1892,1569,323,82.9
DOC-ML-0845,LG-ML-0845,113,97,16,86.1
DOC-MZ-0846,LG-MZ-0846,566,354,212,62.6
DOC-NL-0847,LG-NL-0847,361,341,20,94.6
DOC-OD-0848,LG-OD-0848,3051,2336,715,76.6
DOC-PB-0849,LG-PB-0849,332,158,174,47.8
DOC-RJ-0850,LG-RJ-0850,313,303,10,96.9
DOC-SK-0851,LG-SK-0851,262,221,41,84.7
DOC-TN-0852,LG-TN-0852,405,350,55,86.6
DOC-TS-0853,LG-TS-0853,213,193,20,90.7
DOC-TR-0854,LG-TR-0854,1117,1082,35,96.9
DOC-UP-0855,LG-UP-0855,819,659,160,80.6
DOC-UK-0856,LG-UK-0856,234,205,29,87.8
DOC-WB-0857,LG-WB-0857,974,653,321,67.1
DOC-AN-0858,LG-AN-0858,740,706,34,95.5
DOC-CH-0859,LG-CH-0859,2077,2062,15,99.3
DOC-DH-0860,LG-DH-0860,1526,1062,464,69.6
DOC-DL-0861,LG-DL-0861,1046,994,52,95.1
DOC-JK-0862,LG-JK-0862,984,906,78,92.1
DOC-LA-0863,LG-LA-0863,638,503,135,79.0
DOC-LD-0864,LG-LD-0864,680,408,272,60.0
DOC-PY-0865,LG-PY-0865,1770,1403,367,79.3
DOC-AP-0866,LG-AP-0866,2347,2111,236,90.0
DOC-AR-0867,LG-AR-0867,1334,1297,37,97.3
DOC-AS-0868,LG-AS-0868,669,527,142,78.9
DOC-BR-0869,LG-BR-0869,641,516,125,80.6
DOC-CG-0870,LG-CG-0870,1388,1072,316,77.2
DOC-GA-0871,LG-GA-0871,335,271,64,80.9
DOC-GJ-0872,LG-GJ-0872,585,475,110,81.2
DOC-HR-0873,LG-HR-0873,641,441,200,68.9
DOC-HP-0874,LG-HP-0874,1307,1301,6,99.6
DOC-JH-0875,LG-JH-0875,776,521,255,67.2
DOC-KA-0876,LG-KA-0876,1146,846,300,73.9
DOC-KL-0877,LG-KL-0877,1149,497,652,43.3
DOC-MP-0878,LG-MP-0878,750,686,64,91.6
DOC-MH-0879,LG-MH-0879,723,670,53,92.7
DOC-MN-0880,LG-MN-0880,725,512,213,70.6
DOC-ML-0881,LG-ML-0881,316,193,123,61.2
DOC-MZ-0882,LG-MZ-0882,1661,1287,374,77.5
DOC-NL-0883,LG-NL-0883,1000,924,76,92.5
DOC-OD-0884,LG-OD-0884,758,607,151,80.2
DOC-PB-0885,LG-PB-0885,424,271,153,64.0
DOC-RJ-0886,LG-RJ-0886,2211,1711,500,77.4
DOC-SK-0887,LG-SK-0887,527,407,120,77.3
DOC-TN-0888,LG-TN-0888,1562,1318,244,84.4
DOC-TS-0889,LG-TS-0889,221,207,14,93.9
DOC-TR-0890,LG-TR-0890,599,460,139,76.9
DOC-UP-0891,LG-UP-0891,442,418,24,94.7
DOC-UK-0892,LG-UK-0892,664,523,141,78.9
DOC-WB-0893,LG-WB-0893,491,222,269,45.2
DOC-AN-0894,LG-AN-0894,411,263,148,64.2
DOC-CH-0895,LG-CH-0895,1069,1032,37,96.6
DOC-DH-0896,LG-DH-0896,448,400,48,89.3
DOC-DL-0897,LG-DL-0897,851,666,185,78.4
DOC-JK-0898,LG-JK-0898,342,331,11,97.0
DOC-LA-0899,LG-LA-0899,378,361,17,95.7
DOC-LD-0900,LG-LD-0900,319,256,63,80.5
DOC-PY-0901,LG-PY-0901,1589,1461,128,92.0
DOC-AP-0902,LG-AP-0902,763,716,47,93.9
DOC-AR-0903,LG-AR-0903,1877,1427,450,76.1
DOC-AS-0904,LG-AS-0904,410,373,37,91.2
DOC-BR-0905,LG-BR-0905,2914,2427,487,83.3
DOC-CG-0906,LG-CG-0906,665,558,107,84.1
DOC-GA-0907,LG-GA-0907,2523,1735,788,68.8
DOC-GJ-0908,LG-GJ-0908,611,512,99,83.9
DOC-HR-0909,LG-HR-0909,546,247,299,45.4
DOC-HP-0910,LG-HP-0910,1632,1316,316,80.7
DOC-JH-0911,LG-JH-0911,1688,1360,328,80.6
DOC-KA-0912,LG-KA-0912,615,428,187,69.7
DOC-KL-0913,LG-KL-0913,1258,1140,118,90.7
DOC-MP-0914,LG-MP-0914,70,51,19,74.0
DOC-MH-0915,LG-MH-0915,1022,547,475,53.6
DOC-MN-0916,LG-MN-0916,140,109,31,77.9
DOC-ML-0917,LG-ML-0917,170,135,35,80.0
DOC-MZ-0918,LG-MZ-0918,1445,1337,108,92.6
DOC-NL-0919,LG-NL-0919,144,116,28,81.1
DOC-OD-0920,LG-OD-0920,412,287,125,69.7
DOC-PB-0921,LG-PB-0921,698,549,149,78.8
DOC-RJ-0922,LG-RJ-0922,826,677,149,82.0
DOC-SK-0923,LG-SK-0923,2304,1661,643,72.1
DOC-TN-0924,LG-TN-0924,325,240,85,74.0
DOC-TS-0925,LG-TS-0925,1490,835,655,56.1
DOC-TR-0926,LG-TR-0926,2263,1724,539,76.2
DOC-UP-0927,LG-UP-0927,1030,819,211,79.5
DOC-UK-0928,LG-UK-0928,619,471,148,76.1
DOC-WB-0929,LG-WB-0929,157,154,3,98.7
DOC-AN-0930,LG-AN-0930,2321,2019,302,87.0
DOC-CH-0931,LG-CH-0931,1053,801,252,76.1
DOC-DH-0932,LG-DH-0932,1400,1079,321,77.1
DOC-DL-0933,LG-DL-0933,628,602,26,95.9
DOC-JK-0934,LG-JK-0934,384,301,83,78.4
DOC-LA-0935,LG-LA-0935,2135,1513,622,70.9
DOC-LD-0936,LG-LD-0936,2028,1577,451,77.8
DOC-PY-0937,LG-PY-0937,1026,760,266,74.1
DOC-AP-0938,LG-AP-0938,1341,1215,126,90.6
DOC-AR-0939,LG-AR-0939,652,592,60,90.9
DOC-AS-0940,LG-AS-0940,530,355,175,67.1
DOC-BR-0941,LG-BR-0941,865,563,302,65.1
DOC-CG-0942,LG-CG-0942,1055,986,69,93.5
DOC-GA-0943,LG-GA-0943,181,170,11,94.4
DOC-GJ-0944,LG-GJ-0944,704,559,145,79.5
DOC-HR-0945,LG-HR-0945,94,48,46,51.7
DOC-HP-0946,LG-HP-0946,148,132,16,89.6
DOC-JH-0947,LG-JH-0947,196,181,15,92.4
DOC-KA-0948,LG-KA-0948,385,275,110,71.7
DOC-KL-0949,LG-KL-0949,1386,949,437,68.5
DOC-MP-0950,LG-MP-0950,737,480,257,65.2
DOC-MH-0951,LG-MH-0951,796,708,88,89.0
DOC-MN-0952,LG-MN-0952,1577,1515,62,96.1
DOC-ML-0953,LG-ML-0953,1804,1612,192,89.4
DOC-MZ-0954,LG-MZ-0954,1761,1411,350,80.2
DOC-NL-0955,LG-NL-0955,521,335,186,64.4
DOC-OD-0956,LG-OD-0956,340,217,123,64.1
DOC-PB-0957,LG-PB-0957,1180,1158,22,98.2
DOC-RJ-0958,LG-RJ-0958,354,233,121,66.0
DOC-SK-0959,LG-SK-0959,232,225,7,97.4
DOC-TN-0960,LG-TN-0960,155,149,6,96.4
DOC-TS-0961,LG-TS-0961,941,841,100,89.4
DOC-TR-0962,LG-TR-0962,321,293,28,91.4
DOC-UP-0963,LG-UP-0963,103,91,12,88.8
DOC-UK-0964,LG-UK-0964,264,126,138,47.8
DOC-WB-0965,LG-WB-0965,443,414,29,93.7
DOC-AN-0966,LG-AN-0966,1466,1296,170,88.5
DOC-CH-0967,LG-CH-0967,779,585,194,75.1
DOC-DH-0968,LG-DH-0968,1784,1371,413,76.9
DOC-DL-0969,LG-DL-0969,926,444,482,48.0
DOC-JK-0970,LG-JK-0970,919,804,115,87.5
DOC-LA-0971,LG-LA-0971,744,591,153,79.5
DOC-LD-0972,LG-LD-0972,694,440,254,63.5
DOC-PY-0973,LG-PY-0973,970,635,335,65.6
DOC-AP-0974,LG-AP-0974,404,385,19,95.4
DOC-AR-0975,LG-AR-0975,1571,1067,504,67.9
DOC-AS-0976,LG-AS-0976,1057,793,264,75.0
DOC-BR-0977,LG-BR-0977,1476,1427,49,96.7
DOC-CG-0978,LG-CG-0978,123,76,47,62.1
DOC-GA-0979,LG-GA-0979,460,442,18,96.1
DOC-GJ-0980,LG-GJ-0980,458,358,100,78.3
DOC-HR-0981,LG-HR-0981,540,435,105,80.7
DOC-HP-0982,LG-HP-0982,96,87,9,91.5
DOC-JH-0983,LG-JH-0983,1331,1103,228,82.9
DOC-KA-0984,LG-KA-0984,1220,915,305,75.0
DOC-KL-0985,LG-KL-0985,1004,949,55,94.6
DOC-MP-0986,LG-MP-0986,594,529,65,89.2
DOC-MH-0987,LG-MH-0987,2239,2183,56,97.5
DOC-MN-0988,LG-MN-0988,762,466,296,61.2
DOC-ML-0989,LG-ML-0989,550,420,130,76.4
DOC-MZ-0990,LG-MZ-0990,454,414,40,91.4
DOC-NL-0991,LG-NL-0991,479,451,28,94.2
DOC-OD-0992,LG-OD-0992,406,222,184,54.8
DOC-PB-0993,LG-PB-0993,850,691,159,81.3
DOC-RJ-0994,LG-RJ-0994,1139,993,146,87.2
DOC-SK-0995,LG-SK-0995,818,800,18,97.8
DOC-TN-0996,LG-TN-0996,1300,975,325,75.0
DOC-TS-0997,LG-TS-0997,947,658,289,69.5
DOC-TR-0998,LG-TR-0998,427,322,105,75.6
DOC-UP-0999,LG-UP-0999,1219,1079,140,88.5
DOC-UK-1000,LG-UK-1000,1790,1438,352,80.4
DOC-WB-1001,LG-WB-1001,344,284,60,82.8
DOC-AN-1002,LG-AN-1002,249,227,22,91.4
DOC-CH-1003,LG-CH-1003,142,115,27,81.7
DOC-DH-1004,LG-DH-1004,902,780,122,86.6
DOC-DL-1005,LG-DL-1005,2204,949,1255,43.1
DOC-JK-1006,LG-JK-1006,1730,1674,56,96.8
DOC-LA-1007,LG-LA-1007,1505,1483,22,98.5
DOC-LD-1008,LG-LD-1008,575,489,86,85.1
DOC-PY-1009,LG-PY-1009,527,467,60,88.8
DOC-AP-1010,LG-AP-1010,1427,1209,218,84.8
DOC-AR-1011,LG-AR-1011,87,73,14,84.4
DOC-AS-1012,LG-AS-1012,141,102,39,73.0
DOC-BR-1013,LG-BR-1013,898,848,50,94.5
DOC-CG-1014,LG-CG-1014,1761,1358,403,77.1
DOC-GA-1015,LG-GA-1015,416,313,103,75.4
DOC-GJ-1016,LG-GJ-1016,679,469,210,69.2
DOC-HR-1017,LG-HR-1017,453,386,67,85.3
DOC-HP-1018,LG-HP-1018,1724,1590,134,92.2
DOC-JH-1019,LG-JH-1019,1258,1123,135,89.3
DOC-KA-1020,LG-KA-1020,1441,1134,307,78.8
DOC-KL-1021,LG-KL-1021,1197,576,621,48.2
DOC-MP-1022,LG-MP-1022,1903,1281,622,67.4
DOC-MH-1023,LG-MH-1023,1174,947,227,80.7
DOC-MN-1024,LG-MN-1024,1837,1108,729,60.3
DOC-ML-1025,LG-ML-1025,517,489,28,94.6
DOC-MZ-1026,LG-MZ-1026,88,69,19,78.8
DOC-NL-1027,LG-NL-1027,1048,755,293,72.1
DOC-OD-1028,LG-OD-1028,212,168,44,79.7
DOC-PB-1029,LG-PB-1029,549,514,35,93.7
DOC-RJ-1030,LG-RJ-1030,2443,2123,320,86.9
DOC-SK-1031,LG-SK-1031,612,544,68,88.9
DOC-TN-1032,LG-TN-1032,1394,1314,80,94.3
DOC-TS-1033,LG-TS-1033,273,216,57,79.5
DOC-TR-1034,LG-TR-1034,1106,1037,69,93.8
DOC-UP-1035,LG-UP-1035,1467,1411,56,96.2
DOC-UK-1036,LG-UK-1036,1562,1542,20,98.7
DOC-WB-1037,LG-WB-1037,867,732,135,84.5
DOC-AN-1038,LG-AN-1038,864,665,199,77.1
DOC-CH-1039,LG-CH-1039,1050,990,60,94.3
DOC-DH-1040,LG-DH-1040,1825,1174,651,64.4
DOC-DL-1041,LG-DL-1041,2610,2334,276,89.5
DOC-JK-1042,LG-JK-1042,2199,2118,81,96.3
DOC-LA-1043,LG-LA-1043,437,386,51,88.3
DOC-LD-1044,LG-LD-1044,1413,1055,358,74.7
DOC-PY-1045,LG-PY-1045,990,875,115,88.4
DOC-AP-1046,LG-AP-1046,1391,1024,367,73.7
DOC-AR-1047,LG-AR-1047,703,506,197,72.0
DOC-AS-1048,LG-AS-1048,1498,1215,283,81.2
DOC-BR-1049,LG-BR-1049,282,230,52,81.7
DOC-CG-1050,LG-CG-1050,420,410,10,97.6
DOC-GA-1051,LG-GA-1051,848,649,199,76.6
DOC-GJ-1052,LG-GJ-1052,589,439,150,74.6
DOC-HR-1053,LG-HR-1053,551,424,127,77.0
DOC-HP-1054,LG-HP-1054,2331,1968,363,84.4
DOC-JH-1055,LG-JH-1055,793,758,35,95.7
DOC-KA-1056,LG-KA-1056,813,773,40,95.2
DOC-KL-1057,LG-KL-1057,2509,2135,374,85.1
DOC-MP-1058,LG-MP-1058,1440,816,624,56.7
DOC-MH-1059,LG-MH-1059,282,212,70,75.5
DOC-MN-1060,LG-MN-1060,493,202,291,41.1
DOC-ML-1061,LG-ML-1061,253,156,97,61.7
DOC-MZ-1062,LG-MZ-1062,875,592,283,67.7
DOC-NL-1063,LG-NL-1063,76,64,12,85.2
DOC-OD-1064,LG-OD-1064,628,377,251,60.1
DOC-PB-1065,LG-PB-1065,835,356,479,42.7
DOC-RJ-1066,LG-RJ-1066,1267,1161,106,91.6
DOC-SK-1067,LG-SK-1067,917,726,191,79.2
DOC-TN-1068,LG-TN-1068,325,175,150,54.1
DOC-TS-1069,LG-TS-1069,525,454,71,86.5
DOC-TR-1070,LG-TR-1070,328,280,48,85.4
DOC-UP-1071,LG-UP-1071,668,404,264,60.6
DOC-UK-1072,LG-UK-1072,1187,1136,51,95.7
DOC-WB-1073,LG-WB-1073,1135,830,305,73.2
DOC-AN-1074,LG-AN-1074,149,133,16,89.4
DOC-CH-1075,LG-CH-1075,1911,1552,359,81.3
DOC-DH-1076,LG-DH-1076,522,416,106,79.8
DOC-DL-1077,LG-DL-1077,1140,685,455,60.2
DOC-JK-1078,LG-JK-1078,2064,1924,140,93.2
DOC-LA-1079,LG-LA-1079,2224,2126,98,95.6
DOC-LD-1080,LG-LD-1080,1707,1471,236,86.2
DOC-PY-1081,LG-PY-1081,785,480,305,61.2
DOC-AP-1082,LG-AP-1082,598,471,127,78.8
DOC-AR-1083,LG-AR-1083,959,475,484,49.5
DOC-AS-1084,LG-AS-1084,332,283,49,85.2
DOC-BR-1085,LG-BR-1085,1334,1053,281,79.0
DOC-CG-1086,LG-CG-1086,216,179,37,83.1
DOC-GA-1087,LG-GA-1087,1048,591,457,56.5
DOC-GJ-1088,LG-GJ-1088,468,447,21,95.7
DOC-HR-1089,LG-HR-1089,322,257,65,79.9
DOC-HP-1090,LG-HP-1090,1010,876,134,86.8
DOC-JH-1091,LG-JH-1091,819,752,67,91.8
DOC-KA-1092,LG-KA-1092,766,530,236,69.2
DOC-KL-1093,LG-KL-1093,922,586,336,63.6
DOC-MP-1094,LG-MP-1094,490,412,78,84.2
DOC-MH-1095,LG-MH-1095,1691,1066,625,63.1
DOC-MN-1096,LG-MN-1096,132,121,11,91.9
DOC-ML-1097,LG-ML-1097,1739,1377,362,79.2
DOC-MZ-1098,LG-MZ-1098,1197,837,360,69.9
DOC-NL-1099,LG-NL-1099,242,159,83,65.8
DOC-OD-1100,LG-OD-1100,590,579,11,98.1
DOC-PB-1101,LG-PB-1101,431,414,17,96.2
DOC-RJ-1102,LG-RJ-1102,565,534,31,94.5
DOC-SK-1103,LG-SK-1103,290,219,71,75.9
DOC-TN-1104,LG-TN-1104,726,619,107,85.4
DOC-TS-1105,LG-TS-1105,1465,835,630,57.0
DOC-TR-1106,LG-TR-1106,1605,1337,268,83.4
DOC-UP-1107,LG-UP-1107,379,270,109,71.4
DOC-UK-1108,LG-UK-1108,98,77,21,78.8
DOC-WB-1109,LG-WB-1109,406,284,122,70.1
DOC-AN-1110,LG-AN-1110,226,199,27,88.2
DOC-CH-1111,LG-CH-1111,2601,2260,341,86.9
DOC-DH-1112,LG-DH-1112,1711,1332,379,77.9
DOC-DL-1113,LG-DL-1113,644,533,111,82.8
DOC-JK-1114,LG-JK-1114,396,352,44,88.9
DOC-LA-1115,LG-LA-1115,456,381,75,83.6
DOC-LD-1116,LG-LD-1116,400,297,103,74.5
DOC-PY-1117,LG-PY-1117,433,335,98,77.6
DOC-AP-1118,LG-AP-1118,725,560,165,77.3
DOC-AR-1119,LG-AR-1119,85,78,7,92.2
DOC-AS-1120,LG-AS-1120,1773,1373,400,77.5
DOC-BR-1121,LG-BR-1121,515,480,35,93.2
DOC-CG-1122,LG-CG-1122,683,498,185,73.0
DOC-GA-1123,LG-GA-1123,372,328,44,88.2
DOC-GJ-1124,LG-GJ-1124,1630,1495,135,91.7
DOC-HR-1125,LG-HR-1125,887,786,101,88.7
DOC-HP-1126,LG-HP-1126,350,283,67,81.1
DOC-JH-1127,LG-JH-1127,1142,896,246,78.5
DOC-KA-1128,LG-KA-1128,640,580,60,90.8
DOC-KL-1129,LG-KL-1129,271,261,10,96.5
DOC-MP-1130,LG-MP-1130,395,385,10,97.6
DOC-MH-1131,LG-MH-1131,1311,1166,145,89.0
DOC-MN-1132,LG-MN-1132,327,247,80,75.8
DOC-ML-1133,LG-ML-1133,2017,1668,349,82.7
DOC-MZ-1134,LG-MZ-1134,717,597,120,83.4
DOC-NL-1135,LG-NL-1135,120,114,6,95.2
DOC-OD-1136,LG-OD-1136,1118,932,186,83.4
DOC-PB-1137,LG-PB-1137,686,536,150,78.2
DOC-RJ-1138,LG-RJ-1138,935,709,226,75.9
DOC-SK-1139,LG-SK-1139,133,118,15,89.0
DOC-TN-1140,LG-TN-1140,673,622,51,92.5
DOC-TS-1141,LG-TS-1141,1423,1348,75,94.8
DOC-TR-1142,LG-TR-1142,269,224,45,83.4
DOC-UP-1143,LG-UP-1143,246,187,59,76.1
DOC-UK-1144,LG-UK-1144,2250,1012,1238,45.0
DOC-WB-1145,LG-WB-1145,2670,1284,1386,48.1
DOC-AN-1146,LG-AN-1146,287,280,7,97.7
DOC-CH-1147,LG-CH-1147,607,510,97,84.1
DOC-DH-1148,LG-DH-1148,263,232,31,88.4
DOC-DL-1149,LG-DL-1149,1172,894,278,76.3
DOC-JK-1150,LG-JK-1150,1902,1659,243,87.2
DOC-LA-1151,LG-LA-1151,307,294,13,96.0
DOC-LD-1152,LG-LD-1152,258,174,84,67.7
DOC-PY-1153,LG-PY-1153,1156,981,175,84.9
DOC-AP-1154,LG-AP-1154,311,248,63,79.8
DOC-AR-1155,LG-AR-1155,146,114,32,78.5
DOC-AS-1156,LG-AS-1156,834,518,316,62.2
DOC-BR-1157,LG-BR-1157,891,693,198,77.8
DOC-CG-1158,LG-CG-1158,2723,2648,75,97.3
DOC-GA-1159,LG-GA-1159,340,312,28,91.8
DOC-GJ-1160,LG-GJ-1160,1153,732,421,63.5
DOC-HR-1161,LG-HR-1161,1661,1300,361,78.3
DOC-HP-1162,LG-HP-1162,1683,1625,58,96.6
DOC-JH-1163,LG-JH-1163,960,762,198,79.4
DOC-KA-1164,LG-KA-1164,1397,1228,169,87.9
DOC-KL-1165,LG-KL-1165,1802,1251,551,69.4
DOC-MP-1166,LG-MP-1166,575,415,160,72.3
DOC-MH-1167,LG-MH-1167,831,776,55,93.4
DOC-MN-1168,LG-MN-1168,1785,1219,566,68.3
DOC-ML-1169,LG-ML-1169,1392,1273,119,91.5
DOC-MZ-1170,LG-MZ-1170,156,119,37,76.5
DOC-NL-1171,LG-NL-1171,753,390,363,51.9
DOC-OD-1172,LG-OD-1172,98,90,8,92.3
DOC-PB-1173,LG-PB-1173,1491,948,543,63.6
DOC-RJ-1174,LG-RJ-1174,1547,955,592,61.8
DOC-SK-1175,LG-SK-1175,92,71,21,77.8
DOC-TN-1176,LG-TN-1176,1161,1125,36,97.0
DOC-TS-1177,LG-TS-1177,695,550,145,79.3
DOC-TR-1178,LG-TR-1178,432,328,104,76.0
DOC-UP-1179,LG-UP-1179,1220,618,602,50.7
DOC-UK-1180,LG-UK-1180,492,474,18,96.5
DOC-WB-1181,LG-WB-1181,338,308,30,91.1
DOC-AN-1182,LG-AN-1182,1013,922,91,91.0
DOC-CH-1183,LG-CH-1183,1236,1094,142,88.6
DOC-DH-1184,LG-DH-1184,210,176,34,84.1
DOC-DL-1185,LG-DL-1185,685,436,249,63.7
DOC-JK-1186,LG-JK-1186,612,499,113,81.5
DOC-LA-1187,LG-LA-1187,81,73,8,90.8
DOC-LD-1188,LG-LD-1188,487,361,126,74.2
DOC-PY-1189,LG-PY-1189,2297,2146,151,93.4
DOC-AP-1190,LG-AP-1190,356,270,86,75.9
DOC-AR-1191,LG-AR-1191,763,519,244,68.0
DOC-AS-1192,LG-AS-1192,441,439,2,99.7
DOC-BR-1193,LG-BR-1193,378,243,135,64.5
DOC-CG-1194,LG-CG-1194,488,297,191,61.0
DOC-GA-1195,LG-GA-1195,1478,1357,121,91.9
DOC-GJ-1196,LG-GJ-1196,939,937,2,99.8
DOC-HR-1197,LG-HR-1197,952,871,81,91.6
DOC-HP-1198,LG-HP-1198,697,537,160,77.2
DOC-JH-1199,LG-JH-1199,687,502,185,73.2
DOC-KA-1200,LG-KA-1200,528,414,114,78.4
DOC-KL-1201,LG-KL-1201,830,748,82,90.2
DOC-MP-1202,LG-MP-1202,1191,478,713,40.1
DOC-MH-1203,LG-MH-1203,717,543,174,75.8
DOC-MN-1204,LG-MN-1204,1821,1630,191,89.5
DOC-ML-1205,LG-ML-1205,636,621,15,97.7
DOC-MZ-1206,LG-MZ-1206,1132,862,270,76.2
DOC-NL-1207,LG-NL-1207,1332,1023,309,76.8
DOC-OD-1208,LG-OD-1208,378,283,95,75.0
DOC-PB-1209,LG-PB-1209,1355,1326,29,97.9
DOC-RJ-1210,LG-RJ-1210,1214,950,264,78.3
DOC-SK-1211,LG-SK-1211,480,341,139,71.2
DOC-TN-1212,LG-TN-1212,999,780,219,78.1
DOC-TS-1213,LG-TS-1213,1326,1268,58,95.6
DOC-TR-1214,LG-TR-1214,678,480,198,70.8
DOC-UP-1215,LG-UP-1215,1323,666,657,50.4
DOC-UK-1216,LG-UK-1216,2125,1693,432,79.7
DOC-WB-1217,LG-WB-1217,353,311,42,88.2
DOC-AN-1218,LG-AN-1218,113,110,3,97.4
DOC-CH-1219,LG-CH-1219,662,505,157,76.3
DOC-DH-1220,LG-DH-1220,622,469,153,75.5
DOC-DL-1221,LG-DL-1221,1144,818,326,71.5
DOC-JK-1222,LG-JK-1222,160,144,16,90.6
DOC-LA-1223,LG-LA-1223,1134,1102,32,97.2
DOC-LD-1224,LG-LD-1224,2085,1561,524,74.9
DOC-PY-1225,LG-PY-1225,702,521,181,74.3
DOC-AP-1226,LG-AP-1226,893,843,50,94.5
DOC-AR-1227,LG-AR-1227,1199,1183,16,98.7
DOC-AS-1228,LG-AS-1228,1857,1725,132,92.9
DOC-BR-1229,LG-BR-1229,245,230,15,94.2
DOC-CG-1230,LG-CG-1230,183,128,55,70.3
DOC-GA-1231,LG-GA-1231,441,402,39,91.4
DOC-GJ-1232,LG-GJ-1232,2510,1610,900,64.2
DOC-HR-1233,LG-HR-1233,1677,1658,19,98.9
DOC-HP-1234,LG-HP-1234,708,566,142,80.0
DOC-JH-1235,LG-JH-1235,790,697,93,88.3
DOC-KA-1236,LG-KA-1236,1148,480,668,41.9
DOC-KL-1237,LG-KL-1237,298,230,68,77.2
DOC-MP-1238,LG-MP-1238,1704,1464,240,85.9
DOC-MH-1239,LG-MH-1239,546,504,42,92.4
DOC-MN-1240,LG-MN-1240,429,381,48,89.0
DOC-ML-1241,LG-ML-1241,2271,1234,1037,54.3
DOC-MZ-1242,LG-MZ-1242,1182,931,251,78.8
DOC-NL-1243,LG-NL-1243,1955,1278,677,65.4
DOC-OD-1244,LG-OD-1244,1768,1593,175,90.2
DOC-PB-1245,LG-PB-1245,2038,1633,405,80.1
DOC-RJ-1246,LG-RJ-1246,1746,1377,369,78.9
DOC-SK-1247,LG-SK-1247,1920,1481,439,77.1
DOC-TN-1248,LG-TN-1248,682,643,39,94.3
DOC-TS-1249,LG-TS-1249,678,571,107,84.3
DOC-TR-1250,LG-TR-1250,1081,628,453,58.1
