dispute_id,project_id,total_cases,court_district_cases,court_high_cases,court_supreme_cases,pending_cases,resolved_cases,stay_orders_count
LGL-TN-0042,LG-TN-0042,18,10,6,2,14,4,3
LGL-AP-0002,LG-AP-0002,10,6,3,1,0,10,0
LGL-AR-0003,LG-AR-0003,2,1,0,1,0,2,0
LGL-AS-0004,LG-AS-0004,11,6,3,2,2,9,0
LGL-BR-0005,LG-BR-0005,20,12,6,2,13,7,1
LGL-CG-0006,LG-CG-0006,17,10,5,2,12,5,7
LGL-GA-0007,LG-GA-0007,18,10,5,3,14,4,1
LGL-GJ-0008,LG-GJ-0008,42,25,12,5,34,8,3
LGL-HR-0009,LG-HR-0009,8,4,2,2,6,2,0
LGL-HP-0010,LG-HP-0010,6,3,1,2,5,1,0
LGL-JH-0011,LG-JH-0011,14,8,4,2,6,8,1
LGL-KA-0012,LG-KA-0012,6,3,1,2,4,2,0
LGL-KL-0013,LG-KL-0013,9,5,2,2,7,2,0
LGL-MP-0014,LG-MP-0014,4,2,1,1,1,3,0
LGL-MH-0015,LG-MH-0015,25,15,7,3,19,6,8
LGL-MN-0016,LG-MN-0016,9,5,2,2,0,9,0
LGL-ML-0017,LG-ML-0017,2,1,0,1,0,2,0
LGL-MZ-0018,LG-MZ-0018,18,10,5,3,10,8,2
LGL-NL-0019,LG-NL-0019,9,5,2,2,2,7,0
LGL-OD-0020,LG-OD-0020,35,21,10,4,26,9,7
LGL-PB-0021,LG-PB-0021,7,4,2,1,0,7,0
LGL-RJ-0022,LG-RJ-0022,17,10,5,2,9,8,2
LGL-SK-0023,LG-SK-0023,6,3,1,2,5,1,1
LGL-TN-0024,LG-TN-0024,13,7,3,3,3,10,1
LGL-TS-0025,LG-TS-0025,16,9,4,3,11,5,3
LGL-TR-0026,LG-TR-0026,7,4,2,1,5,2,0
LGL-UP-0027,LG-UP-0027,14,8,4,2,5,9,1
LGL-UK-0028,LG-UK-0028,16,9,4,3,6,10,3
LGL-WB-0029,LG-WB-0029,7,4,2,1,0,7,0
LGL-AN-0030,LG-AN-0030,9,5,2,2,1,8,0
LGL-CH-0031,LG-CH-0031,7,4,2,1,2,5,0
LGL-DH-0032,LG-DH-0032,16,9,4,3,8,8,2
LGL-DL-0033,LG-DL-0033,13,7,3,3,5,8,0
LGL-JK-0034,LG-JK-0034,5,3,1,1,0,5,0
LGL-LA-0035,LG-LA-0035,22,13,6,3,14,8,2
LGL-LD-0036,LG-LD-0036,40,24,12,4,32,8,3
LGL-PY-0037,LG-PY-0037,17,10,5,2,12,5,2
LGL-AP-0038,LG-AP-0038,13,7,3,3,5,8,0
LGL-AR-0039,LG-AR-0039,6,3,1,2,1,5,0
LGL-AS-0040,LG-AS-0040,10,6,3,1,7,3,0
LGL-BR-0041,LG-BR-0041,10,6,3,1,9,1,3
LGL-CG-0042,LG-CG-0042,28,16,8,4,26,2,7
LGL-GA-0043,LG-GA-0043,13,7,3,3,9,4,2
LGL-GJ-0044,LG-GJ-0044,4,2,1,1,1,3,0
LGL-HR-0045,LG-HR-0045,22,13,6,3,13,9,2
LGL-HP-0046,LG-HP-0046,16,9,4,3,7,9,1
LGL-JH-0047,LG-JH-0047,23,13,6,4,14,9,5
LGL-KA-0048,LG-KA-0048,19,11,5,3,14,5,2
LGL-KL-0049,LG-KL-0049,4,2,1,1,1,3,0
LGL-MP-0050,LG-MP-0050,11,6,3,2,6,5,1
LGL-MH-0051,LG-MH-0051,3,1,0,2,2,1,0
LGL-MN-0052,LG-MN-0052,11,6,3,2,8,3,1
LGL-ML-0053,LG-ML-0053,20,12,6,2,15,5,2
LGL-MZ-0054,LG-MZ-0054,8,4,2,2,7,1,0
LGL-NL-0055,LG-NL-0055,14,8,4,2,4,10,0
LGL-OD-0056,LG-OD-0056,18,10,5,3,14,4,1
LGL-PB-0057,LG-PB-0057,10,6,3,1,0,10,0
LGL-RJ-0058,LG-RJ-0058,8,4,2,2,3,5,0
LGL-SK-0059,LG-SK-0059,3,1,0,2,0,3,0
LGL-TN-0060,LG-TN-0060,29,17,8,4,21,8,3
LGL-TS-0061,LG-TS-0061,9,5,2,2,5,4,1
LGL-TR-0062,LG-TR-0062,4,2,1,1,0,4,0
LGL-UP-0063,LG-UP-0063,12,7,3,2,6,6,1
LGL-UK-0064,LG-UK-0064,40,24,12,4,32,8,5
LGL-WB-0065,LG-WB-0065,11,6,3,2,3,8,0
LGL-AN-0066,LG-AN-0066,7,4,2,1,4,3,0
LGL-CH-0067,LG-CH-0067,8,4,2,2,7,1,2
LGL-DH-0068,LG-DH-0068,41,24,12,5,31,10,6
LGL-DL-0069,LG-DL-0069,9,5,2,2,3,6,1
LGL-JK-0070,LG-JK-0070,13,7,3,3,5,8,1
LGL-LA-0071,LG-LA-0071,14,8,4,2,5,9,0
LGL-LD-0072,LG-LD-0072,24,14,7,3,14,10,1
LGL-PY-0073,LG-PY-0073,16,9,4,3,6,10,1
LGL-AP-0074,LG-AP-0074,9,5,2,2,3,6,1
LGL-AR-0075,LG-AR-0075,13,7,3,3,4,9,0
LGL-AS-0076,LG-AS-0076,28,16,8,4,18,10,3
LGL-BR-0077,LG-BR-0077,29,17,8,4,27,2,5
LGL-CG-0078,LG-CG-0078,4,2,1,1,1,3,0
LGL-GA-0079,LG-GA-0079,6,3,1,2,5,1,1
LGL-GJ-0080,LG-GJ-0080,15,9,4,2,7,8,1
LGL-HR-0081,LG-HR-0081,10,6,3,1,2,8,0
LGL-HP-0082,LG-HP-0082,17,10,5,2,9,8,3
LGL-JH-0083,LG-JH-0083,16,9,4,3,11,5,1
LGL-KA-0084,LG-KA-0084,13,7,3,3,6,7,1
LGL-KL-0085,LG-KL-0085,9,5,2,2,2,7,0
LGL-MP-0086,LG-MP-0086,4,2,1,1,2,2,1
LGL-MH-0087,LG-MH-0087,9,5,2,2,2,7,0
LGL-MN-0088,LG-MN-0088,36,21,10,5,30,6,8
LGL-ML-0089,LG-ML-0089,16,9,4,3,14,2,2
LGL-MZ-0090,LG-MZ-0090,19,11,5,3,12,7,1
LGL-NL-0091,LG-NL-0091,22,13,6,3,14,8,7
LGL-OD-0092,LG-OD-0092,5,3,1,1,1,4,0
LGL-PB-0093,LG-PB-0093,14,8,4,2,9,5,1
LGL-RJ-0094,LG-RJ-0094,8,4,2,2,5,3,1
LGL-SK-0095,LG-SK-0095,5,3,1,1,2,3,0
LGL-TN-0096,LG-TN-0096,14,8,4,2,4,10,0
LGL-TS-0097,LG-TS-0097,8,4,2,2,4,4,0
LGL-TR-0098,LG-TR-0098,7,4,2,1,1,6,0
LGL-UP-0099,LG-UP-0099,10,6,3,1,2,8,0
LGL-UK-0100,LG-UK-0100,10,6,3,1,7,3,1
LGL-WB-0101,LG-WB-0101,11,6,3,2,3,8,0
LGL-AN-0102,LG-AN-0102,18,10,5,3,8,10,2
LGL-CH-0103,LG-CH-0103,26,15,7,4,24,2,6
LGL-DH-0104,LG-DH-0104,15,9,4,2,14,1,1
LGL-DL-0105,LG-DL-0105,13,7,3,3,3,10,0
LGL-JK-0106,LG-JK-0106,13,7,3,3,7,6,1
LGL-LA-0107,LG-LA-0107,23,13,6,4,22,1,8
LGL-LD-0108,LG-LD-0108,6,3,1,2,2,4,1
LGL-PY-0109,LG-PY-0109,5,3,1,1,2,3,0
LGL-AP-0110,LG-AP-0110,22,13,6,3,12,10,2
LGL-AR-0111,LG-AR-0111,10,6,3,1,2,8,0
LGL-AS-0112,LG-AS-0112,4,2,1,1,2,2,1
LGL-BR-0113,LG-BR-0113,4,2,1,1,1,3,0
LGL-CG-0114,LG-CG-0114,12,7,3,2,4,8,0
LGL-GA-0115,LG-GA-0115,8,4,2,2,3,5,0
LGL-GJ-0116,LG-GJ-0116,19,11,5,3,12,7,1
LGL-HR-0117,LG-HR-0117,10,6,3,1,7,3,3
LGL-HP-0118,LG-HP-0118,6,3,1,2,1,5,0
LGL-JH-0119,LG-JH-0119,6,3,1,2,3,3,0
LGL-KA-0120,LG-KA-0120,26,15,7,4,16,10,2
LGL-KL-0121,LG-KL-0121,14,8,4,2,5,9,1
LGL-MP-0122,LG-MP-0122,16,9,4,3,15,1,1
LGL-MH-0123,LG-MH-0123,11,6,3,2,5,6,1
LGL-MN-0124,LG-MN-0124,32,19,9,4,24,8,6
LGL-ML-0125,LG-ML-0125,8,4,2,2,2,6,0
LGL-MZ-0126,LG-MZ-0126,8,4,2,2,1,7,0
LGL-NL-0127,LG-NL-0127,34,20,10,4,24,10,3
LGL-OD-0128,LG-OD-0128,7,4,2,1,0,7,0
LGL-PB-0129,LG-PB-0129,12,7,3,2,7,5,1
LGL-RJ-0130,LG-RJ-0130,4,2,1,1,2,2,0
LGL-SK-0131,LG-SK-0131,3,1,0,2,1,2,0
LGL-TN-0132,LG-TN-0132,6,3,1,2,0,6,0
LGL-TS-0133,LG-TS-0133,12,7,3,2,10,2,2
LGL-TR-0134,LG-TR-0134,18,10,5,3,14,4,1
LGL-UP-0135,LG-UP-0135,8,4,2,2,5,3,1
LGL-UK-0136,LG-UK-0136,9,5,2,2,2,7,0
LGL-WB-0137,LG-WB-0137,10,6,3,1,5,5,0
LGL-AN-0138,LG-AN-0138,9,5,2,2,6,3,0
LGL-CH-0139,LG-CH-0139,9,5,2,2,2,7,1
LGL-DH-0140,LG-DH-0140,9,5,2,2,7,2,0
LGL-DL-0141,LG-DL-0141,5,3,1,1,0,5,0
LGL-JK-0142,LG-JK-0142,3,1,0,2,0,3,0
LGL-LA-0143,LG-LA-0143,3,1,0,2,1,2,0
LGL-LD-0144,LG-LD-0144,18,10,5,3,17,1,2
LGL-PY-0145,LG-PY-0145,2,1,0,1,1,1,0
LGL-AP-0146,LG-AP-0146,30,18,9,3,27,3,8
LGL-AR-0147,LG-AR-0147,22,13,6,3,13,9,2
LGL-AS-0148,LG-AS-0148,10,6,3,1,3,7,0
LGL-BR-0149,LG-BR-0149,6,3,1,2,2,4,1
LGL-CG-0150,LG-CG-0150,5,3,1,1,3,2,1
LGL-GA-0151,LG-GA-0151,16,9,4,3,13,3,1
LGL-GJ-0152,LG-GJ-0152,12,7,3,2,7,5,1
LGL-HR-0153,LG-HR-0153,15,9,4,2,12,3,1
LGL-HP-0154,LG-HP-0154,15,9,4,2,10,5,3
LGL-JH-0155,LG-JH-0155,6,3,1,2,1,5,0
LGL-KA-0156,LG-KA-0156,7,4,2,1,3,4,0
LGL-KL-0157,LG-KL-0157,23,13,6,4,15,8,5
LGL-MP-0158,LG-MP-0158,8,4,2,2,2,6,0
LGL-MH-0159,LG-MH-0159,12,7,3,2,7,5,0
LGL-MN-0160,LG-MN-0160,45,27,13,5,35,10,7
LGL-ML-0161,LG-ML-0161,17,10,5,2,15,2,1
LGL-MZ-0162,LG-MZ-0162,13,7,3,3,6,7,1
LGL-NL-0163,LG-NL-0163,15,9,4,2,14,1,1
LGL-OD-0164,LG-OD-0164,16,9,4,3,6,10,0
LGL-PB-0165,LG-PB-0165,42,25,12,5,32,10,4
LGL-RJ-0166,LG-RJ-0166,14,8,4,2,8,6,2
LGL-SK-0167,LG-SK-0167,6,3,1,2,2,4,0
LGL-TN-0168,LG-TN-0168,24,14,7,3,15,9,1
LGL-TS-0169,LG-TS-0169,12,7,3,2,2,10,1
LGL-TR-0170,LG-TR-0170,13,7,3,3,3,10,1
LGL-UP-0171,LG-UP-0171,13,7,3,3,7,6,3
LGL-UK-0172,LG-UK-0172,5,3,1,1,2,3,0
LGL-WB-0173,LG-WB-0173,4,2,1,1,0,4,0
LGL-AN-0174,LG-AN-0174,12,7,3,2,2,10,0
LGL-CH-0175,LG-CH-0175,18,10,5,3,11,7,2
LGL-DH-0176,LG-DH-0176,17,10,5,2,9,8,1
LGL-DL-0177,LG-DL-0177,25,15,7,3,19,6,8
LGL-JK-0178,LG-JK-0178,14,8,4,2,6,8,1
LGL-LA-0179,LG-LA-0179,17,10,5,2,14,3,3
LGL-LD-0180,LG-LD-0180,9,5,2,2,0,9,0
LGL-PY-0181,LG-PY-0181,8,4,2,2,2,6,0
LGL-AP-0182,LG-AP-0182,3,1,0,2,0,3,0
LGL-AR-0183,LG-AR-0183,15,9,4,2,6,9,1
LGL-AS-0184,LG-AS-0184,11,6,3,2,1,10,0
LGL-BR-0185,LG-BR-0185,11,6,3,2,6,5,1
LGL-CG-0186,LG-CG-0186,8,4,2,2,0,8,0
LGL-GA-0187,LG-GA-0187,11,6,3,2,9,2,2
LGL-GJ-0188,LG-GJ-0188,22,13,6,3,12,10,3
LGL-HR-0189,LG-HR-0189,9,5,2,2,2,7,0
LGL-HP-0190,LG-HP-0190,10,6,3,1,2,8,0
LGL-JH-0191,LG-JH-0191,5,3,1,1,4,1,1
LGL-KA-0192,LG-KA-0192,1,0,0,1,0,1,0
LGL-KL-0193,LG-KL-0193,14,8,4,2,5,9,0
LGL-MP-0194,LG-MP-0194,21,12,6,3,14,7,1
LGL-MH-0195,LG-MH-0195,4,2,1,1,2,2,0
LGL-MN-0196,LG-MN-0196,32,19,9,4,25,7,5
LGL-ML-0197,LG-ML-0197,14,8,4,2,5,9,0
LGL-MZ-0198,LG-MZ-0198,6,3,1,2,0,6,0
LGL-NL-0199,LG-NL-0199,12,7,3,2,7,5,2
LGL-OD-0200,LG-OD-0200,14,8,4,2,7,7,1
LGL-PB-0201,LG-PB-0201,44,26,13,5,35,9,3
LGL-RJ-0202,LG-RJ-0202,23,13,6,4,19,4,5
LGL-SK-0203,LG-SK-0203,7,4,2,1,0,7,0
LGL-TN-0204,LG-TN-0204,10,6,3,1,0,10,0
LGL-TS-0205,LG-TS-0205,11,6,3,2,7,4,1
LGL-TR-0206,LG-TR-0206,1,0,0,1,0,1,0
LGL-UP-0207,LG-UP-0207,15,9,4,2,7,8,1
LGL-UK-0208,LG-UK-0208,9,5,2,2,2,7,0
LGL-WB-0209,LG-WB-0209,7,4,2,1,3,4,0
LGL-AN-0210,LG-AN-0210,2,1,0,1,0,2,0
LGL-CH-0211,LG-CH-0211,23,13,6,4,14,9,1
LGL-DH-0212,LG-DH-0212,25,15,7,3,15,10,2
LGL-DL-0213,LG-DL-0213,3,1,0,2,1,2,0
LGL-JK-0214,LG-JK-0214,7,4,2,1,2,5,0
LGL-LA-0215,LG-LA-0215,17,10,5,2,15,2,1
LGL-LD-0216,LG-LD-0216,3,1,0,2,0,3,0
LGL-PY-0217,LG-PY-0217,15,9,4,2,10,5,1
LGL-AP-0218,LG-AP-0218,2,1,0,1,1,1,0
LGL-AR-0219,LG-AR-0219,7,4,2,1,2,5,0
LGL-AS-0220,LG-AS-0220,7,4,2,1,5,2,1
LGL-BR-0221,LG-BR-0221,22,13,6,3,14,8,3
LGL-CG-0222,LG-CG-0222,22,13,6,3,16,6,7
LGL-GA-0223,LG-GA-0223,17,10,5,2,10,7,1
LGL-GJ-0224,LG-GJ-0224,11,6,3,2,1,10,0
LGL-HR-0225,LG-HR-0225,13,7,3,3,4,9,0
LGL-HP-0226,LG-HP-0226,23,13,6,4,13,10,3
LGL-JH-0227,LG-JH-0227,6,3,1,2,0,6,0
LGL-KA-0228,LG-KA-0228,16,9,4,3,8,8,1
LGL-KL-0229,LG-KL-0229,8,4,2,2,1,7,0
LGL-MP-0230,LG-MP-0230,11,6,3,2,6,5,0
LGL-MH-0231,LG-MH-0231,13,7,3,3,7,6,0
LGL-MN-0232,LG-MN-0232,16,9,4,3,6,10,1
LGL-ML-0233,LG-ML-0233,13,7,3,3,5,8,1
LGL-MZ-0234,LG-MZ-0234,10,6,3,1,2,8,0
LGL-NL-0235,LG-NL-0235,9,5,2,2,0,9,0
LGL-OD-0236,LG-OD-0236,9,5,2,2,2,7,0
LGL-PB-0237,LG-PB-0237,23,13,6,4,15,8,1
LGL-RJ-0238,LG-RJ-0238,2,1,0,1,0,2,0
LGL-SK-0239,LG-SK-0239,1,0,0,1,0,1,0
LGL-TN-0240,LG-TN-0240,9,5,2,2,5,4,1
LGL-TS-0241,LG-TS-0241,17,10,5,2,9,8,2
LGL-TR-0242,LG-TR-0242,10,6,3,1,9,1,1
LGL-UP-0243,LG-UP-0243,10,6,3,1,0,10,0
LGL-UK-0244,LG-UK-0244,8,4,2,2,2,6,0
LGL-WB-0245,LG-WB-0245,32,19,9,4,27,5,7
LGL-AN-0246,LG-AN-0246,9,5,2,2,7,2,1
LGL-CH-0247,LG-CH-0247,8,4,2,2,2,6,0
LGL-DH-0248,LG-DH-0248,16,9,4,3,13,3,1
LGL-DL-0249,LG-DL-0249,13,7,3,3,4,9,0
LGL-JK-0250,LG-JK-0250,4,2,1,1,0,4,0
LGL-LA-0251,LG-LA-0251,13,7,3,3,5,8,1
LGL-LD-0252,LG-LD-0252,34,20,10,4,24,10,2
LGL-PY-0253,LG-PY-0253,10,6,3,1,2,8,1
LGL-AP-0254,LG-AP-0254,8,4,2,2,2,6,0
LGL-AR-0255,LG-AR-0255,19,11,5,3,11,8,1
LGL-AS-0256,LG-AS-0256,8,4,2,2,5,3,1
LGL-BR-0257,LG-BR-0257,7,4,2,1,4,3,0
LGL-CG-0258,LG-CG-0258,2,1,0,1,0,2,0
LGL-GA-0259,LG-GA-0259,16,9,4,3,14,2,1
LGL-GJ-0260,LG-GJ-0260,40,24,12,4,33,7,5
LGL-HR-0261,LG-HR-0261,20,12,6,2,12,8,2
LGL-HP-0262,LG-HP-0262,14,8,4,2,6,8,0
LGL-JH-0263,LG-JH-0263,13,7,3,3,4,9,0
LGL-KA-0264,LG-KA-0264,8,4,2,2,2,6,0
LGL-KL-0265,LG-KL-0265,16,9,4,3,6,10,1
LGL-MP-0266,LG-MP-0266,12,7,3,2,2,10,0
LGL-MH-0267,LG-MH-0267,14,8,4,2,6,8,1
LGL-MN-0268,LG-MN-0268,15,9,4,2,12,3,2
LGL-ML-0269,LG-ML-0269,20,12,6,2,13,7,1
LGL-MZ-0270,LG-MZ-0270,13,7,3,3,11,2,2
LGL-NL-0271,LG-NL-0271,18,10,5,3,11,7,2
LGL-OD-0272,LG-OD-0272,7,4,2,1,0,7,0
LGL-PB-0273,LG-PB-0273,5,3,1,1,2,3,0
LGL-RJ-0274,LG-RJ-0274,20,12,6,2,13,7,3
LGL-SK-0275,LG-SK-0275,11,6,3,2,1,10,0
LGL-TN-0276,LG-TN-0276,12,7,3,2,9,3,3
LGL-TS-0277,LG-TS-0277,20,12,6,2,10,10,1
LGL-TR-0278,LG-TR-0278,27,16,8,3,22,5,7
LGL-UP-0279,LG-UP-0279,13,7,3,3,6,7,1
LGL-UK-0280,LG-UK-0280,11,6,3,2,1,10,0
LGL-WB-0281,LG-WB-0281,3,1,0,2,2,1,0
LGL-AN-0282,LG-AN-0282,24,14,7,3,17,7,3
LGL-CH-0283,LG-CH-0283,8,4,2,2,1,7,0
LGL-DH-0284,LG-DH-0284,11,6,3,2,4,7,0
LGL-DL-0285,LG-DL-0285,4,2,1,1,1,3,0
LGL-JK-0286,LG-JK-0286,17,10,5,2,15,2,3
LGL-LA-0287,LG-LA-0287,9,5,2,2,1,8,0
LGL-LD-0288,LG-LD-0288,19,11,5,3,10,9,1
LGL-PY-0289,LG-PY-0289,9,5,2,2,1,8,0
LGL-AP-0290,LG-AP-0290,18,10,5,3,9,9,1
LGL-AR-0291,LG-AR-0291,4,2,1,1,2,2,1
LGL-AS-0292,LG-AS-0292,19,11,5,3,11,8,1
LGL-BR-0293,LG-BR-0293,22,13,6,3,13,9,3
LGL-CG-0294,LG-CG-0294,22,13,6,3,21,1,5
LGL-GA-0295,LG-GA-0295,11,6,3,2,2,9,0
LGL-GJ-0296,LG-GJ-0296,6,3,1,2,2,4,0
LGL-HR-0297,LG-HR-0297,6,3,1,2,0,6,0
LGL-HP-0298,LG-HP-0298,13,7,3,3,6,7,0
LGL-JH-0299,LG-JH-0299,14,8,4,2,4,10,0
LGL-KA-0300,LG-KA-0300,12,7,3,2,9,3,2
LGL-KL-0301,LG-KL-0301,42,25,12,5,34,8,8
LGL-MP-0302,LG-MP-0302,14,8,4,2,8,6,1
LGL-MH-0303,LG-MH-0303,39,23,11,5,29,10,5
LGL-MN-0304,LG-MN-0304,26,15,7,4,25,1,6
LGL-ML-0305,LG-ML-0305,11,6,3,2,3,8,1
LGL-MZ-0306,LG-MZ-0306,21,12,6,3,13,8,2
LGL-NL-0307,LG-NL-0307,23,13,6,4,15,8,3
LGL-OD-0308,LG-OD-0308,1,0,0,1,0,1,0
LGL-PB-0309,LG-PB-0309,13,7,3,3,3,10,0
LGL-RJ-0310,LG-RJ-0310,11,6,3,2,9,2,1
LGL-SK-0311,LG-SK-0311,17,10,5,2,7,10,0
LGL-TN-0312,LG-TN-0312,10,6,3,1,2,8,0
LGL-TS-0313,LG-TS-0313,10,6,3,1,6,4,0
LGL-TR-0314,LG-TR-0314,5,3,1,1,1,4,0
LGL-UP-0315,LG-UP-0315,13,7,3,3,7,6,1
LGL-UK-0316,LG-UK-0316,5,3,1,1,2,3,0
LGL-WB-0317,LG-WB-0317,8,4,2,2,0,8,0
LGL-AN-0318,LG-AN-0318,13,7,3,3,6,7,0
LGL-CH-0319,LG-CH-0319,13,7,3,3,4,9,1
LGL-DH-0320,LG-DH-0320,8,4,2,2,2,6,0
LGL-DL-0321,LG-DL-0321,14,8,4,2,5,9,1
LGL-JK-0322,LG-JK-0322,19,11,5,3,15,4,1
LGL-LA-0323,LG-LA-0323,7,4,2,1,1,6,0
LGL-LD-0324,LG-LD-0324,16,9,4,3,13,3,1
LGL-PY-0325,LG-PY-0325,18,10,5,3,15,3,1
LGL-AP-0326,LG-AP-0326,23,13,6,4,14,9,8
LGL-AR-0327,LG-AR-0327,32,19,9,4,27,5,5
LGL-AS-0328,LG-AS-0328,5,3,1,1,0,5,0
LGL-BR-0329,LG-BR-0329,11,6,3,2,7,4,3
LGL-CG-0330,LG-CG-0330,10,6,3,1,2,8,0
LGL-GA-0331,LG-GA-0331,11,6,3,2,1,10,0
LGL-GJ-0332,LG-GJ-0332,42,25,12,5,35,7,4
LGL-HR-0333,LG-HR-0333,9,5,2,2,6,3,1
LGL-HP-0334,LG-HP-0334,9,5,2,2,1,8,0
LGL-JH-0335,LG-JH-0335,7,4,2,1,0,7,0
LGL-KA-0336,LG-KA-0336,14,8,4,2,13,1,3
LGL-KL-0337,LG-KL-0337,15,9,4,2,6,9,0
LGL-MP-0338,LG-MP-0338,16,9,4,3,13,3,1
LGL-MH-0339,LG-MH-0339,37,22,11,4,31,6,2
LGL-MN-0340,LG-MN-0340,11,6,3,2,5,6,1
LGL-ML-0341,LG-ML-0341,13,7,3,3,7,6,0
LGL-MZ-0342,LG-MZ-0342,37,22,11,4,35,2,5
LGL-NL-0343,LG-NL-0343,5,3,1,1,0,5,0
LGL-OD-0344,LG-OD-0344,15,9,4,2,5,10,1
LGL-PB-0345,LG-PB-0345,20,12,6,2,15,5,3
LGL-RJ-0346,LG-RJ-0346,8,4,2,2,5,3,0
LGL-SK-0347,LG-SK-0347,13,7,3,3,3,10,1
LGL-TN-0348,LG-TN-0348,23,13,6,4,13,10,2
LGL-TS-0349,LG-TS-0349,3,1,0,2,1,2,0
LGL-TR-0350,LG-TR-0350,15,9,4,2,6,9,0
LGL-UP-0351,LG-UP-0351,7,4,2,1,6,1,1
LGL-UK-0352,LG-UK-0352,12,7,3,2,2,10,0
LGL-WB-0353,LG-WB-0353,41,24,12,5,32,9,7
LGL-AN-0354,LG-AN-0354,6,3,1,2,4,2,0
LGL-CH-0355,LG-CH-0355,12,7,3,2,7,5,1
LGL-DH-0356,LG-DH-0356,23,13,6,4,21,2,7
LGL-DL-0357,LG-DL-0357,13,7,3,3,7,6,0
LGL-JK-0358,LG-JK-0358,11,6,3,2,7,4,0
LGL-LA-0359,LG-LA-0359,11,6,3,2,2,9,0
LGL-LD-0360,LG-LD-0360,5,3,1,1,0,5,0
LGL-PY-0361,LG-PY-0361,13,7,3,3,12,1,3
LGL-AP-0362,LG-AP-0362,6,3,1,2,2,4,0
LGL-AR-0363,LG-AR-0363,7,4,2,1,3,4,1
LGL-AS-0364,LG-AS-0364,6,3,1,2,1,5,0
LGL-BR-0365,LG-BR-0365,4,2,1,1,0,4,0
LGL-CG-0366,LG-CG-0366,37,22,11,4,34,3,2
LGL-GA-0367,LG-GA-0367,12,7,3,2,3,9,0
LGL-GJ-0368,LG-GJ-0368,6,3,1,2,0,6,0
LGL-HR-0369,LG-HR-0369,12,7,3,2,2,10,0
LGL-HP-0370,LG-HP-0370,6,3,1,2,3,3,0
LGL-JH-0371,LG-JH-0371,13,7,3,3,7,6,0
LGL-KA-0372,LG-KA-0372,2,1,0,1,1,1,0
LGL-KL-0373,LG-KL-0373,7,4,2,1,0,7,0
LGL-MP-0374,LG-MP-0374,18,10,5,3,13,5,3
LGL-MH-0375,LG-MH-0375,19,11,5,3,12,7,3
LGL-MN-0376,LG-MN-0376,14,8,4,2,10,4,2
LGL-ML-0377,LG-ML-0377,3,1,0,2,0,3,0
LGL-MZ-0378,LG-MZ-0378,8,4,2,2,1,7,0
LGL-NL-0379,LG-NL-0379,13,7,3,3,11,2,3
LGL-OD-0380,LG-OD-0380,9,5,2,2,4,5,0
LGL-PB-0381,LG-PB-0381,7,4,2,1,5,2,1
LGL-RJ-0382,LG-RJ-0382,12,7,3,2,9,3,3
LGL-SK-0383,LG-SK-0383,31,18,9,4,26,5,7
LGL-TN-0384,LG-TN-0384,11,6,3,2,3,8,0
LGL-TS-0385,LG-TS-0385,14,8,4,2,6,8,1
LGL-TR-0386,LG-TR-0386,18,10,5,3,10,8,2
LGL-UP-0387,LG-UP-0387,11,6,3,2,5,6,1
LGL-UK-0388,LG-UK-0388,6,3,1,2,2,4,0
LGL-WB-0389,LG-WB-0389,10,6,3,1,3,7,1
LGL-AN-0390,LG-AN-0390,2,1,0,1,0,2,0
LGL-CH-0391,LG-CH-0391,16,9,4,3,7,9,0
LGL-DH-0392,LG-DH-0392,34,20,10,4,24,10,4
LGL-DL-0393,LG-DL-0393,10,6,3,1,6,4,1
LGL-JK-0394,LG-JK-0394,11,6,3,2,7,4,1
LGL-LA-0395,LG-LA-0395,12,7,3,2,2,10,0
LGL-LD-0396,LG-LD-0396,10,6,3,1,3,7,1
LGL-PY-0397,LG-PY-0397,12,7,3,2,4,8,1
LGL-AP-0398,LG-AP-0398,4,2,1,1,0,4,0
LGL-AR-0399,LG-AR-0399,12,7,3,2,5,7,1
LGL-AS-0400,LG-AS-0400,9,5,2,2,2,7,0
LGL-BR-0401,LG-BR-0401,13,7,3,3,9,4,1
LGL-CG-0402,LG-CG-0402,16,9,4,3,7,9,1
LGL-GA-0403,LG-GA-0403,6,3,1,2,2,4,1
LGL-GJ-0404,LG-GJ-0404,10,6,3,1,8,2,3
LGL-HR-0405,LG-HR-0405,7,4,2,1,4,3,1
LGL-HP-0406,LG-HP-0406,7,4,2,1,2,5,0
LGL-JH-0407,LG-JH-0407,1,0,0,1,0,1,0
LGL-KA-0408,LG-KA-0408,20,12,6,2,14,6,1
LGL-KL-0409,LG-KL-0409,16,9,4,3,9,7,3
LGL-MP-0410,LG-MP-0410,3,1,0,2,2,1,0
LGL-MH-0411,LG-MH-0411,7,4,2,1,1,6,0
LGL-MN-0412,LG-MN-0412,11,6,3,2,4,7,1
LGL-ML-0413,LG-ML-0413,28,16,8,4,25,3,5
LGL-MZ-0414,LG-MZ-0414,17,10,5,2,7,10,2
LGL-NL-0415,LG-NL-0415,16,9,4,3,15,1,1
LGL-OD-0416,LG-OD-0416,21,12,6,3,14,7,1
LGL-PB-0417,LG-PB-0417,12,7,3,2,3,9,1
LGL-RJ-0418,LG-RJ-0418,16,9,4,3,7,9,3
LGL-SK-0419,LG-SK-0419,36,21,10,5,35,1,8
LGL-TN-0420,LG-TN-0420,9,5,2,2,7,2,1
LGL-TS-0421,LG-TS-0421,18,10,5,3,11,7,2
LGL-TR-0422,LG-TR-0422,5,3,1,1,3,2,1
LGL-UP-0423,LG-UP-0423,40,24,12,4,30,10,6
LGL-UK-0424,LG-UK-0424,25,15,7,3,18,7,6
LGL-WB-0425,LG-WB-0425,2,1,0,1,1,1,0
LGL-AN-0426,LG-AN-0426,20,12,6,2,14,6,1
LGL-CH-0427,LG-CH-0427,29,17,8,4,21,8,7
LGL-DH-0428,LG-DH-0428,15,9,4,2,9,6,2
LGL-DL-0429,LG-DL-0429,8,4,2,2,4,4,1
LGL-JK-0430,LG-JK-0430,15,9,4,2,7,8,2
LGL-LA-0431,LG-LA-0431,7,4,2,1,4,3,1
LGL-LD-0432,LG-LD-0432,7,4,2,1,0,7,0
LGL-PY-0433,LG-PY-0433,9,5,2,2,0,9,0
LGL-AP-0434,LG-AP-0434,11,6,3,2,6,5,0
LGL-AR-0435,LG-AR-0435,8,4,2,2,5,3,0
LGL-AS-0436,LG-AS-0436,4,2,1,1,1,3,0
LGL-BR-0437,LG-BR-0437,5,3,1,1,2,3,1
LGL-CG-0438,LG-CG-0438,5,3,1,1,2,3,0
LGL-GA-0439,LG-GA-0439,6,3,1,2,1,5,0
LGL-GJ-0440,LG-GJ-0440,13,7,3,3,10,3,1
LGL-HR-0441,LG-HR-0441,22,13,6,3,12,10,1
LGL-HP-0442,LG-HP-0442,10,6,3,1,7,3,0
LGL-JH-0443,LG-JH-0443,23,13,6,4,15,8,3
LGL-KA-0444,LG-KA-0444,16,9,4,3,7,9,0
LGL-KL-0445,LG-KL-0445,17,10,5,2,14,3,1
LGL-MP-0446,LG-MP-0446,5,3,1,1,2,3,0
LGL-MH-0447,LG-MH-0447,6,3,1,2,1,5,0
LGL-MN-0448,LG-MN-0448,28,16,8,4,26,2,3
LGL-ML-0449,LG-ML-0449,12,7,3,2,2,10,1
LGL-MZ-0450,LG-MZ-0450,18,10,5,3,16,2,8
LGL-NL-0451,LG-NL-0451,13,7,3,3,7,6,0
LGL-OD-0452,LG-OD-0452,3,1,0,2,2,1,0
LGL-PB-0453,LG-PB-0453,11,6,3,2,1,10,0
LGL-RJ-0454,LG-RJ-0454,9,5,2,2,4,5,1
LGL-SK-0455,LG-SK-0455,6,3,1,2,2,4,1
LGL-TN-0456,LG-TN-0456,30,18,9,3,20,10,7
LGL-TS-0457,LG-TS-0457,5,3,1,1,1,4,0
LGL-TR-0458,LG-TR-0458,9,5,2,2,2,7,0
LGL-UP-0459,LG-UP-0459,7,4,2,1,3,4,0
LGL-UK-0460,LG-UK-0460,25,15,7,3,15,10,2
LGL-WB-0461,LG-WB-0461,10,6,3,1,4,6,0
LGL-AN-0462,LG-AN-0462,7,4,2,1,2,5,1
LGL-CH-0463,LG-CH-0463,10,6,3,1,7,3,0
LGL-DH-0464,LG-DH-0464,21,12,6,3,13,8,1
LGL-DL-0465,LG-DL-0465,8,4,2,2,2,6,0
LGL-JK-0466,LG-JK-0466,7,4,2,1,5,2,0
LGL-LA-0467,LG-LA-0467,14,8,4,2,5,9,1
LGL-LD-0468,LG-LD-0468,1,0,0,1,0,1,0
LGL-PY-0469,LG-PY-0469,10,6,3,1,1,9,0
LGL-AP-0470,LG-AP-0470,16,9,4,3,7,9,0
LGL-AR-0471,LG-AR-0471,5,3,1,1,1,4,0
LGL-AS-0472,LG-AS-0472,15,9,4,2,5,10,1
LGL-BR-0473,LG-BR-0473,9,5,2,2,0,9,0
LGL-CG-0474,LG-CG-0474,14,8,4,2,6,8,1
LGL-GA-0475,LG-GA-0475,9,5,2,2,5,4,0
LGL-GJ-0476,LG-GJ-0476,25,15,7,3,21,4,2
LGL-HR-0477,LG-HR-0477,8,4,2,2,7,1,2
LGL-HP-0478,LG-HP-0478,16,9,4,3,8,8,1
LGL-JH-0479,LG-JH-0479,9,5,2,2,1,8,0
LGL-KA-0480,LG-KA-0480,12,7,3,2,2,10,0
LGL-KL-0481,LG-KL-0481,3,1,0,2,2,1,0
LGL-MP-0482,LG-MP-0482,12,7,3,2,7,5,0
LGL-MH-0483,LG-MH-0483,17,10,5,2,7,10,0
LGL-MN-0484,LG-MN-0484,15,9,4,2,6,9,1
LGL-ML-0485,LG-ML-0485,13,7,3,3,3,10,0
LGL-MZ-0486,LG-MZ-0486,16,9,4,3,10,6,2
LGL-NL-0487,LG-NL-0487,14,8,4,2,10,4,2
LGL-OD-0488,LG-OD-0488,2,1,0,1,0,2,0
LGL-PB-0489,LG-PB-0489,10,6,3,1,6,4,1
LGL-RJ-0490,LG-RJ-0490,16,9,4,3,6,10,3
LGL-SK-0491,LG-SK-0491,28,16,8,4,25,3,8
LGL-TN-0492,LG-TN-0492,11,6,3,2,7,4,1
LGL-TS-0493,LG-TS-0493,7,4,2,1,3,4,1
LGL-TR-0494,LG-TR-0494,8,4,2,2,2,6,0
LGL-UP-0495,LG-UP-0495,40,24,12,4,34,6,2
LGL-UK-0496,LG-UK-0496,4,2,1,1,3,1,0
LGL-WB-0497,LG-WB-0497,4,2,1,1,2,2,0
LGL-AN-0498,LG-AN-0498,7,4,2,1,5,2,1
LGL-CH-0499,LG-CH-0499,11,6,3,2,8,3,3
LGL-DH-0500,LG-DH-0500,14,8,4,2,6,8,1
LGL-DL-0501,LG-DL-0501,10,6,3,1,1,9,0
LGL-JK-0502,LG-JK-0502,13,7,3,3,3,10,0
LGL-LA-0503,LG-LA-0503,10,6,3,1,2,8,0
LGL-LD-0504,LG-LD-0504,11,6,3,2,9,2,2
LGL-PY-0505,LG-PY-0505,7,4,2,1,5,2,1
LGL-AP-0506,LG-AP-0506,9,5,2,2,4,5,1
LGL-AR-0507,LG-AR-0507,3,1,0,2,2,1,0
LGL-AS-0508,LG-AS-0508,5,3,1,1,1,4,0
LGL-BR-0509,LG-BR-0509,9,5,2,2,7,2,2
LGL-CG-0510,LG-CG-0510,32,19,9,4,30,2,4
LGL-GA-0511,LG-GA-0511,7,4,2,1,3,4,1
LGL-GJ-0512,LG-GJ-0512,34,20,10,4,28,6,6
LGL-HR-0513,LG-HR-0513,15,9,4,2,6,9,1
LGL-HP-0514,LG-HP-0514,15,9,4,2,7,8,3
LGL-JH-0515,LG-JH-0515,6,3,1,2,2,4,1
LGL-KA-0516,LG-KA-0516,10,6,3,1,3,7,0
LGL-KL-0517,LG-KL-0517,3,1,0,2,0,3,0
LGL-MP-0518,LG-MP-0518,5,3,1,1,0,5,0
LGL-MH-0519,LG-MH-0519,3,1,0,2,2,1,0
LGL-MN-0520,LG-MN-0520,12,7,3,2,4,8,0
LGL-ML-0521,LG-ML-0521,17,10,5,2,8,9,3
LGL-MZ-0522,LG-MZ-0522,9,5,2,2,2,7,1
LGL-NL-0523,LG-NL-0523,6,3,1,2,5,1,1
LGL-OD-0524,LG-OD-0524,10,6,3,1,6,4,1
LGL-PB-0525,LG-PB-0525,19,11,5,3,14,5,1
LGL-RJ-0526,LG-RJ-0526,21,12,6,3,14,7,2
LGL-SK-0527,LG-SK-0527,9,5,2,2,2,7,0
LGL-TN-0528,LG-TN-0528,11,6,3,2,8,3,2
LGL-TS-0529,LG-TS-0529,15,9,4,2,11,4,2
LGL-TR-0530,LG-TR-0530,14,8,4,2,6,8,1
LGL-UP-0531,LG-UP-0531,3,1,0,2,1,2,0
LGL-UK-0532,LG-UK-0532,14,8,4,2,5,9,1
LGL-WB-0533,LG-WB-0533,12,7,3,2,6,6,1
LGL-AN-0534,LG-AN-0534,19,11,5,3,15,4,2
LGL-CH-0535,LG-CH-0535,8,4,2,2,3,5,0
LGL-DH-0536,LG-DH-0536,4,2,1,1,2,2,0
LGL-DL-0537,LG-DL-0537,4,2,1,1,1,3,0
LGL-JK-0538,LG-JK-0538,15,9,4,2,13,2,2
LGL-LA-0539,LG-LA-0539,13,7,3,3,10,3,1
LGL-LD-0540,LG-LD-0540,15,9,4,2,7,8,0
LGL-PY-0541,LG-PY-0541,13,7,3,3,12,1,2
LGL-AP-0542,LG-AP-0542,3,1,0,2,1,2,0
LGL-AR-0543,LG-AR-0543,16,9,4,3,8,8,3
LGL-AS-0544,LG-AS-0544,19,11,5,3,11,8,3
LGL-BR-0545,LG-BR-0545,14,8,4,2,4,10,0
LGL-CG-0546,LG-CG-0546,19,11,5,3,12,7,3
LGL-GA-0547,LG-GA-0547,15,9,4,2,8,7,2
LGL-GJ-0548,LG-GJ-0548,8,4,2,2,2,6,0
LGL-HR-0549,LG-HR-0549,10,6,3,1,6,4,3
LGL-HP-0550,LG-HP-0550,3,1,0,2,0,3,0
LGL-JH-0551,LG-JH-0551,9,5,2,2,2,7,1
LGL-KA-0552,LG-KA-0552,13,7,3,3,6,7,0
LGL-KL-0553,LG-KL-0553,31,18,9,4,24,7,7
LGL-MP-0554,LG-MP-0554,17,10,5,2,12,5,5
LGL-MH-0555,LG-MH-0555,6,3,1,2,2,4,0
LGL-MN-0556,LG-MN-0556,8,4,2,2,2,6,1
LGL-ML-0557,LG-ML-0557,9,5,2,2,6,3,1
LGL-MZ-0558,LG-MZ-0558,20,12,6,2,14,6,1
LGL-NL-0559,LG-NL-0559,8,4,2,2,3,5,0
LGL-OD-0560,LG-OD-0560,5,3,1,1,1,4,0
LGL-PB-0561,LG-PB-0561,23,13,6,4,15,8,3
LGL-RJ-0562,LG-RJ-0562,14,8,4,2,6,8,1
LGL-SK-0563,LG-SK-0563,6,3,1,2,2,4,0
LGL-TN-0564,LG-TN-0564,9,5,2,2,7,2,1
LGL-TS-0565,LG-TS-0565,19,11,5,3,14,5,8
LGL-TR-0566,LG-TR-0566,27,16,8,3,18,9,7
LGL-UP-0567,LG-UP-0567,6,3,1,2,2,4,1
LGL-UK-0568,LG-UK-0568,9,5,2,2,3,6,0
LGL-WB-0569,LG-WB-0569,11,6,3,2,1,10,0
LGL-AN-0570,LG-AN-0570,7,4,2,1,2,5,0
LGL-CH-0571,LG-CH-0571,6,3,1,2,1,5,0
LGL-DH-0572,LG-DH-0572,11,6,3,2,4,7,0
LGL-DL-0573,LG-DL-0573,9,5,2,2,6,3,1
LGL-JK-0574,LG-JK-0574,3,1,0,2,1,2,0
LGL-LA-0575,LG-LA-0575,11,6,3,2,5,6,0
LGL-LD-0576,LG-LD-0576,10,6,3,1,5,5,1
LGL-PY-0577,LG-PY-0577,9,5,2,2,6,3,1
LGL-AP-0578,LG-AP-0578,7,4,2,1,4,3,0
LGL-AR-0579,LG-AR-0579,12,7,3,2,9,3,2
LGL-AS-0580,LG-AS-0580,12,7,3,2,5,7,0
LGL-BR-0581,LG-BR-0581,16,9,4,3,9,7,2
LGL-CG-0582,LG-CG-0582,14,8,4,2,5,9,0
LGL-GA-0583,LG-GA-0583,20,12,6,2,13,7,2
LGL-GJ-0584,LG-GJ-0584,27,16,8,3,25,2,8
LGL-HR-0585,LG-HR-0585,39,23,11,5,35,4,4
LGL-HP-0586,LG-HP-0586,7,4,2,1,0,7,0
LGL-JH-0587,LG-JH-0587,28,16,8,4,21,7,3
LGL-KA-0588,LG-KA-0588,13,7,3,3,7,6,0
LGL-KL-0589,LG-KL-0589,7,4,2,1,2,5,0
LGL-MP-0590,LG-MP-0590,19,11,5,3,9,10,2
LGL-MH-0591,LG-MH-0591,12,7,3,2,10,2,3
LGL-MN-0592,LG-MN-0592,21,12,6,3,15,6,3
LGL-ML-0593,LG-ML-0593,16,9,4,3,6,10,0
LGL-MZ-0594,LG-MZ-0594,16,9,4,3,15,1,3
LGL-NL-0595,LG-NL-0595,18,10,5,3,14,4,3
LGL-OD-0596,LG-OD-0596,39,23,11,5,35,4,7
LGL-PB-0597,LG-PB-0597,18,10,5,3,8,10,1
LGL-RJ-0598,LG-RJ-0598,9,5,2,2,2,7,0
LGL-SK-0599,LG-SK-0599,36,21,10,5,26,10,5
LGL-TN-0600,LG-TN-0600,13,7,3,3,6,7,1
LGL-TS-0601,LG-TS-0601,7,4,2,1,5,2,0
LGL-TR-0602,LG-TR-0602,15,9,4,2,14,1,3
LGL-UP-0603,LG-UP-0603,9,5,2,2,6,3,0
LGL-UK-0604,LG-UK-0604,25,15,7,3,15,10,2
LGL-WB-0605,LG-WB-0605,35,21,10,4,33,2,5
LGL-AN-0606,LG-AN-0606,6,3,1,2,1,5,0
LGL-CH-0607,LG-CH-0607,7,4,2,1,2,5,0
LGL-DH-0608,LG-DH-0608,3,1,0,2,2,1,0
LGL-DL-0609,LG-DL-0609,18,10,5,3,13,5,1
LGL-JK-0610,LG-JK-0610,7,4,2,1,3,4,1
LGL-LA-0611,LG-LA-0611,9,5,2,2,5,4,0
LGL-LD-0612,LG-LD-0612,15,9,4,2,5,10,1
LGL-PY-0613,LG-PY-0613,10,6,3,1,7,3,0
LGL-AP-0614,LG-AP-0614,24,14,7,3,14,10,3
LGL-AR-0615,LG-AR-0615,9,5,2,2,0,9,0
LGL-AS-0616,LG-AS-0616,17,10,5,2,14,3,3
LGL-BR-0617,LG-BR-0617,13,7,3,3,10,3,2
LGL-CG-0618,LG-CG-0618,9,5,2,2,7,2,1
LGL-GA-0619,LG-GA-0619,15,9,4,2,11,4,1
LGL-GJ-0620,LG-GJ-0620,6,3,1,2,5,1,1
LGL-HR-0621,LG-HR-0621,19,11,5,3,9,10,3
LGL-HP-0622,LG-HP-0622,14,8,4,2,7,7,2
LGL-JH-0623,LG-JH-0623,11,6,3,2,2,9,0
LGL-KA-0624,LG-KA-0624,11,6,3,2,6,5,2
LGL-KL-0625,LG-KL-0625,4,2,1,1,0,4,0
LGL-MP-0626,LG-MP-0626,10,6,3,1,6,4,1
LGL-MH-0627,LG-MH-0627,6,3,1,2,2,4,0
LGL-MN-0628,LG-MN-0628,10,6,3,1,1,9,0
LGL-ML-0629,LG-ML-0629,4,2,1,1,0,4,0
LGL-MZ-0630,LG-MZ-0630,15,9,4,2,6,9,2
LGL-NL-0631,LG-NL-0631,8,4,2,2,2,6,0
LGL-OD-0632,LG-OD-0632,27,16,8,3,20,7,6
LGL-PB-0633,LG-PB-0633,16,9,4,3,9,7,1
LGL-RJ-0634,LG-RJ-0634,16,9,4,3,7,9,0
LGL-SK-0635,LG-SK-0635,13,7,3,3,11,2,3
LGL-TN-0636,LG-TN-0636,11,6,3,2,8,3,1
LGL-TS-0637,LG-TS-0637,2,1,0,1,1,1,0
LGL-TR-0638,LG-TR-0638,7,4,2,1,4,3,0
LGL-UP-0639,LG-UP-0639,17,10,5,2,8,9,3
LGL-UK-0640,LG-UK-0640,7,4,2,1,3,4,0
LGL-WB-0641,LG-WB-0641,3,1,0,2,1,2,0
LGL-AN-0642,LG-AN-0642,12,7,3,2,3,9,0
LGL-CH-0643,LG-CH-0643,21,12,6,3,11,10,2
LGL-DH-0644,LG-DH-0644,8,4,2,2,2,6,0
LGL-DL-0645,LG-DL-0645,11,6,3,2,6,5,0
LGL-JK-0646,LG-JK-0646,37,22,11,4,31,6,4
LGL-LA-0647,LG-LA-0647,11,6,3,2,3,8,0
LGL-LD-0648,LG-LD-0648,7,4,2,1,6,1,1
LGL-PY-0649,LG-PY-0649,5,3,1,1,1,4,0
LGL-AP-0650,LG-AP-0650,9,5,2,2,5,4,0
LGL-AR-0651,LG-AR-0651,17,10,5,2,7,10,1
LGL-AS-0652,LG-AS-0652,8,4,2,2,0,8,0
LGL-BR-0653,LG-BR-0653,20,12,6,2,14,6,1
LGL-CG-0654,LG-CG-0654,5,3,1,1,2,3,0
LGL-GA-0655,LG-GA-0655,1,0,0,1,0,1,0
LGL-GJ-0656,LG-GJ-0656,16,9,4,3,11,5,2
LGL-HR-0657,LG-HR-0657,4,2,1,1,2,2,0
LGL-HP-0658,LG-HP-0658,10,6,3,1,2,8,0
LGL-JH-0659,LG-JH-0659,9,5,2,2,0,9,0
LGL-KA-0660,LG-KA-0660,8,4,2,2,6,2,2
LGL-KL-0661,LG-KL-0661,17,10,5,2,10,7,2
LGL-MP-0662,LG-MP-0662,4,2,1,1,0,4,0
LGL-MH-0663,LG-MH-0663,18,10,5,3,9,9,1
LGL-MN-0664,LG-MN-0664,3,1,0,2,1,2,0
LGL-ML-0665,LG-ML-0665,18,10,5,3,10,8,3
LGL-MZ-0666,LG-MZ-0666,40,24,12,4,33,7,3
LGL-NL-0667,LG-NL-0667,14,8,4,2,9,5,2
LGL-OD-0668,LG-OD-0668,18,10,5,3,16,2,2
LGL-PB-0669,LG-PB-0669,27,16,8,3,24,3,4
LGL-RJ-0670,LG-RJ-0670,18,10,5,3,15,3,1
LGL-SK-0671,LG-SK-0671,6,3,1,2,2,4,1
LGL-TN-0672,LG-TN-0672,8,4,2,2,1,7,0
LGL-TS-0673,LG-TS-0673,5,3,1,1,0,5,0
LGL-TR-0674,LG-TR-0674,13,7,3,3,5,8,0
LGL-UP-0675,LG-UP-0675,29,17,8,4,21,8,4
LGL-UK-0676,LG-UK-0676,5,3,1,1,0,5,0
LGL-WB-0677,LG-WB-0677,10,6,3,1,7,3,1
LGL-AN-0678,LG-AN-0678,9,5,2,2,8,1,1
LGL-CH-0679,LG-CH-0679,16,9,4,3,6,10,1
LGL-DH-0680,LG-DH-0680,13,7,3,3,5,8,1
LGL-DL-0681,LG-DL-0681,16,9,4,3,8,8,3
LGL-JK-0682,LG-JK-0682,7,4,2,1,6,1,0
LGL-LA-0683,LG-LA-0683,8,4,2,2,5,3,0
LGL-LD-0684,LG-LD-0684,12,7,3,2,2,10,0
LGL-PY-0685,LG-PY-0685,5,3,1,1,0,5,0
LGL-AP-0686,LG-AP-0686,23,13,6,4,14,9,3
LGL-AR-0687,LG-AR-0687,5,3,1,1,3,2,1
LGL-AS-0688,LG-AS-0688,43,25,12,6,34,9,2
LGL-BR-0689,LG-BR-0689,6,3,1,2,1,5,0
LGL-CG-0690,LG-CG-0690,14,8,4,2,5,9,1
LGL-GA-0691,LG-GA-0691,4,2,1,1,1,3,0
LGL-GJ-0692,LG-GJ-0692,16,9,4,3,7,9,0
LGL-HR-0693,LG-HR-0693,22,13,6,3,20,2,5
LGL-HP-0694,LG-HP-0694,7,4,2,1,3,4,1
LGL-JH-0695,LG-JH-0695,16,9,4,3,9,7,1
LGL-KA-0696,LG-KA-0696,18,10,5,3,14,4,1
LGL-KL-0697,LG-KL-0697,14,8,4,2,7,7,3
LGL-MP-0698,LG-MP-0698,12,7,3,2,2,10,0
LGL-MH-0699,LG-MH-0699,13,7,3,3,10,3,2
LGL-MN-0700,LG-MN-0700,5,3,1,1,2,3,0
LGL-ML-0701,LG-ML-0701,3,1,0,2,1,2,0
LGL-MZ-0702,LG-MZ-0702,12,7,3,2,2,10,1
LGL-NL-0703,LG-NL-0703,14,8,4,2,7,7,0
LGL-OD-0704,LG-OD-0704,13,7,3,3,6,7,2
LGL-PB-0705,LG-PB-0705,4,2,1,1,3,1,1
LGL-RJ-0706,LG-RJ-0706,25,15,7,3,23,2,4
LGL-SK-0707,LG-SK-0707,8,4,2,2,2,6,0
LGL-TN-0708,LG-TN-0708,16,9,4,3,15,1,1
LGL-TS-0709,LG-TS-0709,9,5,2,2,2,7,0
LGL-TR-0710,LG-TR-0710,7,4,2,1,0,7,0
LGL-UP-0711,LG-UP-0711,7,4,2,1,4,3,0
LGL-UK-0712,LG-UK-0712,14,8,4,2,13,1,1
LGL-WB-0713,LG-WB-0713,10,6,3,1,1,9,0
LGL-AN-0714,LG-AN-0714,9,5,2,2,4,5,1
LGL-CH-0715,LG-CH-0715,34,20,10,4,32,2,7
LGL-DH-0716,LG-DH-0716,16,9,4,3,15,1,2
LGL-DL-0717,LG-DL-0717,9,5,2,2,3,6,1
LGL-JK-0718,LG-JK-0718,6,3,1,2,2,4,0
LGL-LA-0719,LG-LA-0719,13,7,3,3,7,6,1
LGL-LD-0720,LG-LD-0720,4,2,1,1,1,3,0
LGL-PY-0721,LG-PY-0721,10,6,3,1,2,8,0
LGL-AP-0722,LG-AP-0722,9,5,2,2,7,2,0
LGL-AR-0723,LG-AR-0723,10,6,3,1,6,4,0
LGL-AS-0724,LG-AS-0724,10,6,3,1,7,3,1
LGL-BR-0725,LG-BR-0725,8,4,2,2,6,2,0
LGL-CG-0726,LG-CG-0726,39,23,11,5,30,9,5
LGL-GA-0727,LG-GA-0727,7,4,2,1,1,6,0
LGL-GJ-0728,LG-GJ-0728,15,9,4,2,8,7,3
LGL-HR-0729,LG-HR-0729,5,3,1,1,3,2,0
LGL-HP-0730,LG-HP-0730,11,6,3,2,2,9,0
LGL-JH-0731,LG-JH-0731,2,1,0,1,1,1,0
LGL-KA-0732,LG-KA-0732,8,4,2,2,1,7,0
LGL-KL-0733,LG-KL-0733,18,10,5,3,9,9,3
LGL-MP-0734,LG-MP-0734,39,23,11,5,34,5,3
LGL-MH-0735,LG-MH-0735,9,5,2,2,5,4,1
LGL-MN-0736,LG-MN-0736,5,3,1,1,1,4,0
LGL-ML-0737,LG-ML-0737,9,5,2,2,8,1,2
LGL-MZ-0738,LG-MZ-0738,8,4,2,2,2,6,0
LGL-NL-0739,LG-NL-0739,9,5,2,2,2,7,0
LGL-OD-0740,LG-OD-0740,5,3,1,1,2,3,0
LGL-PB-0741,LG-PB-0741,13,7,3,3,7,6,2
LGL-RJ-0742,LG-RJ-0742,11,6,3,2,8,3,3
LGL-SK-0743,LG-SK-0743,7,4,2,1,5,2,0
LGL-TN-0744,LG-TN-0744,13,7,3,3,10,3,3
LGL-TS-0745,LG-TS-0745,41,24,12,5,34,7,8
LGL-TR-0746,LG-TR-0746,16,9,4,3,12,4,3
LGL-UP-0747,LG-UP-0747,17,10,5,2,7,10,1
LGL-UK-0748,LG-UK-0748,8,4,2,2,2,6,0
LGL-WB-0749,LG-WB-0749,10,6,3,1,0,10,0
LGL-AN-0750,LG-AN-0750,7,4,2,1,0,7,0
LGL-CH-0751,LG-CH-0751,33,19,9,5,32,1,4
LGL-DH-0752,LG-DH-0752,12,7,3,2,5,7,1
LGL-DL-0753,LG-DL-0753,33,19,9,5,26,7,5
LGL-JK-0754,LG-JK-0754,11,6,3,2,4,7,1
LGL-LA-0755,LG-LA-0755,11,6,3,2,6,5,0
LGL-LD-0756,LG-LD-0756,38,22,11,5,28,10,6
LGL-PY-0757,LG-PY-0757,22,13,6,3,15,7,1
LGL-AP-0758,LG-AP-0758,9,5,2,2,7,2,1
LGL-AR-0759,LG-AR-0759,4,2,1,1,0,4,0
LGL-AS-0760,LG-AS-0760,3,1,0,2,2,1,1
LGL-BR-0761,LG-BR-0761,7,4,2,1,1,6,0
LGL-CG-0762,LG-CG-0762,7,4,2,1,0,7,0
LGL-GA-0763,LG-GA-0763,16,9,4,3,7,9,0
LGL-GJ-0764,LG-GJ-0764,9,5,2,2,2,7,0
LGL-HR-0765,LG-HR-0765,8,4,2,2,2,6,0
LGL-HP-0766,LG-HP-0766,27,16,8,3,26,1,6
LGL-JH-0767,LG-JH-0767,3,1,0,2,0,3,0
LGL-KA-0768,LG-KA-0768,5,3,1,1,1,4,0
LGL-KL-0769,LG-KL-0769,10,6,3,1,4,6,1
LGL-MP-0770,LG-MP-0770,3,1,0,2,1,2,0
LGL-MH-0771,LG-MH-0771,5,3,1,1,2,3,0
LGL-MN-0772,LG-MN-0772,11,6,3,2,7,4,1
LGL-ML-0773,LG-ML-0773,6,3,1,2,1,5,0
LGL-MZ-0774,LG-MZ-0774,8,4,2,2,6,2,1
LGL-NL-0775,LG-NL-0775,10,6,3,1,0,10,0
LGL-OD-0776,LG-OD-0776,6,3,1,2,2,4,0
LGL-PB-0777,LG-PB-0777,17,10,5,2,8,9,2
LGL-RJ-0778,LG-RJ-0778,20,12,6,2,13,7,2
LGL-SK-0779,LG-SK-0779,15,9,4,2,14,1,3
LGL-TN-0780,LG-TN-0780,12,7,3,2,2,10,0
LGL-TS-0781,LG-TS-0781,17,10,5,2,7,10,1
LGL-TR-0782,LG-TR-0782,10,6,3,1,2,8,1
LGL-UP-0783,LG-UP-0783,6,3,1,2,1,5,0
LGL-UK-0784,LG-UK-0784,11,6,3,2,5,6,1
LGL-WB-0785,LG-WB-0785,10,6,3,1,2,8,0
LGL-AN-0786,LG-AN-0786,16,9,4,3,15,1,6
LGL-CH-0787,LG-CH-0787,7,4,2,1,1,6,0
LGL-DH-0788,LG-DH-0788,13,7,3,3,8,5,1
LGL-DL-0789,LG-DL-0789,6,3,1,2,0,6,0
LGL-JK-0790,LG-JK-0790,10,6,3,1,1,9,0
LGL-LA-0791,LG-LA-0791,10,6,3,1,2,8,1
LGL-LD-0792,LG-LD-0792,25,15,7,3,15,10,2
LGL-PY-0793,LG-PY-0793,11,6,3,2,8,3,2
LGL-AP-0794,LG-AP-0794,17,10,5,2,9,8,2
LGL-AR-0795,LG-AR-0795,8,4,2,2,2,6,0
LGL-AS-0796,LG-AS-0796,15,9,4,2,6,9,1
LGL-BR-0797,LG-BR-0797,5,3,1,1,3,2,0
LGL-CG-0798,LG-CG-0798,12,7,3,2,9,3,2
LGL-GA-0799,LG-GA-0799,22,13,6,3,12,10,7
LGL-GJ-0800,LG-GJ-0800,16,9,4,3,6,10,3
LGL-HR-0801,LG-HR-0801,14,8,4,2,6,8,0
LGL-HP-0802,LG-HP-0802,10,6,3,1,3,7,0
LGL-JH-0803,LG-JH-0803,5,3,1,1,2,3,0
LGL-KA-0804,LG-KA-0804,6,3,1,2,0,6,0
LGL-KL-0805,LG-KL-0805,5,3,1,1,0,5,0
LGL-MP-0806,LG-MP-0806,11,6,3,2,6,5,3
LGL-MH-0807,LG-MH-0807,19,11,5,3,15,4,8
LGL-MN-0808,LG-MN-0808,3,1,0,2,0,3,0
LGL-ML-0809,LG-ML-0809,10,6,3,1,6,4,2
LGL-MZ-0810,LG-MZ-0810,18,10,5,3,15,3,3
LGL-NL-0811,LG-NL-0811,11,6,3,2,4,7,1
LGL-OD-0812,LG-OD-0812,14,8,4,2,4,10,1
LGL-PB-0813,LG-PB-0813,17,10,5,2,12,5,2
LGL-RJ-0814,LG-RJ-0814,18,10,5,3,8,10,1
LGL-SK-0815,LG-SK-0815,12,7,3,2,7,5,1
LGL-TN-0816,LG-TN-0816,21,12,6,3,14,7,3
LGL-TS-0817,LG-TS-0817,13,7,3,3,3,10,1
LGL-TR-0818,LG-TR-0818,10,6,3,1,1,9,0
LGL-UP-0819,LG-UP-0819,10,6,3,1,3,7,0
LGL-UK-0820,LG-UK-0820,9,5,2,2,3,6,0
LGL-WB-0821,LG-WB-0821,12,7,3,2,2,10,0
LGL-AN-0822,LG-AN-0822,10,6,3,1,5,5,1
LGL-CH-0823,LG-CH-0823,16,9,4,3,9,7,3
LGL-DH-0824,LG-DH-0824,10,6,3,1,1,9,0
LGL-DL-0825,LG-DL-0825,9,5,2,2,0,9,0
LGL-JK-0826,LG-JK-0826,5,3,1,1,4,1,1
LGL-LA-0827,LG-LA-0827,12,7,3,2,3,9,1
LGL-LD-0828,LG-LD-0828,24,14,7,3,16,8,4
LGL-PY-0829,LG-PY-0829,10,6,3,1,3,7,0
LGL-AP-0830,LG-AP-0830,16,9,4,3,7,9,1
LGL-AR-0831,LG-AR-0831,8,4,2,2,6,2,0
LGL-AS-0832,LG-AS-0832,3,1,0,2,2,1,0
LGL-BR-0833,LG-BR-0833,2,1,0,1,0,2,0
LGL-CG-0834,LG-CG-0834,10,6,3,1,7,3,1
LGL-GA-0835,LG-GA-0835,10,6,3,1,8,2,1
LGL-GJ-0836,LG-GJ-0836,13,7,3,3,6,7,1
LGL-HR-0837,LG-HR-0837,13,7,3,3,12,1,3
LGL-HP-0838,LG-HP-0838,14,8,4,2,9,5,3
LGL-JH-0839,LG-JH-0839,8,4,2,2,6,2,1
LGL-KA-0840,LG-KA-0840,22,13,6,3,14,8,2
LGL-KL-0841,LG-KL-0841,20,12,6,2,12,8,1
LGL-MP-0842,LG-MP-0842,12,7,3,2,7,5,0
LGL-MH-0843,LG-MH-0843,13,7,3,3,6,7,1
LGL-MN-0844,LG-MN-0844,16,9,4,3,7,9,1
LGL-ML-0845,LG-ML-0845,12,7,3,2,4,8,1
LGL-MZ-0846,LG-MZ-0846,11,6,3,2,9,2,1
LGL-NL-0847,LG-NL-0847,12,7,3,2,2,10,0
LGL-OD-0848,LG-OD-0848,8,4,2,2,6,2,2
LGL-PB-0849,LG-PB-0849,24,14,7,3,15,9,8
LGL-RJ-0850,LG-RJ-0850,2,1,0,1,0,2,0
LGL-SK-0851,LG-SK-0851,13,7,3,3,4,9,0
LGL-TN-0852,LG-TN-0852,7,4,2,1,4,3,1
LGL-TS-0853,LG-TS-0853,8,4,2,2,1,7,0
LGL-TR-0854,LG-TR-0854,4,2,1,1,2,2,0
LGL-UP-0855,LG-UP-0855,11,6,3,2,3,8,0
LGL-UK-0856,LG-UK-0856,11,6,3,2,7,4,1
LGL-WB-0857,LG-WB-0857,12,7,3,2,11,1,1
LGL-AN-0858,LG-AN-0858,3,1,0,2,2,1,0
LGL-CH-0859,LG-CH-0859,9,5,2,2,0,9,0
LGL-DH-0860,LG-DH-0860,25,15,7,3,15,10,1
LGL-DL-0861,LG-DL-0861,5,3,1,1,1,4,0
LGL-JK-0862,LG-JK-0862,5,3,1,1,0,5,0
LGL-LA-0863,LG-LA-0863,17,10,5,2,9,8,2
LGL-LD-0864,LG-LD-0864,23,13,6,4,19,4,5
LGL-PY-0865,LG-PY-0865,8,4,2,2,7,1,0
LGL-AP-0866,LG-AP-0866,10,6,3,1,5,5,0
LGL-AR-0867,LG-AR-0867,2,1,0,1,1,1,0
LGL-AS-0868,LG-AS-0868,12,7,3,2,8,4,1
LGL-BR-0869,LG-BR-0869,9,5,2,2,6,3,1
LGL-CG-0870,LG-CG-0870,14,8,4,2,5,9,0
LGL-GA-0871,LG-GA-0871,14,8,4,2,7,7,1
LGL-GJ-0872,LG-GJ-0872,10,6,3,1,4,6,0
LGL-HR-0873,LG-HR-0873,13,7,3,3,12,1,2
LGL-HP-0874,LG-HP-0874,5,3,1,1,0,5,0
LGL-JH-0875,LG-JH-0875,24,14,7,3,15,9,3
LGL-KA-0876,LG-KA-0876,12,7,3,2,7,5,2
LGL-KL-0877,LG-KL-0877,19,11,5,3,12,7,3
LGL-MP-0878,LG-MP-0878,10,6,3,1,1,9,0
LGL-MH-0879,LG-MH-0879,8,4,2,2,0,8,0
LGL-MN-0880,LG-MN-0880,18,10,5,3,12,6,2
LGL-ML-0881,LG-ML-0881,18,10,5,3,15,3,2
LGL-MZ-0882,LG-MZ-0882,20,12,6,2,14,6,3
LGL-NL-0883,LG-NL-0883,2,1,0,1,1,1,0
LGL-OD-0884,LG-OD-0884,14,8,4,2,6,8,0
LGL-PB-0885,LG-PB-0885,15,9,4,2,14,1,3
LGL-RJ-0886,LG-RJ-0886,24,14,7,3,15,9,1
LGL-SK-0887,LG-SK-0887,8,4,2,2,6,2,0
LGL-TN-0888,LG-TN-0888,7,4,2,1,2,5,1
LGL-TS-0889,LG-TS-0889,7,4,2,1,0,7,0
LGL-TR-0890,LG-TR-0890,19,11,5,3,10,9,3
LGL-UP-0891,LG-UP-0891,11,6,3,2,1,10,0
LGL-UK-0892,LG-UK-0892,15,9,4,2,7,8,1
LGL-WB-0893,LG-WB-0893,15,9,4,2,14,1,8
LGL-AN-0894,LG-AN-0894,38,22,11,5,34,4,6
LGL-CH-0895,LG-CH-0895,4,2,1,1,2,2,0
LGL-DH-0896,LG-DH-0896,8,4,2,2,2,6,0
LGL-DL-0897,LG-DL-0897,19,11,5,3,9,10,1
LGL-JK-0898,LG-JK-0898,8,4,2,2,0,8,0
LGL-LA-0899,LG-LA-0899,6,3,1,2,2,4,0
LGL-LD-0900,LG-LD-0900,10,6,3,1,2,8,0
LGL-PY-0901,LG-PY-0901,12,7,3,2,2,10,0
LGL-AP-0902,LG-AP-0902,8,4,2,2,1,7,0
LGL-AR-0903,LG-AR-0903,9,5,2,2,3,6,0
LGL-AS-0904,LG-AS-0904,8,4,2,2,2,6,0
LGL-BR-0905,LG-BR-0905,9,5,2,2,3,6,1
LGL-CG-0906,LG-CG-0906,12,7,3,2,5,7,1
LGL-GA-0907,LG-GA-0907,13,7,3,3,9,4,3
LGL-GJ-0908,LG-GJ-0908,9,5,2,2,3,6,0
LGL-HR-0909,LG-HR-0909,29,17,8,4,25,4,7
LGL-HP-0910,LG-HP-0910,3,1,0,2,2,1,1
LGL-JH-0911,LG-JH-0911,8,4,2,2,2,6,1
LGL-KA-0912,LG-KA-0912,24,14,7,3,15,9,3
LGL-KL-0913,LG-KL-0913,12,7,3,2,2,10,0
LGL-MP-0914,LG-MP-0914,42,25,12,5,34,8,4
LGL-MH-0915,LG-MH-0915,20,12,6,2,13,7,5
LGL-MN-0916,LG-MN-0916,9,5,2,2,7,2,0
LGL-ML-0917,LG-ML-0917,10,6,3,1,7,3,1
LGL-MZ-0918,LG-MZ-0918,10,6,3,1,1,9,0
LGL-NL-0919,LG-NL-0919,8,4,2,2,2,6,1
LGL-OD-0920,LG-OD-0920,22,13,6,3,15,7,2
LGL-PB-0921,LG-PB-0921,12,7,3,2,2,10,1
LGL-RJ-0922,LG-RJ-0922,12,7,3,2,4,8,0
LGL-SK-0923,LG-SK-0923,18,10,5,3,14,4,2
LGL-TN-0924,LG-TN-0924,21,12,6,3,12,9,2
LGL-TS-0925,LG-TS-0925,20,12,6,2,16,4,3
LGL-TR-0926,LG-TR-0926,19,11,5,3,13,6,3
LGL-UP-0927,LG-UP-0927,7,4,2,1,6,1,1
LGL-UK-0928,LG-UK-0928,10,6,3,1,7,3,1
LGL-WB-0929,LG-WB-0929,10,6,3,1,0,10,0
LGL-AN-0930,LG-AN-0930,6,3,1,2,5,1,0
LGL-CH-0931,LG-CH-0931,8,4,2,2,2,6,1
LGL-DH-0932,LG-DH-0932,17,10,5,2,7,10,1
LGL-DL-0933,LG-DL-0933,3,1,0,2,0,3,0
LGL-JK-0934,LG-JK-0934,12,7,3,2,3,9,1
LGL-LA-0935,LG-LA-0935,8,4,2,2,7,1,3
LGL-LD-0936,LG-LD-0936,18,10,5,3,15,3,2
LGL-PY-0937,LG-PY-0937,15,9,4,2,8,7,1
LGL-AP-0938,LG-AP-0938,9,5,2,2,2,7,0
LGL-AR-0939,LG-AR-0939,6,3,1,2,1,5,0
LGL-AS-0940,LG-AS-0940,9,5,2,2,8,1,3
LGL-BR-0941,LG-BR-0941,18,10,5,3,14,4,2
LGL-CG-0942,LG-CG-0942,3,1,0,2,2,1,0
LGL-GA-0943,LG-GA-0943,5,3,1,1,0,5,0
LGL-GJ-0944,LG-GJ-0944,8,4,2,2,4,4,1
LGL-HR-0945,LG-HR-0945,37,22,11,4,34,3,2
LGL-HP-0946,LG-HP-0946,3,1,0,2,0,3,0
LGL-JH-0947,LG-JH-0947,12,7,3,2,2,10,0
LGL-KA-0948,LG-KA-0948,20,12,6,2,12,8,2
LGL-KL-0949,LG-KL-0949,39,23,11,5,30,9,8
LGL-MP-0950,LG-MP-0950,43,25,12,6,33,10,3
LGL-MH-0951,LG-MH-0951,7,4,2,1,3,4,0
LGL-MN-0952,LG-MN-0952,4,2,1,1,2,2,0
LGL-ML-0953,LG-ML-0953,12,7,3,2,7,5,0
LGL-MZ-0954,LG-MZ-0954,15,9,4,2,5,10,0
LGL-NL-0955,LG-NL-0955,19,11,5,3,9,10,3
LGL-OD-0956,LG-OD-0956,12,7,3,2,10,2,3
LGL-PB-0957,LG-PB-0957,9,5,2,2,2,7,0
LGL-RJ-0958,LG-RJ-0958,20,12,6,2,10,10,1
LGL-SK-0959,LG-SK-0959,5,3,1,1,0,5,0
LGL-TN-0960,LG-TN-0960,7,4,2,1,2,5,0
LGL-TS-0961,LG-TS-0961,2,1,0,1,1,1,0
LGL-TR-0962,LG-TR-0962,8,4,2,2,2,6,0
LGL-UP-0963,LG-UP-0963,11,6,3,2,3,8,1
LGL-UK-0964,LG-UK-0964,33,19,9,5,24,9,6
LGL-WB-0965,LG-WB-0965,3,1,0,2,0,3,0
LGL-AN-0966,LG-AN-0966,4,2,1,1,2,2,0
LGL-CH-0967,LG-CH-0967,14,8,4,2,5,9,1
LGL-DH-0968,LG-DH-0968,9,5,2,2,6,3,0
LGL-DL-0969,LG-DL-0969,33,19,9,5,29,4,6
LGL-JK-0970,LG-JK-0970,7,4,2,1,6,1,1
LGL-LA-0971,LG-LA-0971,16,9,4,3,6,10,0
LGL-LD-0972,LG-LD-0972,16,9,4,3,10,6,3
LGL-PY-0973,LG-PY-0973,16,9,4,3,11,5,2
LGL-AP-0974,LG-AP-0974,3,1,0,2,0,3,0
LGL-AR-0975,LG-AR-0975,13,7,3,3,8,5,2
LGL-AS-0976,LG-AS-0976,13,7,3,3,7,6,0
LGL-BR-0977,LG-BR-0977,9,5,2,2,0,9,0
LGL-CG-0978,LG-CG-0978,10,6,3,1,7,3,3
LGL-GA-0979,LG-GA-0979,9,5,2,2,1,8,0
LGL-GJ-0980,LG-GJ-0980,9,5,2,2,5,4,0
LGL-HR-0981,LG-HR-0981,7,4,2,1,3,4,0
LGL-HP-0982,LG-HP-0982,4,2,1,1,1,3,0
LGL-JH-0983,LG-JH-0983,11,6,3,2,6,5,1
LGL-KA-0984,LG-KA-0984,22,13,6,3,12,10,3
LGL-KL-0985,LG-KL-0985,8,4,2,2,2,6,0
LGL-MP-0986,LG-MP-0986,10,6,3,1,3,7,0
LGL-MH-0987,LG-MH-0987,5,3,1,1,0,5,0
LGL-MN-0988,LG-MN-0988,32,19,9,4,27,5,7
LGL-ML-0989,LG-ML-0989,11,6,3,2,6,5,0
LGL-MZ-0990,LG-MZ-0990,5,3,1,1,1,4,0
LGL-NL-0991,LG-NL-0991,2,1,0,1,1,1,0
LGL-OD-0992,LG-OD-0992,23,13,6,4,14,9,6
LGL-PB-0993,LG-PB-0993,12,7,3,2,5,7,0
LGL-RJ-0994,LG-RJ-0994,10,6,3,1,3,7,0
LGL-SK-0995,LG-SK-0995,4,2,1,1,0,4,0
LGL-TN-0996,LG-TN-0996,11,6,3,2,6,5,0
LGL-TS-0997,LG-TS-0997,13,7,3,3,12,1,2
LGL-TR-0998,LG-TR-0998,25,15,7,3,15,10,1
LGL-UP-0999,LG-UP-0999,4,2,1,1,1,3,0
LGL-UK-1000,LG-UK-1000,11,6,3,2,2,9,0
LGL-WB-1001,LG-WB-1001,5,3,1,1,4,1,1
LGL-AN-1002,LG-AN-1002,4,2,1,1,0,4,0
LGL-CH-1003,LG-CH-1003,6,3,1,2,2,4,0
LGL-DH-1004,LG-DH-1004,12,7,3,2,5,7,0
LGL-DL-1005,LG-DL-1005,30,18,9,3,23,7,7
LGL-JK-1006,LG-JK-1006,3,1,0,2,1,2,0
LGL-LA-1007,LG-LA-1007,9,5,2,2,2,7,0
LGL-LD-1008,LG-LD-1008,17,10,5,2,7,10,0
LGL-PY-1009,LG-PY-1009,8,4,2,2,4,4,0
LGL-AP-1010,LG-AP-1010,10,6,3,1,2,8,0
LGL-AR-1011,LG-AR-1011,9,5,2,2,5,4,1
LGL-AS-1012,LG-AS-1012,17,10,5,2,12,5,1
LGL-BR-1013,LG-BR-1013,7,4,2,1,1,6,0
LGL-CG-1014,LG-CG-1014,18,10,5,3,11,7,3
LGL-GA-1015,LG-GA-1015,21,12,6,3,15,6,3
LGL-GJ-1016,LG-GJ-1016,18,10,5,3,10,8,1
LGL-HR-1017,LG-HR-1017,9,5,2,2,7,2,0
LGL-HP-1018,LG-HP-1018,5,3,1,1,0,5,0
LGL-JH-1019,LG-JH-1019,12,7,3,2,4,8,1
LGL-KA-1020,LG-KA-1020,5,3,1,1,2,3,0
LGL-KL-1021,LG-KL-1021,39,23,11,5,31,8,8
LGL-MP-1022,LG-MP-1022,31,18,9,4,28,3,6
LGL-MH-1023,LG-MH-1023,12,7,3,2,3,9,0
LGL-MN-1024,LG-MN-1024,14,8,4,2,8,6,3
LGL-ML-1025,LG-ML-1025,8,4,2,2,1,7,0
LGL-MZ-1026,LG-MZ-1026,14,8,4,2,4,10,0
LGL-NL-1027,LG-NL-1027,12,7,3,2,9,3,2
LGL-OD-1028,LG-OD-1028,12,7,3,2,3,9,0
LGL-PB-1029,LG-PB-1029,7,4,2,1,0,7,0
LGL-RJ-1030,LG-RJ-1030,17,10,5,2,7,10,1
LGL-SK-1031,LG-SK-1031,8,4,2,2,1,7,0
LGL-TN-1032,LG-TN-1032,7,4,2,1,2,5,0
LGL-TS-1033,LG-TS-1033,14,8,4,2,7,7,0
LGL-TR-1034,LG-TR-1034,12,7,3,2,2,10,0
LGL-UP-1035,LG-UP-1035,4,2,1,1,2,2,0
LGL-UK-1036,LG-UK-1036,5,3,1,1,2,3,0
LGL-WB-1037,LG-WB-1037,13,7,3,3,7,6,1
LGL-AN-1038,LG-AN-1038,19,11,5,3,15,4,3
LGL-CH-1039,LG-CH-1039,4,2,1,1,1,3,0
LGL-DH-1040,LG-DH-1040,10,6,3,1,8,2,1
LGL-DL-1041,LG-DL-1041,6,3,1,2,2,4,0
LGL-JK-1042,LG-JK-1042,2,1,0,1,1,1,0
LGL-LA-1043,LG-LA-1043,5,3,1,1,2,3,0
LGL-LD-1044,LG-LD-1044,15,9,4,2,12,3,2
LGL-PY-1045,LG-PY-1045,12,7,3,2,2,10,0
LGL-AP-1046,LG-AP-1046,19,11,5,3,15,4,1
LGL-AR-1047,LG-AR-1047,17,10,5,2,8,9,3
LGL-AS-1048,LG-AS-1048,5,3,1,1,3,2,1
LGL-BR-1049,LG-BR-1049,11,6,3,2,3,8,1
LGL-CG-1050,LG-CG-1050,11,6,3,2,2,9,0
LGL-GA-1051,LG-GA-1051,9,5,2,2,7,2,0
LGL-GJ-1052,LG-GJ-1052,16,9,4,3,12,4,1
LGL-HR-1053,LG-HR-1053,9,5,2,2,7,2,1
LGL-HP-1054,LG-HP-1054,9,5,2,2,3,6,1
LGL-JH-1055,LG-JH-1055,11,6,3,2,2,9,0
LGL-KA-1056,LG-KA-1056,5,3,1,1,2,3,0
LGL-KL-1057,LG-KL-1057,11,6,3,2,3,8,1
LGL-MP-1058,LG-MP-1058,34,20,10,4,26,8,5
LGL-MH-1059,LG-MH-1059,16,9,4,3,7,9,0
LGL-MN-1060,LG-MN-1060,43,25,12,6,33,10,7
LGL-ML-1061,LG-ML-1061,9,5,2,2,7,2,3
LGL-MZ-1062,LG-MZ-1062,18,10,5,3,8,10,3
LGL-NL-1063,LG-NL-1063,15,9,4,2,6,9,1
LGL-OD-1064,LG-OD-1064,19,11,5,3,11,8,3
LGL-PB-1065,LG-PB-1065,42,25,12,5,33,9,3
LGL-RJ-1066,LG-RJ-1066,11,6,3,2,2,9,0
LGL-SK-1067,LG-SK-1067,9,5,2,2,7,2,2
LGL-TN-1068,LG-TN-1068,24,14,7,3,18,6,3
LGL-TS-1069,LG-TS-1069,13,7,3,3,4,9,1
LGL-TR-1070,LG-TR-1070,7,4,2,1,5,2,1
LGL-UP-1071,LG-UP-1071,19,11,5,3,9,10,3
LGL-UK-1072,LG-UK-1072,6,3,1,2,1,5,0
LGL-WB-1073,LG-WB-1073,31,18,9,4,24,7,2
LGL-AN-1074,LG-AN-1074,13,7,3,3,4,9,0
LGL-CH-1075,LG-CH-1075,8,4,2,2,3,5,0
LGL-DH-1076,LG-DH-1076,4,2,1,1,3,1,0
LGL-DL-1077,LG-DL-1077,17,10,5,2,14,3,2
LGL-JK-1078,LG-JK-1078,9,5,2,2,2,7,0
LGL-LA-1079,LG-LA-1079,3,1,0,2,0,3,0
LGL-LD-1080,LG-LD-1080,8,4,2,2,2,6,1
LGL-PY-1081,LG-PY-1081,10,6,3,1,7,3,2
LGL-AP-1082,LG-AP-1082,11,6,3,2,7,4,0
LGL-AR-1083,LG-AR-1083,19,11,5,3,12,7,4
LGL-AS-1084,LG-AS-1084,10,6,3,1,6,4,1
LGL-BR-1085,LG-BR-1085,17,10,5,2,7,10,1
LGL-CG-1086,LG-CG-1086,12,7,3,2,6,6,0
LGL-GA-1087,LG-GA-1087,32,19,9,4,27,5,2
LGL-GJ-1088,LG-GJ-1088,3,1,0,2,1,2,0
LGL-HR-1089,LG-HR-1089,13,7,3,3,7,6,1
LGL-HP-1090,LG-HP-1090,11,6,3,2,6,5,1
LGL-JH-1091,LG-JH-1091,8,4,2,2,1,7,0
LGL-KA-1092,LG-KA-1092,12,7,3,2,10,2,3
LGL-KL-1093,LG-KL-1093,32,19,9,4,23,9,7
LGL-MP-1094,LG-MP-1094,7,4,2,1,5,2,1
LGL-MH-1095,LG-MH-1095,14,8,4,2,6,8,3
LGL-MN-1096,LG-MN-1096,9,5,2,2,0,9,0
LGL-ML-1097,LG-ML-1097,10,6,3,1,2,8,0
LGL-MZ-1098,LG-MZ-1098,11,6,3,2,7,4,2
LGL-NL-1099,LG-NL-1099,22,13,6,3,13,9,1
LGL-OD-1100,LG-OD-1100,5,3,1,1,1,4,0
LGL-PB-1101,LG-PB-1101,10,6,3,1,0,10,0
LGL-RJ-1102,LG-RJ-1102,8,4,2,2,2,6,0
LGL-SK-1103,LG-SK-1103,23,13,6,4,14,9,1
LGL-TN-1104,LG-TN-1104,8,4,2,2,4,4,0
LGL-TS-1105,LG-TS-1105,15,9,4,2,12,3,3
LGL-TR-1106,LG-TR-1106,11,6,3,2,5,6,1
LGL-UP-1107,LG-UP-1107,30,18,9,3,20,10,8
LGL-UK-1108,LG-UK-1108,23,13,6,4,15,8,3
LGL-WB-1109,LG-WB-1109,16,9,4,3,10,6,3
LGL-AN-1110,LG-AN-1110,13,7,3,3,5,8,1
LGL-CH-1111,LG-CH-1111,15,9,4,2,5,10,0
LGL-DH-1112,LG-DH-1112,6,3,1,2,5,1,1
LGL-DL-1113,LG-DL-1113,10,6,3,1,2,8,1
LGL-JK-1114,LG-JK-1114,8,4,2,2,1,7,0
LGL-LA-1115,LG-LA-1115,5,3,1,1,2,3,1
LGL-LD-1116,LG-LD-1116,16,9,4,3,13,3,2
LGL-PY-1117,LG-PY-1117,6,3,1,2,2,4,0
LGL-AP-1118,LG-AP-1118,4,2,1,1,3,1,1
LGL-AR-1119,LG-AR-1119,10,6,3,1,0,10,0
LGL-AS-1120,LG-AS-1120,10,6,3,1,2,8,1
LGL-BR-1121,LG-BR-1121,5,3,1,1,1,4,0
LGL-CG-1122,LG-CG-1122,13,7,3,3,8,5,3
LGL-GA-1123,LG-GA-1123,6,3,1,2,5,1,1
LGL-GJ-1124,LG-GJ-1124,2,1,0,1,0,2,0
LGL-HR-1125,LG-HR-1125,8,4,2,2,5,3,1
LGL-HP-1126,LG-HP-1126,8,4,2,2,7,1,1
LGL-JH-1127,LG-JH-1127,15,9,4,2,6,9,1
LGL-KA-1128,LG-KA-1128,2,1,0,1,1,1,0
LGL-KL-1129,LG-KL-1129,6,3,1,2,1,5,0
LGL-MP-1130,LG-MP-1130,6,3,1,2,0,6,0
LGL-MH-1131,LG-MH-1131,12,7,3,2,5,7,0
LGL-MN-1132,LG-MN-1132,10,6,3,1,6,4,1
LGL-ML-1133,LG-ML-1133,15,9,4,2,6,9,0
LGL-MZ-1134,LG-MZ-1134,12,7,3,2,3,9,1
LGL-NL-1135,LG-NL-1135,7,4,2,1,2,5,0
LGL-OD-1136,LG-OD-1136,10,6,3,1,5,5,0
LGL-PB-1137,LG-PB-1137,13,7,3,3,5,8,1
LGL-RJ-1138,LG-RJ-1138,11,6,3,2,4,7,1
LGL-SK-1139,LG-SK-1139,8,4,2,2,0,8,0
LGL-TN-1140,LG-TN-1140,3,1,0,2,0,3,0
LGL-TS-1141,LG-TS-1141,9,5,2,2,0,9,0
LGL-TR-1142,LG-TR-1142,4,2,1,1,3,1,1
LGL-UP-1143,LG-UP-1143,6,3,1,2,2,4,0
LGL-UK-1144,LG-UK-1144,22,13,6,3,21,1,7
LGL-WB-1145,LG-WB-1145,31,18,9,4,22,9,7
LGL-AN-1146,LG-AN-1146,9,5,2,2,1,8,0
LGL-CH-1147,LG-CH-1147,12,7,3,2,7,5,0
LGL-DH-1148,LG-DH-1148,2,1,0,1,0,2,0
LGL-DL-1149,LG-DL-1149,16,9,4,3,15,1,2
LGL-JK-1150,LG-JK-1150,9,5,2,2,2,7,1
LGL-LA-1151,LG-LA-1151,5,3,1,1,2,3,0
LGL-LD-1152,LG-LD-1152,20,12,6,2,12,8,2
LGL-PY-1153,LG-PY-1153,10,6,3,1,6,4,0
LGL-AP-1154,LG-AP-1154,16,9,4,3,6,10,0
LGL-AR-1155,LG-AR-1155,17,10,5,2,7,10,0
LGL-AS-1156,LG-AS-1156,11,6,3,2,6,5,1
LGL-BR-1157,LG-BR-1157,19,11,5,3,14,5,2
LGL-CG-1158,LG-CG-1158,11,6,3,2,2,9,0
LGL-GA-1159,LG-GA-1159,6,3,1,2,2,4,0
LGL-GJ-1160,LG-GJ-1160,21,12,6,3,15,6,1
LGL-HR-1161,LG-HR-1161,11,6,3,2,5,6,1
LGL-HP-1162,LG-HP-1162,8,4,2,2,1,7,0
LGL-JH-1163,LG-JH-1163,18,10,5,3,15,3,1
LGL-KA-1164,LG-KA-1164,3,1,0,2,2,1,0
LGL-KL-1165,LG-KL-1165,19,11,5,3,14,5,3
LGL-MP-1166,LG-MP-1166,13,7,3,3,12,1,1
LGL-MH-1167,LG-MH-1167,4,2,1,1,0,4,0
LGL-MN-1168,LG-MN-1168,17,10,5,2,12,5,1
LGL-ML-1169,LG-ML-1169,7,4,2,1,2,5,0
LGL-MZ-1170,LG-MZ-1170,10,6,3,1,7,3,0
LGL-NL-1171,LG-NL-1171,39,23,11,5,33,6,3
LGL-OD-1172,LG-OD-1172,11,6,3,2,2,9,0
LGL-PB-1173,LG-PB-1173,13,7,3,3,11,2,3
LGL-RJ-1174,LG-RJ-1174,14,8,4,2,12,2,1
LGL-SK-1175,LG-SK-1175,17,10,5,2,15,2,3
LGL-TN-1176,LG-TN-1176,11,6,3,2,2,9,0
LGL-TS-1177,LG-TS-1177,7,4,2,1,6,1,1
LGL-TR-1178,LG-TR-1178,20,12,6,2,10,10,1
LGL-UP-1179,LG-UP-1179,21,12,6,3,13,8,5
LGL-UK-1180,LG-UK-1180,10,6,3,1,1,9,0
LGL-WB-1181,LG-WB-1181,4,2,1,1,2,2,0
LGL-AN-1182,LG-AN-1182,8,4,2,2,0,8,0
LGL-CH-1183,LG-CH-1183,10,6,3,1,3,7,0
LGL-DH-1184,LG-DH-1184,17,10,5,2,7,10,1
LGL-DL-1185,LG-DL-1185,18,10,5,3,8,10,1
LGL-JK-1186,LG-JK-1186,7,4,2,1,5,2,0
LGL-LA-1187,LG-LA-1187,11,6,3,2,1,10,0
LGL-LD-1188,LG-LD-1188,32,19,9,4,29,3,2
LGL-PY-1189,LG-PY-1189,2,1,0,1,1,1,0
LGL-AP-1190,LG-AP-1190,7,4,2,1,6,1,0
LGL-AR-1191,LG-AR-1191,19,11,5,3,10,9,2
LGL-AS-1192,LG-AS-1192,4,2,1,1,2,2,0
LGL-BR-1193,LG-BR-1193,17,10,5,2,12,5,3
LGL-CG-1194,LG-CG-1194,12,7,3,2,11,1,3
LGL-GA-1195,LG-GA-1195,9,5,2,2,2,7,0
LGL-GJ-1196,LG-GJ-1196,10,6,3,1,0,10,0
LGL-HR-1197,LG-HR-1197,6,3,1,2,2,4,0
LGL-HP-1198,LG-HP-1198,7,4,2,1,5,2,0
LGL-JH-1199,LG-JH-1199,16,9,4,3,9,7,3
LGL-KA-1200,LG-KA-1200,19,11,5,3,14,5,1
LGL-KL-1201,LG-KL-1201,4,2,1,1,1,3,0
LGL-MP-1202,LG-MP-1202,32,19,9,4,31,1,3
LGL-MH-1203,LG-MH-1203,15,9,4,2,13,2,3
LGL-MN-1204,LG-MN-1204,10,6,3,1,2,8,1
LGL-ML-1205,LG-ML-1205,3,1,0,2,0,3,0
LGL-MZ-1206,LG-MZ-1206,11,6,3,2,2,9,0
LGL-NL-1207,LG-NL-1207,13,7,3,3,10,3,2
LGL-OD-1208,LG-OD-1208,23,13,6,4,14,9,2
LGL-PB-1209,LG-PB-1209,7,4,2,1,1,6,0
LGL-RJ-1210,LG-RJ-1210,11,6,3,2,3,8,1
LGL-SK-1211,LG-SK-1211,33,19,9,5,26,7,7
LGL-TN-1212,LG-TN-1212,15,9,4,2,7,8,0
LGL-TS-1213,LG-TS-1213,6,3,1,2,2,4,0
LGL-TR-1214,LG-TR-1214,7,4,2,1,6,1,1
LGL-UP-1215,LG-UP-1215,33,19,9,5,27,6,4
LGL-UK-1216,LG-UK-1216,9,5,2,2,7,2,1
LGL-WB-1217,LG-WB-1217,11,6,3,2,5,6,0
LGL-AN-1218,LG-AN-1218,5,3,1,1,2,3,0
LGL-CH-1219,LG-CH-1219,12,7,3,2,6,6,0
LGL-DH-1220,LG-DH-1220,25,15,7,3,15,10,1
LGL-DL-1221,LG-DL-1221,19,11,5,3,15,4,1
LGL-JK-1222,LG-JK-1222,8,4,2,2,2,6,0
LGL-LA-1223,LG-LA-1223,9,5,2,2,1,8,0
LGL-LD-1224,LG-LD-1224,16,9,4,3,6,10,2
LGL-PY-1225,LG-PY-1225,10,6,3,1,9,1,1
LGL-AP-1226,LG-AP-1226,12,7,3,2,2,10,0
LGL-AR-1227,LG-AR-1227,5,3,1,1,1,4,0
LGL-AS-1228,LG-AS-1228,9,5,2,2,1,8,0
LGL-BR-1229,LG-BR-1229,6,3,1,2,0,6,0
LGL-CG-1230,LG-CG-1230,14,8,4,2,8,6,2
LGL-GA-1231,LG-GA-1231,5,3,1,1,1,4,0
LGL-GJ-1232,LG-GJ-1232,36,21,10,5,32,4,8
LGL-HR-1233,LG-HR-1233,1,0,0,1,0,1,0
LGL-HP-1234,LG-HP-1234,14,8,4,2,7,7,0
LGL-JH-1235,LG-JH-1235,17,10,5,2,7,10,0
LGL-KA-1236,LG-KA-1236,34,20,10,4,26,8,2
LGL-KL-1237,LG-KL-1237,14,8,4,2,6,8,0
LGL-MP-1238,LG-MP-1238,12,7,3,2,2,10,1
LGL-MH-1239,LG-MH-1239,10,6,3,1,1,9,0
LGL-MN-1240,LG-MN-1240,13,7,3,3,3,10,0
LGL-ML-1241,LG-ML-1241,32,19,9,4,24,8,8
LGL-MZ-1242,LG-MZ-1242,18,10,5,3,9,9,1
LGL-NL-1243,LG-NL-1243,21,12,6,3,11,10,2
LGL-OD-1244,LG-OD-1244,7,4,2,1,2,5,0
LGL-PB-1245,LG-PB-1245,11,6,3,2,7,4,0
LGL-RJ-1246,LG-RJ-1246,7,4,2,1,3,4,1
LGL-SK-1247,LG-SK-1247,7,4,2,1,3,4,1
LGL-TN-1248,LG-TN-1248,9,5,2,2,2,7,0
LGL-TS-1249,LG-TS-1249,13,7,3,3,3,10,1
LGL-TR-1250,LG-TR-1250,24,14,7,3,18,6,7
