outcome_id,project_id,delay_flag,delay_days
OUT-TN-0042,LG-TN-0042,1,320
OUT-AP-0002,LG-AP-0002,0,13
OUT-AR-0003,LG-AR-0003,0,11
OUT-AS-0004,LG-AS-0004,0,14
OUT-BR-0005,LG-BR-0005,1,229
OUT-CG-0006,LG-CG-0006,1,578
OUT-GA-0007,LG-GA-0007,1,198
OUT-GJ-0008,LG-GJ-0008,1,474
OUT-HR-0009,LG-HR-0009,1,123
OUT-HP-0010,LG-HP-0010,0,20
OUT-JH-0011,LG-JH-0011,1,27
OUT-KA-0012,LG-KA-0012,1,78
OUT-KL-0013,LG-KL-0013,0,8
OUT-MP-0014,LG-MP-0014,0,0
OUT-MH-0015,LG-MH-0015,1,262
OUT-MN-0016,LG-MN-0016,0,12
OUT-ML-0017,LG-ML-0017,0,6
OUT-MZ-0018,LG-MZ-0018,1,202
OUT-NL-0019,LG-NL-0019,1,100
OUT-OD-0020,LG-OD-0020,1,563
OUT-PB-0021,LG-PB-0021,0,6
OUT-RJ-0022,LG-RJ-0022,1,223
OUT-SK-0023,LG-SK-0023,1,48
OUT-TN-0024,LG-TN-0024,1,111
OUT-TS-0025,LG-TS-0025,1,253
OUT-TR-0026,LG-TR-0026,0,16
OUT-UP-0027,LG-UP-0027,0,6
OUT-UK-0028,LG-UK-0028,1,146
OUT-WB-0029,LG-WB-0029,0,7
OUT-AN-0030,LG-AN-0030,0,9
OUT-CH-0031,LG-CH-0031,0,9
OUT-DH-0032,LG-DH-0032,1,245
OUT-DL-0033,LG-DL-0033,1,99
OUT-JK-0034,LG-JK-0034,0,15
OUT-LA-0035,LG-LA-0035,1,158
OUT-LD-0036,LG-LD-0036,1,301
OUT-PY-0037,LG-PY-0037,1,137
OUT-AP-0038,LG-AP-0038,1,94
OUT-AR-0039,LG-AR-0039,0,11
OUT-AS-0040,LG-AS-0040,1,24
OUT-BR-0041,LG-BR-0041,1,143
OUT-CG-0042,LG-CG-0042,1,405
OUT-GA-0043,LG-GA-0043,1,135
OUT-GJ-0044,LG-GJ-0044,0,8
OUT-HR-0045,LG-HR-0045,1,131
OUT-HP-0046,LG-HP-0046,0,3
OUT-JH-0047,LG-JH-0047,1,550
OUT-KA-0048,LG-KA-0048,1,126
OUT-KL-0049,LG-KL-0049,0,2
OUT-MP-0050,LG-MP-0050,1,174
OUT-MH-0051,LG-MH-0051,0,9
OUT-MN-0052,LG-MN-0052,1,209
OUT-ML-0053,LG-ML-0053,1,240
OUT-MZ-0054,LG-MZ-0054,1,84
OUT-NL-0055,LG-NL-0055,1,56
OUT-OD-0056,LG-OD-0056,1,199
OUT-PB-0057,LG-PB-0057,0,7
OUT-RJ-0058,LG-RJ-0058,0,16
OUT-SK-0059,LG-SK-0059,0,10
OUT-TN-0060,LG-TN-0060,1,282
OUT-TS-0061,LG-TS-0061,1,120
OUT-TR-0062,LG-TR-0062,0,15
OUT-UP-0063,LG-UP-0063,1,61
OUT-UK-0064,LG-UK-0064,1,323
OUT-WB-0065,LG-WB-0065,1,119
OUT-AN-0066,LG-AN-0066,0,3
OUT-CH-0067,LG-CH-0067,1,153
OUT-DH-0068,LG-DH-0068,1,337
OUT-DL-0069,LG-DL-0069,1,81
OUT-JK-0070,LG-JK-0070,1,44
OUT-LA-0071,LG-LA-0071,0,12
OUT-LD-0072,LG-LD-0072,1,252
OUT-PY-0073,LG-PY-0073,1,53
OUT-AP-0074,LG-AP-0074,0,16
OUT-AR-0075,LG-AR-0075,1,60
OUT-AS-0076,LG-AS-0076,1,320
OUT-BR-0077,LG-BR-0077,1,580
OUT-CG-0078,LG-CG-0078,0,15
OUT-GA-0079,LG-GA-0079,1,61
OUT-GJ-0080,LG-GJ-0080,0,7
OUT-HR-0081,LG-HR-0081,0,10
OUT-HP-0082,LG-HP-0082,1,137
OUT-JH-0083,LG-JH-0083,1,120
OUT-KA-0084,LG-KA-0084,1,182
OUT-KL-0085,LG-KL-0085,0,5
OUT-MP-0086,LG-MP-0086,1,46
OUT-MH-0087,LG-MH-0087,0,19
OUT-MN-0088,LG-MN-0088,1,401
OUT-ML-0089,LG-ML-0089,1,254
OUT-MZ-0090,LG-MZ-0090,1,124
OUT-NL-0091,LG-NL-0091,1,444
OUT-OD-0092,LG-OD-0092,0,10
OUT-PB-0093,LG-PB-0093,1,203
OUT-RJ-0094,LG-RJ-0094,1,117
OUT-SK-0095,LG-SK-0095,0,5
OUT-TN-0096,LG-TN-0096,1,62
OUT-TS-0097,LG-TS-0097,0,14
OUT-TR-0098,LG-TR-0098,0,13
OUT-UP-0099,LG-UP-0099,0,14
OUT-UK-0100,LG-UK-0100,0,10
OUT-WB-0101,LG-WB-0101,0,11
OUT-AN-0102,LG-AN-0102,1,250
OUT-CH-0103,LG-CH-0103,1,477
OUT-DH-0104,LG-DH-0104,1,196
OUT-DL-0105,LG-DL-0105,1,110
OUT-JK-0106,LG-JK-0106,1,85
OUT-LA-0107,LG-LA-0107,1,425
OUT-LD-0108,LG-LD-0108,0,12
OUT-PY-0109,LG-PY-0109,0,9
OUT-AP-0110,LG-AP-0110,1,141
OUT-AR-0111,LG-AR-0111,1,89
OUT-AS-0112,LG-AS-0112,1,70
OUT-BR-0113,LG-BR-0113,0,8
OUT-CG-0114,LG-CG-0114,0,0
OUT-GA-0115,LG-GA-0115,1,130
OUT-GJ-0116,LG-GJ-0116,1,205
OUT-HR-0117,LG-HR-0117,1,135
OUT-HP-0118,LG-HP-0118,0,14
OUT-JH-0119,LG-JH-0119,0,14
OUT-KA-0120,LG-KA-0120,1,486
OUT-KL-0121,LG-KL-0121,0,20
OUT-MP-0122,LG-MP-0122,1,256
OUT-MH-0123,LG-MH-0123,0,16
OUT-MN-0124,LG-MN-0124,1,473
OUT-ML-0125,LG-ML-0125,0,1
OUT-MZ-0126,LG-MZ-0126,0,12
OUT-NL-0127,LG-NL-0127,1,423
OUT-OD-0128,LG-OD-0128,0,1
OUT-PB-0129,LG-PB-0129,0,8
OUT-RJ-0130,LG-RJ-0130,0,7
OUT-SK-0131,LG-SK-0131,0,8
OUT-TN-0132,LG-TN-0132,0,9
OUT-TS-0133,LG-TS-0133,1,245
OUT-TR-0134,LG-TR-0134,1,164
OUT-UP-0135,LG-UP-0135,1,23
OUT-UK-0136,LG-UK-0136,0,8
OUT-WB-0137,LG-WB-0137,1,103
OUT-AN-0138,LG-AN-0138,1,84
OUT-CH-0139,LG-CH-0139,1,44
OUT-DH-0140,LG-DH-0140,0,15
OUT-DL-0141,LG-DL-0141,0,12
OUT-JK-0142,LG-JK-0142,0,0
OUT-LA-0143,LG-LA-0143,0,0
OUT-LD-0144,LG-LD-0144,1,419
OUT-PY-0145,LG-PY-0145,0,3
OUT-AP-0146,LG-AP-0146,1,280
OUT-AR-0147,LG-AR-0147,1,592
OUT-AS-0148,LG-AS-0148,0,16
OUT-BR-0149,LG-BR-0149,1,66
OUT-CG-0150,LG-CG-0150,1,98
OUT-GA-0151,LG-GA-0151,1,250
OUT-GJ-0152,LG-GJ-0152,0,6
OUT-HR-0153,LG-HR-0153,1,171
OUT-HP-0154,LG-HP-0154,1,133
OUT-JH-0155,LG-JH-0155,0,5
OUT-KA-0156,LG-KA-0156,0,11
OUT-KL-0157,LG-KL-0157,1,513
OUT-MP-0158,LG-MP-0158,0,4
OUT-MH-0159,LG-MH-0159,1,84
OUT-MN-0160,LG-MN-0160,1,313
OUT-ML-0161,LG-ML-0161,1,260
OUT-MZ-0162,LG-MZ-0162,0,7
OUT-NL-0163,LG-NL-0163,1,124
OUT-OD-0164,LG-OD-0164,0,14
OUT-PB-0165,LG-PB-0165,1,384
OUT-RJ-0166,LG-RJ-0166,1,158
OUT-SK-0167,LG-SK-0167,0,9
OUT-TN-0168,LG-TN-0168,1,253
OUT-TS-0169,LG-TS-0169,1,95
OUT-TR-0170,LG-TR-0170,1,129
OUT-UP-0171,LG-UP-0171,1,174
OUT-UK-0172,LG-UK-0172,0,1
OUT-WB-0173,LG-WB-0173,0,12
OUT-AN-0174,LG-AN-0174,0,8
OUT-CH-0175,LG-CH-0175,1,183
OUT-DH-0176,LG-DH-0176,1,140
OUT-DL-0177,LG-DL-0177,1,526
OUT-JK-0178,LG-JK-0178,1,129
OUT-LA-0179,LG-LA-0179,1,221
OUT-LD-0180,LG-LD-0180,0,9
OUT-PY-0181,LG-PY-0181,0,8
OUT-AP-0182,LG-AP-0182,0,3
OUT-AR-0183,LG-AR-0183,1,87
OUT-AS-0184,LG-AS-0184,0,13
OUT-BR-0185,LG-BR-0185,0,2
OUT-CG-0186,LG-CG-0186,0,13
OUT-GA-0187,LG-GA-0187,1,170
OUT-GJ-0188,LG-GJ-0188,1,254
OUT-HR-0189,LG-HR-0189,1,113
OUT-HP-0190,LG-HP-0190,0,8
OUT-JH-0191,LG-JH-0191,0,4
OUT-KA-0192,LG-KA-0192,0,13
OUT-KL-0193,LG-KL-0193,0,5
OUT-MP-0194,LG-MP-0194,1,235
OUT-MH-0195,LG-MH-0195,0,8
OUT-MN-0196,LG-MN-0196,1,574
OUT-ML-0197,LG-ML-0197,1,53
OUT-MZ-0198,LG-MZ-0198,0,9
OUT-NL-0199,LG-NL-0199,1,172
OUT-OD-0200,LG-OD-0200,0,9
OUT-PB-0201,LG-PB-0201,1,370
OUT-RJ-0202,LG-RJ-0202,1,479
OUT-SK-0203,LG-SK-0203,0,10
OUT-TN-0204,LG-TN-0204,0,15
OUT-TS-0205,LG-TS-0205,1,203
OUT-TR-0206,LG-TR-0206,0,12
OUT-UP-0207,LG-UP-0207,1,220
OUT-UK-0208,LG-UK-0208,0,5
OUT-WB-0209,LG-WB-0209,0,19
OUT-AN-0210,LG-AN-0210,0,9
OUT-CH-0211,LG-CH-0211,1,204
OUT-DH-0212,LG-DH-0212,1,246
OUT-DL-0213,LG-DL-0213,0,10
OUT-JK-0214,LG-JK-0214,0,1
OUT-LA-0215,LG-LA-0215,1,128
OUT-LD-0216,LG-LD-0216,0,9
OUT-PY-0217,LG-PY-0217,1,171
OUT-AP-0218,LG-AP-0218,0,1
OUT-AR-0219,LG-AR-0219,0,14
OUT-AS-0220,LG-AS-0220,0,12
OUT-BR-0221,LG-BR-0221,1,149
OUT-CG-0222,LG-CG-0222,1,350
OUT-GA-0223,LG-GA-0223,1,217
OUT-GJ-0224,LG-GJ-0224,0,13
OUT-HR-0225,LG-HR-0225,1,108
OUT-HP-0226,LG-HP-0226,1,194
OUT-JH-0227,LG-JH-0227,0,4
OUT-KA-0228,LG-KA-0228,1,149
OUT-KL-0229,LG-KL-0229,0,11
OUT-MP-0230,LG-MP-0230,0,14
OUT-MH-0231,LG-MH-0231,1,118
OUT-MN-0232,LG-MN-0232,0,1
OUT-ML-0233,LG-ML-0233,0,12
OUT-MZ-0234,LG-MZ-0234,0,11
OUT-NL-0235,LG-NL-0235,0,14
OUT-OD-0236,LG-OD-0236,1,63
OUT-PB-0237,LG-PB-0237,1,160
OUT-RJ-0238,LG-RJ-0238,0,15
OUT-SK-0239,LG-SK-0239,0,5
OUT-TN-0240,LG-TN-0240,0,10
OUT-TS-0241,LG-TS-0241,1,148
OUT-TR-0242,LG-TR-0242,1,121
OUT-UP-0243,LG-UP-0243,0,14
OUT-UK-0244,LG-UK-0244,0,2
OUT-WB-0245,LG-WB-0245,1,365
OUT-AN-0246,LG-AN-0246,1,193
OUT-CH-0247,LG-CH-0247,1,94
OUT-DH-0248,LG-DH-0248,1,164
OUT-DL-0249,LG-DL-0249,1,60
OUT-JK-0250,LG-JK-0250,0,6
OUT-LA-0251,LG-LA-0251,0,6
OUT-LD-0252,LG-LD-0252,1,534
OUT-PY-0253,LG-PY-0253,0,3
OUT-AP-0254,LG-AP-0254,0,13
OUT-AR-0255,LG-AR-0255,1,252
OUT-AS-0256,LG-AS-0256,0,4
OUT-BR-0257,LG-BR-0257,0,18
OUT-CG-0258,LG-CG-0258,0,0
OUT-GA-0259,LG-GA-0259,1,141
OUT-GJ-0260,LG-GJ-0260,1,311
OUT-HR-0261,LG-HR-0261,1,250
OUT-HP-0262,LG-HP-0262,1,45
OUT-JH-0263,LG-JH-0263,0,18
OUT-KA-0264,LG-KA-0264,0,12
OUT-KL-0265,LG-KL-0265,1,93
OUT-MP-0266,LG-MP-0266,0,2
OUT-MH-0267,LG-MH-0267,1,47
OUT-MN-0268,LG-MN-0268,1,223
OUT-ML-0269,LG-ML-0269,1,136
OUT-MZ-0270,LG-MZ-0270,1,228
OUT-NL-0271,LG-NL-0271,1,181
OUT-OD-0272,LG-OD-0272,0,10
OUT-PB-0273,LG-PB-0273,0,1
OUT-RJ-0274,LG-RJ-0274,1,192
OUT-SK-0275,LG-SK-0275,0,11
OUT-TN-0276,LG-TN-0276,1,227
OUT-TS-0277,LG-TS-0277,1,240
OUT-TR-0278,LG-TR-0278,1,315
OUT-UP-0279,LG-UP-0279,1,161
OUT-UK-0280,LG-UK-0280,0,0
OUT-WB-0281,LG-WB-0281,0,0
OUT-AN-0282,LG-AN-0282,1,333
OUT-CH-0283,LG-CH-0283,0,11
OUT-DH-0284,LG-DH-0284,0,16
OUT-DL-0285,LG-DL-0285,0,8
OUT-JK-0286,LG-JK-0286,1,221
OUT-LA-0287,LG-LA-0287,0,14
OUT-LD-0288,LG-LD-0288,1,179
OUT-PY-0289,LG-PY-0289,0,10
OUT-AP-0290,LG-AP-0290,1,197
OUT-AR-0291,LG-AR-0291,0,14
OUT-AS-0292,LG-AS-0292,1,182
OUT-BR-0293,LG-BR-0293,1,122
OUT-CG-0294,LG-CG-0294,1,410
OUT-GA-0295,LG-GA-0295,0,6
OUT-GJ-0296,LG-GJ-0296,0,0
OUT-HR-0297,LG-HR-0297,0,6
OUT-HP-0298,LG-HP-0298,1,35
OUT-JH-0299,LG-JH-0299,0,1
OUT-KA-0300,LG-KA-0300,1,191
OUT-KL-0301,LG-KL-0301,1,455
OUT-MP-0302,LG-MP-0302,1,196
OUT-MH-0303,LG-MH-0303,1,387
OUT-MN-0304,LG-MN-0304,1,584
OUT-ML-0305,LG-ML-0305,1,101
OUT-MZ-0306,LG-MZ-0306,1,257
OUT-NL-0307,LG-NL-0307,1,212
OUT-OD-0308,LG-OD-0308,0,8
OUT-PB-0309,LG-PB-0309,1,44
OUT-RJ-0310,LG-RJ-0310,1,253
OUT-SK-0311,LG-SK-0311,1,49
OUT-TN-0312,LG-TN-0312,0,8
OUT-TS-0313,LG-TS-0313,1,64
OUT-TR-0314,LG-TR-0314,0,7
OUT-UP-0315,LG-UP-0315,0,8
OUT-UK-0316,LG-UK-0316,0,2
OUT-WB-0317,LG-WB-0317,0,6
OUT-AN-0318,LG-AN-0318,1,47
OUT-CH-0319,LG-CH-0319,1,30
OUT-DH-0320,LG-DH-0320,0,9
OUT-DL-0321,LG-DL-0321,0,14
OUT-JK-0322,LG-JK-0322,1,220
OUT-LA-0323,LG-LA-0323,0,2
OUT-LD-0324,LG-LD-0324,1,190
OUT-PY-0325,LG-PY-0325,1,237
OUT-AP-0326,LG-AP-0326,1,334
OUT-AR-0327,LG-AR-0327,1,321
OUT-AS-0328,LG-AS-0328,0,3
OUT-BR-0329,LG-BR-0329,1,203
OUT-CG-0330,LG-CG-0330,0,9
OUT-GA-0331,LG-GA-0331,0,0
OUT-GJ-0332,LG-GJ-0332,1,516
OUT-HR-0333,LG-HR-0333,1,172
OUT-HP-0334,LG-HP-0334,0,13
OUT-JH-0335,LG-JH-0335,0,11
OUT-KA-0336,LG-KA-0336,1,183
OUT-KL-0337,LG-KL-0337,1,108
OUT-MP-0338,LG-MP-0338,1,193
OUT-MH-0339,LG-MH-0339,1,313
OUT-MN-0340,LG-MN-0340,1,124
OUT-ML-0341,LG-ML-0341,1,104
OUT-MZ-0342,LG-MZ-0342,1,315
OUT-NL-0343,LG-NL-0343,0,8
OUT-OD-0344,LG-OD-0344,0,2
OUT-PB-0345,LG-PB-0345,1,200
OUT-RJ-0346,LG-RJ-0346,0,1
OUT-SK-0347,LG-SK-0347,1,78
OUT-TN-0348,LG-TN-0348,1,513
OUT-TS-0349,LG-TS-0349,0,3
OUT-TR-0350,LG-TR-0350,0,16
OUT-UP-0351,LG-UP-0351,1,228
OUT-UK-0352,LG-UK-0352,0,19
OUT-WB-0353,LG-WB-0353,1,538
OUT-AN-0354,LG-AN-0354,0,12
OUT-CH-0355,LG-CH-0355,0,4
OUT-DH-0356,LG-DH-0356,1,296
OUT-DL-0357,LG-DL-0357,1,109
OUT-JK-0358,LG-JK-0358,1,81
OUT-LA-0359,LG-LA-0359,0,15
OUT-LD-0360,LG-LD-0360,0,6
OUT-PY-0361,LG-PY-0361,1,148
OUT-AP-0362,LG-AP-0362,0,8
OUT-AR-0363,LG-AR-0363,1,87
OUT-AS-0364,LG-AS-0364,0,3
OUT-BR-0365,LG-BR-0365,0,3
OUT-CG-0366,LG-CG-0366,1,335
OUT-GA-0367,LG-GA-0367,1,84
OUT-GJ-0368,LG-GJ-0368,0,11
OUT-HR-0369,LG-HR-0369,0,8
OUT-HP-0370,LG-HP-0370,0,9
OUT-JH-0371,LG-JH-0371,0,3
OUT-KA-0372,LG-KA-0372,0,0
OUT-KL-0373,LG-KL-0373,0,10
OUT-MP-0374,LG-MP-0374,1,229
OUT-MH-0375,LG-MH-0375,1,218
OUT-MN-0376,LG-MN-0376,1,182
OUT-ML-0377,LG-ML-0377,0,5
OUT-MZ-0378,LG-MZ-0378,0,9
OUT-NL-0379,LG-NL-0379,1,228
OUT-OD-0380,LG-OD-0380,0,1
OUT-PB-0381,LG-PB-0381,1,30
OUT-RJ-0382,LG-RJ-0382,1,144
OUT-SK-0383,LG-SK-0383,1,270
OUT-TN-0384,LG-TN-0384,0,7
OUT-TS-0385,LG-TS-0385,0,17
OUT-TR-0386,LG-TR-0386,1,140
OUT-UP-0387,LG-UP-0387,0,18
OUT-UK-0388,LG-UK-0388,1,47
OUT-WB-0389,LG-WB-0389,1,56
OUT-AN-0390,LG-AN-0390,0,14
OUT-CH-0391,LG-CH-0391,0,11
OUT-DH-0392,LG-DH-0392,1,508
OUT-DL-0393,LG-DL-0393,0,7
OUT-JK-0394,LG-JK-0394,1,246
OUT-LA-0395,LG-LA-0395,0,11
OUT-LD-0396,LG-LD-0396,1,115
OUT-PY-0397,LG-PY-0397,1,100
OUT-AP-0398,LG-AP-0398,0,0
OUT-AR-0399,LG-AR-0399,1,25
OUT-AS-0400,LG-AS-0400,0,2
OUT-BR-0401,LG-BR-0401,1,177
OUT-CG-0402,LG-CG-0402,1,234
OUT-GA-0403,LG-GA-0403,0,15
OUT-GJ-0404,LG-GJ-0404,1,238
OUT-HR-0405,LG-HR-0405,0,9
OUT-HP-0406,LG-HP-0406,0,7
OUT-JH-0407,LG-JH-0407,0,15
OUT-KA-0408,LG-KA-0408,1,235
OUT-KL-0409,LG-KL-0409,1,169
OUT-MP-0410,LG-MP-0410,0,11
OUT-MH-0411,LG-MH-0411,0,1
OUT-MN-0412,LG-MN-0412,0,6
OUT-ML-0413,LG-ML-0413,1,465
OUT-MZ-0414,LG-MZ-0414,1,135
OUT-NL-0415,LG-NL-0415,1,249
OUT-OD-0416,LG-OD-0416,1,214
OUT-PB-0417,LG-PB-0417,1,84
OUT-RJ-0418,LG-RJ-0418,1,249
OUT-SK-0419,LG-SK-0419,1,465
OUT-TN-0420,LG-TN-0420,0,18
OUT-TS-0421,LG-TS-0421,1,232
OUT-TR-0422,LG-TR-0422,1,99
OUT-UP-0423,LG-UP-0423,1,463
OUT-UK-0424,LG-UK-0424,1,532
OUT-WB-0425,LG-WB-0425,0,1
OUT-AN-0426,LG-AN-0426,1,233
OUT-CH-0427,LG-CH-0427,1,268
OUT-DH-0428,LG-DH-0428,1,128
OUT-DL-0429,LG-DL-0429,0,12
OUT-JK-0430,LG-JK-0430,1,233
OUT-LA-0431,LG-LA-0431,0,3
OUT-LD-0432,LG-LD-0432,0,11
OUT-PY-0433,LG-PY-0433,0,10
OUT-AP-0434,LG-AP-0434,1,44
OUT-AR-0435,LG-AR-0435,0,13
OUT-AS-0436,LG-AS-0436,0,13
OUT-BR-0437,LG-BR-0437,1,116
OUT-CG-0438,LG-CG-0438,1,61
OUT-GA-0439,LG-GA-0439,0,3
OUT-GJ-0440,LG-GJ-0440,1,246
OUT-HR-0441,LG-HR-0441,1,122
OUT-HP-0442,LG-HP-0442,1,81
OUT-JH-0443,LG-JH-0443,1,315
OUT-KA-0444,LG-KA-0444,0,18
OUT-KL-0445,LG-KL-0445,1,178
OUT-MP-0446,LG-MP-0446,0,12
OUT-MH-0447,LG-MH-0447,0,14
OUT-MN-0448,LG-MN-0448,1,439
OUT-ML-0449,LG-ML-0449,0,10
OUT-MZ-0450,LG-MZ-0450,1,474
OUT-NL-0451,LG-NL-0451,1,80
OUT-OD-0452,LG-OD-0452,0,7
OUT-PB-0453,LG-PB-0453,0,12
OUT-RJ-0454,LG-RJ-0454,1,110
OUT-SK-0455,LG-SK-0455,0,19
OUT-TN-0456,LG-TN-0456,1,390
OUT-TS-0457,LG-TS-0457,0,8
OUT-TR-0458,LG-TR-0458,0,6
OUT-UP-0459,LG-UP-0459,1,127
OUT-UK-0460,LG-UK-0460,1,129
OUT-WB-0461,LG-WB-0461,0,14
OUT-AN-0462,LG-AN-0462,1,80
OUT-CH-0463,LG-CH-0463,0,2
OUT-DH-0464,LG-DH-0464,1,240
OUT-DL-0465,LG-DL-0465,0,7
OUT-JK-0466,LG-JK-0466,0,11
OUT-LA-0467,LG-LA-0467,0,5
OUT-LD-0468,LG-LD-0468,0,10
OUT-PY-0469,LG-PY-0469,0,7
OUT-AP-0470,LG-AP-0470,1,58
OUT-AR-0471,LG-AR-0471,0,10
OUT-AS-0472,LG-AS-0472,1,24
OUT-BR-0473,LG-BR-0473,0,7
OUT-CG-0474,LG-CG-0474,1,48
OUT-GA-0475,LG-GA-0475,1,22
OUT-GJ-0476,LG-GJ-0476,1,600
OUT-HR-0477,LG-HR-0477,1,232
OUT-HP-0478,LG-HP-0478,1,237
OUT-JH-0479,LG-JH-0479,0,9
OUT-KA-0480,LG-KA-0480,0,11
OUT-KL-0481,LG-KL-0481,0,14
OUT-MP-0482,LG-MP-0482,0,1
OUT-MH-0483,LG-MH-0483,0,17
OUT-MN-0484,LG-MN-0484,1,55
OUT-ML-0485,LG-ML-0485,1,33
OUT-MZ-0486,LG-MZ-0486,1,205
OUT-NL-0487,LG-NL-0487,1,203
OUT-OD-0488,LG-OD-0488,0,14
OUT-PB-0489,LG-PB-0489,1,118
OUT-RJ-0490,LG-RJ-0490,1,257
OUT-SK-0491,LG-SK-0491,1,583
OUT-TN-0492,LG-TN-0492,0,6
OUT-TS-0493,LG-TS-0493,1,23
OUT-TR-0494,LG-TR-0494,0,2
OUT-UP-0495,LG-UP-0495,1,390
OUT-UK-0496,LG-UK-0496,1,34
OUT-WB-0497,LG-WB-0497,0,7
OUT-AN-0498,LG-AN-0498,0,4
OUT-CH-0499,LG-CH-0499,1,132
OUT-DH-0500,LG-DH-0500,1,43
OUT-DL-0501,LG-DL-0501,0,2
OUT-JK-0502,LG-JK-0502,0,17
OUT-LA-0503,LG-LA-0503,0,13
OUT-LD-0504,LG-LD-0504,1,253
OUT-PY-0505,LG-PY-0505,1,48
OUT-AP-0506,LG-AP-0506,1,48
OUT-AR-0507,LG-AR-0507,0,12
OUT-AS-0508,LG-AS-0508,0,11
OUT-BR-0509,LG-BR-0509,1,201
OUT-CG-0510,LG-CG-0510,1,453
OUT-GA-0511,LG-GA-0511,0,15
OUT-GJ-0512,LG-GJ-0512,1,383
OUT-HR-0513,LG-HR-0513,1,111
OUT-HP-0514,LG-HP-0514,1,127
OUT-JH-0515,LG-JH-0515,1,113
OUT-KA-0516,LG-KA-0516,1,31
OUT-KL-0517,LG-KL-0517,0,11
OUT-MP-0518,LG-MP-0518,0,3
OUT-MH-0519,LG-MH-0519,0,12
OUT-MN-0520,LG-MN-0520,1,75
OUT-ML-0521,LG-ML-0521,1,218
OUT-MZ-0522,LG-MZ-0522,0,10
OUT-NL-0523,LG-NL-0523,0,20
OUT-OD-0524,LG-OD-0524,0,17
OUT-PB-0525,LG-PB-0525,1,159
OUT-RJ-0526,LG-RJ-0526,1,148
OUT-SK-0527,LG-SK-0527,0,15
OUT-TN-0528,LG-TN-0528,1,230
OUT-TS-0529,LG-TS-0529,1,182
OUT-TR-0530,LG-TR-0530,1,86
OUT-UP-0531,LG-UP-0531,0,1
OUT-UK-0532,LG-UK-0532,0,5
OUT-WB-0533,LG-WB-0533,1,105
OUT-AN-0534,LG-AN-0534,1,213
OUT-CH-0535,LG-CH-0535,1,69
OUT-DH-0536,LG-DH-0536,0,0
OUT-DL-0537,LG-DL-0537,0,3
OUT-JK-0538,LG-JK-0538,1,167
OUT-LA-0539,LG-LA-0539,1,184
OUT-LD-0540,LG-LD-0540,1,67
OUT-PY-0541,LG-PY-0541,1,158
OUT-AP-0542,LG-AP-0542,0,1
OUT-AR-0543,LG-AR-0543,1,214
OUT-AS-0544,LG-AS-0544,1,183
OUT-BR-0545,LG-BR-0545,0,10
OUT-CG-0546,LG-CG-0546,1,195
OUT-GA-0547,LG-GA-0547,1,214
OUT-GJ-0548,LG-GJ-0548,0,11
OUT-HR-0549,LG-HR-0549,1,242
OUT-HP-0550,LG-HP-0550,0,11
OUT-JH-0551,LG-JH-0551,0,5
OUT-KA-0552,LG-KA-0552,0,15
OUT-KL-0553,LG-KL-0553,1,580
OUT-MP-0554,LG-MP-0554,1,546
OUT-MH-0555,LG-MH-0555,0,9
OUT-MN-0556,LG-MN-0556,0,11
OUT-ML-0557,LG-ML-0557,1,116
OUT-MZ-0558,LG-MZ-0558,1,178
OUT-NL-0559,LG-NL-0559,0,2
OUT-OD-0560,LG-OD-0560,0,10
OUT-PB-0561,LG-PB-0561,1,217
OUT-RJ-0562,LG-RJ-0562,1,28
OUT-SK-0563,LG-SK-0563,1,25
OUT-TN-0564,LG-TN-0564,1,91
OUT-TS-0565,LG-TS-0565,1,368
OUT-TR-0566,LG-TR-0566,1,533
OUT-UP-0567,LG-UP-0567,1,70
OUT-UK-0568,LG-UK-0568,1,127
OUT-WB-0569,LG-WB-0569,0,10
OUT-AN-0570,LG-AN-0570,0,5
OUT-CH-0571,LG-CH-0571,0,6
OUT-DH-0572,LG-DH-0572,0,3
OUT-DL-0573,LG-DL-0573,0,17
OUT-JK-0574,LG-JK-0574,0,6
OUT-LA-0575,LG-LA-0575,0,12
OUT-LD-0576,LG-LD-0576,1,66
OUT-PY-0577,LG-PY-0577,0,7
OUT-AP-0578,LG-AP-0578,0,4
OUT-AR-0579,LG-AR-0579,1,137
OUT-AS-0580,LG-AS-0580,1,34
OUT-BR-0581,LG-BR-0581,1,172
OUT-CG-0582,LG-CG-0582,0,3
OUT-GA-0583,LG-GA-0583,1,159
OUT-GJ-0584,LG-GJ-0584,1,357
OUT-HR-0585,LG-HR-0585,1,554
OUT-HP-0586,LG-HP-0586,0,11
OUT-JH-0587,LG-JH-0587,1,551
OUT-KA-0588,LG-KA-0588,1,127
OUT-KL-0589,LG-KL-0589,0,14
OUT-MP-0590,LG-MP-0590,1,129
OUT-MH-0591,LG-MH-0591,1,220
OUT-MN-0592,LG-MN-0592,1,226
OUT-ML-0593,LG-ML-0593,1,87
OUT-MZ-0594,LG-MZ-0594,1,187
OUT-NL-0595,LG-NL-0595,1,247
OUT-OD-0596,LG-OD-0596,1,332
OUT-PB-0597,LG-PB-0597,1,250
OUT-RJ-0598,LG-RJ-0598,0,11
OUT-SK-0599,LG-SK-0599,1,481
OUT-TN-0600,LG-TN-0600,0,9
OUT-TS-0601,LG-TS-0601,0,16
OUT-TR-0602,LG-TR-0602,1,145
OUT-UP-0603,LG-UP-0603,0,15
OUT-UK-0604,LG-UK-0604,1,227
OUT-WB-0605,LG-WB-0605,1,583
OUT-AN-0606,LG-AN-0606,0,7
OUT-CH-0607,LG-CH-0607,0,7
OUT-DH-0608,LG-DH-0608,0,9
OUT-DL-0609,LG-DL-0609,1,184
OUT-JK-0610,LG-JK-0610,0,13
OUT-LA-0611,LG-LA-0611,1,121
OUT-LD-0612,LG-LD-0612,0,3
OUT-PY-0613,LG-PY-0613,0,2
OUT-AP-0614,LG-AP-0614,1,235
OUT-AR-0615,LG-AR-0615,0,1
OUT-AS-0616,LG-AS-0616,1,205
OUT-BR-0617,LG-BR-0617,1,127
OUT-CG-0618,LG-CG-0618,1,56
OUT-GA-0619,LG-GA-0619,1,216
OUT-GJ-0620,LG-GJ-0620,0,2
OUT-HR-0621,LG-HR-0621,1,156
OUT-HP-0622,LG-HP-0622,1,219
OUT-JH-0623,LG-JH-0623,0,8
OUT-KA-0624,LG-KA-0624,1,169
OUT-KL-0625,LG-KL-0625,0,12
OUT-MP-0626,LG-MP-0626,1,254
OUT-MH-0627,LG-MH-0627,0,17
OUT-MN-0628,LG-MN-0628,0,9
OUT-ML-0629,LG-ML-0629,0,1
OUT-MZ-0630,LG-MZ-0630,1,244
OUT-NL-0631,LG-NL-0631,0,6
OUT-OD-0632,LG-OD-0632,1,569
OUT-PB-0633,LG-PB-0633,1,195
OUT-RJ-0634,LG-RJ-0634,0,16
OUT-SK-0635,LG-SK-0635,1,216
OUT-TN-0636,LG-TN-0636,1,130
OUT-TS-0637,LG-TS-0637,0,2
OUT-TR-0638,LG-TR-0638,1,96
OUT-UP-0639,LG-UP-0639,1,125
OUT-UK-0640,LG-UK-0640,0,7
OUT-WB-0641,LG-WB-0641,0,1
OUT-AN-0642,LG-AN-0642,0,20
OUT-CH-0643,LG-CH-0643,1,246
OUT-DH-0644,LG-DH-0644,0,12
OUT-DL-0645,LG-DL-0645,1,99
OUT-JK-0646,LG-JK-0646,1,581
OUT-LA-0647,LG-LA-0647,0,20
OUT-LD-0648,LG-LD-0648,1,26
OUT-PY-0649,LG-PY-0649,0,9
OUT-AP-0650,LG-AP-0650,1,95
OUT-AR-0651,LG-AR-0651,0,3
OUT-AS-0652,LG-AS-0652,0,6
OUT-BR-0653,LG-BR-0653,1,242
OUT-CG-0654,LG-CG-0654,0,8
OUT-GA-0655,LG-GA-0655,0,10
OUT-GJ-0656,LG-GJ-0656,1,145
OUT-HR-0657,LG-HR-0657,0,9
OUT-HP-0658,LG-HP-0658,1,23
OUT-JH-0659,LG-JH-0659,0,14
OUT-KA-0660,LG-KA-0660,1,225
OUT-KL-0661,LG-KL-0661,1,176
OUT-MP-0662,LG-MP-0662,0,15
OUT-MH-0663,LG-MH-0663,1,239
OUT-MN-0664,LG-MN-0664,0,10
OUT-ML-0665,LG-ML-0665,1,121
OUT-MZ-0666,LG-MZ-0666,1,309
OUT-NL-0667,LG-NL-0667,1,236
OUT-OD-0668,LG-OD-0668,1,429
OUT-PB-0669,LG-PB-0669,1,288
OUT-RJ-0670,LG-RJ-0670,1,207
OUT-SK-0671,LG-SK-0671,1,74
OUT-TN-0672,LG-TN-0672,0,2
OUT-TS-0673,LG-TS-0673,0,2
OUT-TR-0674,LG-TR-0674,1,40
OUT-UP-0675,LG-UP-0675,1,275
OUT-UK-0676,LG-UK-0676,0,1
OUT-WB-0677,LG-WB-0677,1,188
OUT-AN-0678,LG-AN-0678,1,147
OUT-CH-0679,LG-CH-0679,0,17
OUT-DH-0680,LG-DH-0680,1,89
OUT-DL-0681,LG-DL-0681,1,220
OUT-JK-0682,LG-JK-0682,1,43
OUT-LA-0683,LG-LA-0683,1,55
OUT-LD-0684,LG-LD-0684,1,104
OUT-PY-0685,LG-PY-0685,0,9
OUT-AP-0686,LG-AP-0686,1,222
OUT-AR-0687,LG-AR-0687,1,108
OUT-AS-0688,LG-AS-0688,1,366
OUT-BR-0689,LG-BR-0689,0,8
OUT-CG-0690,LG-CG-0690,1,48
OUT-GA-0691,LG-GA-0691,0,13
OUT-GJ-0692,LG-GJ-0692,1,27
OUT-HR-0693,LG-HR-0693,1,576
OUT-HP-0694,LG-HP-0694,0,17
OUT-JH-0695,LG-JH-0695,1,141
OUT-KA-0696,LG-KA-0696,1,130
OUT-KL-0697,LG-KL-0697,1,251
OUT-MP-0698,LG-MP-0698,0,10
OUT-MH-0699,LG-MH-0699,1,190
OUT-MN-0700,LG-MN-0700,0,12
OUT-ML-0701,LG-ML-0701,0,15
OUT-MZ-0702,LG-MZ-0702,0,10
OUT-NL-0703,LG-NL-0703,1,31
OUT-OD-0704,LG-OD-0704,1,195
OUT-PB-0705,LG-PB-0705,0,19
OUT-RJ-0706,LG-RJ-0706,1,483
OUT-SK-0707,LG-SK-0707,0,8
OUT-TN-0708,LG-TN-0708,1,207
OUT-TS-0709,LG-TS-0709,0,7
OUT-TR-0710,LG-TR-0710,0,2
OUT-UP-0711,LG-UP-0711,1,49
OUT-UK-0712,LG-UK-0712,1,129
OUT-WB-0713,LG-WB-0713,0,12
OUT-AN-0714,LG-AN-0714,1,124
OUT-CH-0715,LG-CH-0715,1,369
OUT-DH-0716,LG-DH-0716,1,141
OUT-DL-0717,LG-DL-0717,1,101
OUT-JK-0718,LG-JK-0718,1,118
OUT-LA-0719,LG-LA-0719,1,117
OUT-LD-0720,LG-LD-0720,0,15
OUT-PY-0721,LG-PY-0721,1,43
OUT-AP-0722,LG-AP-0722,1,51
OUT-AR-0723,LG-AR-0723,1,41
OUT-AS-0724,LG-AS-0724,1,166
OUT-BR-0725,LG-BR-0725,1,41
OUT-CG-0726,LG-CG-0726,1,277
OUT-GA-0727,LG-GA-0727,0,3
OUT-GJ-0728,LG-GJ-0728,1,153
OUT-HR-0729,LG-HR-0729,1,107
OUT-HP-0730,LG-HP-0730,0,13
OUT-JH-0731,LG-JH-0731,0,8
OUT-KA-0732,LG-KA-0732,0,4
OUT-KL-0733,LG-KL-0733,1,187
OUT-MP-0734,LG-MP-0734,1,457
OUT-MH-0735,LG-MH-0735,1,123
OUT-MN-0736,LG-MN-0736,0,5
OUT-ML-0737,LG-ML-0737,1,174
OUT-MZ-0738,LG-MZ-0738,0,10
OUT-NL-0739,LG-NL-0739,0,14
OUT-OD-0740,LG-OD-0740,0,4
OUT-PB-0741,LG-PB-0741,1,216
OUT-RJ-0742,LG-RJ-0742,1,253
OUT-SK-0743,LG-SK-0743,0,6
OUT-TN-0744,LG-TN-0744,1,233
OUT-TS-0745,LG-TS-0745,1,431
OUT-TR-0746,LG-TR-0746,1,244
OUT-UP-0747,LG-UP-0747,0,11
OUT-UK-0748,LG-UK-0748,0,14
OUT-WB-0749,LG-WB-0749,0,13
OUT-AN-0750,LG-AN-0750,0,15
OUT-CH-0751,LG-CH-0751,1,550
OUT-DH-0752,LG-DH-0752,0,13
OUT-DL-0753,LG-DL-0753,1,320
OUT-JK-0754,LG-JK-0754,1,64
OUT-LA-0755,LG-LA-0755,1,48
OUT-LD-0756,LG-LD-0756,1,254
OUT-PY-0757,LG-PY-0757,1,197
OUT-AP-0758,LG-AP-0758,0,17
OUT-AR-0759,LG-AR-0759,0,4
OUT-AS-0760,LG-AS-0760,1,116
OUT-BR-0761,LG-BR-0761,0,8
OUT-CG-0762,LG-CG-0762,0,7
OUT-GA-0763,LG-GA-0763,0,7
OUT-GJ-0764,LG-GJ-0764,0,1
OUT-HR-0765,LG-HR-0765,0,15
OUT-HP-0766,LG-HP-0766,1,293
OUT-JH-0767,LG-JH-0767,0,8
OUT-KA-0768,LG-KA-0768,0,12
OUT-KL-0769,LG-KL-0769,1,29
OUT-MP-0770,LG-MP-0770,0,4
OUT-MH-0771,LG-MH-0771,0,14
OUT-MN-0772,LG-MN-0772,1,256
OUT-ML-0773,LG-ML-0773,0,3
OUT-MZ-0774,LG-MZ-0774,1,115
OUT-NL-0775,LG-NL-0775,0,3
OUT-OD-0776,LG-OD-0776,0,0
OUT-PB-0777,LG-PB-0777,1,135
OUT-RJ-0778,LG-RJ-0778,1,258
OUT-SK-0779,LG-SK-0779,1,255
OUT-TN-0780,LG-TN-0780,0,3
OUT-TS-0781,LG-TS-0781,1,207
OUT-TR-0782,LG-TR-0782,1,59
OUT-UP-0783,LG-UP-0783,0,3
OUT-UK-0784,LG-UK-0784,1,88
OUT-WB-0785,LG-WB-0785,0,4
OUT-AN-0786,LG-AN-0786,1,471
OUT-CH-0787,LG-CH-0787,0,15
OUT-DH-0788,LG-DH-0788,1,180
OUT-DL-0789,LG-DL-0789,0,4
OUT-JK-0790,LG-JK-0790,0,7
OUT-LA-0791,LG-LA-0791,1,96
OUT-LD-0792,LG-LD-0792,1,194
OUT-PY-0793,LG-PY-0793,1,137
OUT-AP-0794,LG-AP-0794,1,211
OUT-AR-0795,LG-AR-0795,0,8
OUT-AS-0796,LG-AS-0796,1,55
OUT-BR-0797,LG-BR-0797,1,113
OUT-CG-0798,LG-CG-0798,1,253
OUT-GA-0799,LG-GA-0799,1,303
OUT-GJ-0800,LG-GJ-0800,1,151
OUT-HR-0801,LG-HR-0801,0,4
OUT-HP-0802,LG-HP-0802,1,89
OUT-JH-0803,LG-JH-0803,0,7
OUT-KA-0804,LG-KA-0804,0,14
OUT-KL-0805,LG-KL-0805,0,3
OUT-MP-0806,LG-MP-0806,1,250
OUT-MH-0807,LG-MH-0807,1,267
OUT-MN-0808,LG-MN-0808,0,13
OUT-ML-0809,LG-ML-0809,1,189
OUT-MZ-0810,LG-MZ-0810,1,224
OUT-NL-0811,LG-NL-0811,1,21
OUT-OD-0812,LG-OD-0812,0,4
OUT-PB-0813,LG-PB-0813,1,200
OUT-RJ-0814,LG-RJ-0814,1,207
OUT-SK-0815,LG-SK-0815,0,20
OUT-TN-0816,LG-TN-0816,1,560
OUT-TS-0817,LG-TS-0817,0,15
OUT-TR-0818,LG-TR-0818,0,7
OUT-UP-0819,LG-UP-0819,1,115
OUT-UK-0820,LG-UK-0820,0,12
OUT-WB-0821,LG-WB-0821,0,10
OUT-AN-0822,LG-AN-0822,1,94
OUT-CH-0823,LG-CH-0823,1,158
OUT-DH-0824,LG-DH-0824,0,3
OUT-DL-0825,LG-DL-0825,0,1
OUT-JK-0826,LG-JK-0826,0,8
OUT-LA-0827,LG-LA-0827,0,15
OUT-LD-0828,LG-LD-0828,1,459
OUT-PY-0829,LG-PY-0829,0,9
OUT-AP-0830,LG-AP-0830,1,259
OUT-AR-0831,LG-AR-0831,1,128
OUT-AS-0832,LG-AS-0832,0,1
OUT-BR-0833,LG-BR-0833,0,13
OUT-CG-0834,LG-CG-0834,1,150
OUT-GA-0835,LG-GA-0835,1,184
OUT-GJ-0836,LG-GJ-0836,1,154
OUT-HR-0837,LG-HR-0837,1,156
OUT-HP-0838,LG-HP-0838,1,155
OUT-JH-0839,LG-JH-0839,1,49
OUT-KA-0840,LG-KA-0840,1,259
OUT-KL-0841,LG-KL-0841,1,191
OUT-MP-0842,LG-MP-0842,0,5
OUT-MH-0843,LG-MH-0843,0,14
OUT-MN-0844,LG-MN-0844,1,86
OUT-ML-0845,LG-ML-0845,1,72
OUT-MZ-0846,LG-MZ-0846,1,243
OUT-NL-0847,LG-NL-0847,0,3
OUT-OD-0848,LG-OD-0848,1,175
OUT-PB-0849,LG-PB-0849,1,471
OUT-RJ-0850,LG-RJ-0850,0,15
OUT-SK-0851,LG-SK-0851,0,14
OUT-TN-0852,LG-TN-0852,0,18
OUT-TS-0853,LG-TS-0853,0,1
OUT-TR-0854,LG-TR-0854,0,8
OUT-UP-0855,LG-UP-0855,0,18
OUT-UK-0856,LG-UK-0856,1,35
OUT-WB-0857,LG-WB-0857,1,196
OUT-AN-0858,LG-AN-0858,0,5
OUT-CH-0859,LG-CH-0859,0,13
OUT-DH-0860,LG-DH-0860,1,215
OUT-DL-0861,LG-DL-0861,0,5
OUT-JK-0862,LG-JK-0862,0,2
OUT-LA-0863,LG-LA-0863,1,255
OUT-LD-0864,LG-LD-0864,1,587
OUT-PY-0865,LG-PY-0865,1,81
OUT-AP-0866,LG-AP-0866,1,91
OUT-AR-0867,LG-AR-0867,0,13
OUT-AS-0868,LG-AS-0868,1,128
OUT-BR-0869,LG-BR-0869,1,73
OUT-CG-0870,LG-CG-0870,1,25
OUT-GA-0871,LG-GA-0871,0,5
OUT-GJ-0872,LG-GJ-0872,1,23
OUT-HR-0873,LG-HR-0873,1,161
OUT-HP-0874,LG-HP-0874,0,0
OUT-JH-0875,LG-JH-0875,1,136
OUT-KA-0876,LG-KA-0876,1,218
OUT-KL-0877,LG-KL-0877,1,556
OUT-MP-0878,LG-MP-0878,0,0
OUT-MH-0879,LG-MH-0879,0,7
OUT-MN-0880,LG-MN-0880,1,402
OUT-ML-0881,LG-ML-0881,1,182
OUT-MZ-0882,LG-MZ-0882,1,247
OUT-NL-0883,LG-NL-0883,0,5
OUT-OD-0884,LG-OD-0884,0,10
OUT-PB-0885,LG-PB-0885,1,223
OUT-RJ-0886,LG-RJ-0886,1,202
OUT-SK-0887,LG-SK-0887,1,74
OUT-TN-0888,LG-TN-0888,1,81
OUT-TS-0889,LG-TS-0889,0,11
OUT-TR-0890,LG-TR-0890,1,233
OUT-UP-0891,LG-UP-0891,0,5
OUT-UK-0892,LG-UK-0892,0,20
OUT-WB-0893,LG-WB-0893,1,332
OUT-AN-0894,LG-AN-0894,1,317
OUT-CH-0895,LG-CH-0895,0,9
OUT-DH-0896,LG-DH-0896,0,5
OUT-DL-0897,LG-DL-0897,1,206
OUT-JK-0898,LG-JK-0898,0,15
OUT-LA-0899,LG-LA-0899,0,3
OUT-LD-0900,LG-LD-0900,0,4
OUT-PY-0901,LG-PY-0901,0,3
OUT-AP-0902,LG-AP-0902,0,13
OUT-AR-0903,LG-AR-0903,1,83
OUT-AS-0904,LG-AS-0904,0,14
OUT-BR-0905,LG-BR-0905,1,90
OUT-CG-0906,LG-CG-0906,0,4
OUT-GA-0907,LG-GA-0907,1,156
OUT-GJ-0908,LG-GJ-0908,1,127
OUT-HR-0909,LG-HR-0909,1,489
OUT-HP-0910,LG-HP-0910,0,20
OUT-JH-0911,LG-JH-0911,0,16
OUT-KA-0912,LG-KA-0912,1,185
OUT-KL-0913,LG-KL-0913,0,5
OUT-MP-0914,LG-MP-0914,1,424
OUT-MH-0915,LG-MH-0915,1,544
OUT-MN-0916,LG-MN-0916,0,6
OUT-ML-0917,LG-ML-0917,1,32
OUT-MZ-0918,LG-MZ-0918,0,9
OUT-NL-0919,LG-NL-0919,0,5
OUT-OD-0920,LG-OD-0920,1,148
OUT-PB-0921,LG-PB-0921,1,20
OUT-RJ-0922,LG-RJ-0922,1,56
OUT-SK-0923,LG-SK-0923,1,160
OUT-TN-0924,LG-TN-0924,1,215
OUT-TS-0925,LG-TS-0925,1,327
OUT-TR-0926,LG-TR-0926,1,227
OUT-UP-0927,LG-UP-0927,1,72
OUT-UK-0928,LG-UK-0928,1,145
OUT-WB-0929,LG-WB-0929,0,13
OUT-AN-0930,LG-AN-0930,0,10
OUT-CH-0931,LG-CH-0931,0,7
OUT-DH-0932,LG-DH-0932,1,72
OUT-DL-0933,LG-DL-0933,0,5
OUT-JK-0934,LG-JK-0934,1,100
OUT-LA-0935,LG-LA-0935,1,228
OUT-LD-0936,LG-LD-0936,1,193
OUT-PY-0937,LG-PY-0937,1,151
OUT-AP-0938,LG-AP-0938,0,6
OUT-AR-0939,LG-AR-0939,0,11
OUT-AS-0940,LG-AS-0940,1,143
OUT-BR-0941,LG-BR-0941,1,120
OUT-CG-0942,LG-CG-0942,0,4
OUT-GA-0943,LG-GA-0943,0,2
OUT-GJ-0944,LG-GJ-0944,0,13
OUT-HR-0945,LG-HR-0945,1,298
OUT-HP-0946,LG-HP-0946,0,4
OUT-JH-0947,LG-JH-0947,0,5
OUT-KA-0948,LG-KA-0948,1,183
OUT-KL-0949,LG-KL-0949,1,439
OUT-MP-0950,LG-MP-0950,1,315
OUT-MH-0951,LG-MH-0951,1,84
OUT-MN-0952,LG-MN-0952,0,6
OUT-ML-0953,LG-ML-0953,0,4
OUT-MZ-0954,LG-MZ-0954,1,21
OUT-NL-0955,LG-NL-0955,1,209
OUT-OD-0956,LG-OD-0956,1,142
OUT-PB-0957,LG-PB-0957,0,4
OUT-RJ-0958,LG-RJ-0958,1,135
OUT-SK-0959,LG-SK-0959,0,0
OUT-TN-0960,LG-TN-0960,0,11
OUT-TS-0961,LG-TS-0961,0,10
OUT-TR-0962,LG-TR-0962,0,8
OUT-UP-0963,LG-UP-0963,1,101
OUT-UK-0964,LG-UK-0964,1,270
OUT-WB-0965,LG-WB-0965,0,5
OUT-AN-0966,LG-AN-0966,0,11
OUT-CH-0967,LG-CH-0967,0,19
OUT-DH-0968,LG-DH-0968,1,56
OUT-DL-0969,LG-DL-0969,1,378
OUT-JK-0970,LG-JK-0970,1,21
OUT-LA-0971,LG-LA-0971,0,15
OUT-LD-0972,LG-LD-0972,1,198
OUT-PY-0973,LG-PY-0973,1,206
OUT-AP-0974,LG-AP-0974,0,5
OUT-AR-0975,LG-AR-0975,1,160
OUT-AS-0976,LG-AS-0976,1,38
OUT-BR-0977,LG-BR-0977,0,14
OUT-CG-0978,LG-CG-0978,1,207
OUT-GA-0979,LG-GA-0979,0,0
OUT-GJ-0980,LG-GJ-0980,0,1
OUT-HR-0981,LG-HR-0981,0,15
OUT-HP-0982,LG-HP-0982,0,11
OUT-JH-0983,LG-JH-0983,1,126
OUT-KA-0984,LG-KA-0984,1,125
OUT-KL-0985,LG-KL-0985,0,0
OUT-MP-0986,LG-MP-0986,1,60
OUT-MH-0987,LG-MH-0987,0,9
OUT-MN-0988,LG-MN-0988,1,421
OUT-ML-0989,LG-ML-0989,0,3
OUT-MZ-0990,LG-MZ-0990,0,10
OUT-NL-0991,LG-NL-0991,0,14
OUT-OD-0992,LG-OD-0992,1,546
OUT-PB-0993,LG-PB-0993,0,9
OUT-RJ-0994,LG-RJ-0994,0,15
OUT-SK-0995,LG-SK-0995,0,0
OUT-TN-0996,LG-TN-0996,0,8
OUT-TS-0997,LG-TS-0997,1,236
OUT-TR-0998,LG-TR-0998,1,186
OUT-UP-0999,LG-UP-0999,0,0
OUT-UK-1000,LG-UK-1000,1,69
OUT-WB-1001,LG-WB-1001,1,105
OUT-AN-1002,LG-AN-1002,0,6
OUT-CH-1003,LG-CH-1003,0,16
OUT-DH-1004,LG-DH-1004,0,4
OUT-DL-1005,LG-DL-1005,1,254
OUT-JK-1006,LG-JK-1006,0,15
OUT-LA-1007,LG-LA-1007,0,5
OUT-LD-1008,LG-LD-1008,0,4
OUT-PY-1009,LG-PY-1009,1,81
OUT-AP-1010,LG-AP-1010,1,91
OUT-AR-1011,LG-AR-1011,0,5
OUT-AS-1012,LG-AS-1012,1,240
OUT-BR-1013,LG-BR-1013,0,11
OUT-CG-1014,LG-CG-1014,1,246
OUT-GA-1015,LG-GA-1015,1,230
OUT-GJ-1016,LG-GJ-1016,1,239
OUT-HR-1017,LG-HR-1017,1,46
OUT-HP-1018,LG-HP-1018,0,5
OUT-JH-1019,LG-JH-1019,0,10
OUT-KA-1020,LG-KA-1020,1,112
OUT-KL-1021,LG-KL-1021,1,287
OUT-MP-1022,LG-MP-1022,1,586
OUT-MH-1023,LG-MH-1023,1,44
OUT-MN-1024,LG-MN-1024,1,219
OUT-ML-1025,LG-ML-1025,0,6
OUT-MZ-1026,LG-MZ-1026,0,17
OUT-NL-1027,LG-NL-1027,1,137
OUT-OD-1028,LG-OD-1028,0,5
OUT-PB-1029,LG-PB-1029,0,9
OUT-RJ-1030,LG-RJ-1030,0,3
OUT-SK-1031,LG-SK-1031,0,13
OUT-TN-1032,LG-TN-1032,0,4
OUT-TS-1033,LG-TS-1033,1,46
OUT-TR-1034,LG-TR-1034,0,2
OUT-UP-1035,LG-UP-1035,0,5
OUT-UK-1036,LG-UK-1036,0,5
OUT-WB-1037,LG-WB-1037,0,5
OUT-AN-1038,LG-AN-1038,1,132
OUT-CH-1039,LG-CH-1039,0,1
OUT-DH-1040,LG-DH-1040,1,232
OUT-DL-1041,LG-DL-1041,0,8
OUT-JK-1042,LG-JK-1042,0,4
OUT-LA-1043,LG-LA-1043,0,9
OUT-LD-1044,LG-LD-1044,1,199
OUT-PY-1045,LG-PY-1045,1,55
OUT-AP-1046,LG-AP-1046,1,138
OUT-AR-1047,LG-AR-1047,1,143
OUT-AS-1048,LG-AS-1048,1,46
OUT-BR-1049,LG-BR-1049,1,97
OUT-CG-1050,LG-CG-1050,0,10
OUT-GA-1051,LG-GA-1051,0,8
OUT-GJ-1052,LG-GJ-1052,1,166
OUT-HR-1053,LG-HR-1053,0,10
OUT-HP-1054,LG-HP-1054,1,45
OUT-JH-1055,LG-JH-1055,0,15
OUT-KA-1056,LG-KA-1056,0,2
OUT-KL-1057,LG-KL-1057,1,124
OUT-MP-1058,LG-MP-1058,1,261
OUT-MH-1059,LG-MH-1059,1,70
OUT-MN-1060,LG-MN-1060,1,264
OUT-ML-1061,LG-ML-1061,1,190
OUT-MZ-1062,LG-MZ-1062,1,223
OUT-NL-1063,LG-NL-1063,0,6
OUT-OD-1064,LG-OD-1064,1,177
OUT-PB-1065,LG-PB-1065,1,464
OUT-RJ-1066,LG-RJ-1066,0,12
OUT-SK-1067,LG-SK-1067,1,199
OUT-TN-1068,LG-TN-1068,1,277
OUT-TS-1069,LG-TS-1069,1,58
OUT-TR-1070,LG-TR-1070,0,8
OUT-UP-1071,LG-UP-1071,1,120
OUT-UK-1072,LG-UK-1072,0,15
OUT-WB-1073,LG-WB-1073,1,343
OUT-AN-1074,LG-AN-1074,1,123
OUT-CH-1075,LG-CH-1075,0,17
OUT-DH-1076,LG-DH-1076,1,78
OUT-DL-1077,LG-DL-1077,1,204
OUT-JK-1078,LG-JK-1078,0,13
OUT-LA-1079,LG-LA-1079,0,10
OUT-LD-1080,LG-LD-1080,1,120
OUT-PY-1081,LG-PY-1081,1,241
OUT-AP-1082,LG-AP-1082,1,21
OUT-AR-1083,LG-AR-1083,1,498
OUT-AS-1084,LG-AS-1084,1,112
OUT-BR-1085,LG-BR-1085,1,126
OUT-CG-1086,LG-CG-1086,1,76
OUT-GA-1087,LG-GA-1087,1,251
OUT-GJ-1088,LG-GJ-1088,0,8
OUT-HR-1089,LG-HR-1089,0,17
OUT-HP-1090,LG-HP-1090,0,6
OUT-JH-1091,LG-JH-1091,0,9
OUT-KA-1092,LG-KA-1092,1,255
OUT-KL-1093,LG-KL-1093,1,315
OUT-MP-1094,LG-MP-1094,1,118
OUT-MH-1095,LG-MH-1095,1,180
OUT-MN-1096,LG-MN-1096,0,15
OUT-ML-1097,LG-ML-1097,0,6
OUT-MZ-1098,LG-MZ-1098,1,186
OUT-NL-1099,LG-NL-1099,1,231
OUT-OD-1100,LG-OD-1100,0,12
OUT-PB-1101,LG-PB-1101,0,8
OUT-RJ-1102,LG-RJ-1102,0,5
OUT-SK-1103,LG-SK-1103,1,214
OUT-TN-1104,LG-TN-1104,0,4
OUT-TS-1105,LG-TS-1105,1,543
OUT-TR-1106,LG-TR-1106,1,55
OUT-UP-1107,LG-UP-1107,1,523
OUT-UK-1108,LG-UK-1108,1,146
OUT-WB-1109,LG-WB-1109,1,217
OUT-AN-1110,LG-AN-1110,1,38
OUT-CH-1111,LG-CH-1111,0,4
OUT-DH-1112,LG-DH-1112,1,51
OUT-DL-1113,LG-DL-1113,0,10
OUT-JK-1114,LG-JK-1114,0,10
OUT-LA-1115,LG-LA-1115,1,21
OUT-LD-1116,LG-LD-1116,1,255
OUT-PY-1117,LG-PY-1117,1,114
OUT-AP-1118,LG-AP-1118,0,19
OUT-AR-1119,LG-AR-1119,0,0
OUT-AS-1120,LG-AS-1120,1,43
OUT-BR-1121,LG-BR-1121,0,6
OUT-CG-1122,LG-CG-1122,1,256
OUT-GA-1123,LG-GA-1123,1,53
OUT-GJ-1124,LG-GJ-1124,0,0
OUT-HR-1125,LG-HR-1125,0,5
OUT-HP-1126,LG-HP-1126,1,53
OUT-JH-1127,LG-JH-1127,1,42
OUT-KA-1128,LG-KA-1128,0,15
OUT-KL-1129,LG-KL-1129,0,1
OUT-MP-1130,LG-MP-1130,0,2
OUT-MH-1131,LG-MH-1131,1,51
OUT-MN-1132,LG-MN-1132,1,29
OUT-ML-1133,LG-ML-1133,0,12
OUT-MZ-1134,LG-MZ-1134,1,40
OUT-NL-1135,LG-NL-1135,0,11
OUT-OD-1136,LG-OD-1136,1,125
OUT-PB-1137,LG-PB-1137,1,83
OUT-RJ-1138,LG-RJ-1138,0,18
OUT-SK-1139,LG-SK-1139,0,7
OUT-TN-1140,LG-TN-1140,0,12
OUT-TS-1141,LG-TS-1141,0,5
OUT-TR-1142,LG-TR-1142,1,58
OUT-UP-1143,LG-UP-1143,1,120
OUT-UK-1144,LG-UK-1144,1,398
OUT-WB-1145,LG-WB-1145,1,409
OUT-AN-1146,LG-AN-1146,0,4
OUT-CH-1147,LG-CH-1147,0,20
OUT-DH-1148,LG-DH-1148,0,9
OUT-DL-1149,LG-DL-1149,1,223
OUT-JK-1150,LG-JK-1150,0,18
OUT-LA-1151,LG-LA-1151,0,10
OUT-LD-1152,LG-LD-1152,1,236
OUT-PY-1153,LG-PY-1153,0,8
OUT-AP-1154,LG-AP-1154,0,12
OUT-AR-1155,LG-AR-1155,1,70
OUT-AS-1156,LG-AS-1156,1,169
OUT-BR-1157,LG-BR-1157,1,135
OUT-CG-1158,LG-CG-1158,0,6
OUT-GA-1159,LG-GA-1159,0,13
OUT-GJ-1160,LG-GJ-1160,1,162
OUT-HR-1161,LG-HR-1161,1,30
OUT-HP-1162,LG-HP-1162,0,3
OUT-JH-1163,LG-JH-1163,1,208
OUT-KA-1164,LG-KA-1164,0,6
OUT-KL-1165,LG-KL-1165,1,210
OUT-MP-1166,LG-MP-1166,1,210
OUT-MH-1167,LG-MH-1167,0,7
OUT-MN-1168,LG-MN-1168,1,240
OUT-ML-1169,LG-ML-1169,0,3
OUT-MZ-1170,LG-MZ-1170,0,7
OUT-NL-1171,LG-NL-1171,1,418
OUT-OD-1172,LG-OD-1172,0,15
OUT-PB-1173,LG-PB-1173,1,246
OUT-RJ-1174,LG-RJ-1174,1,129
OUT-SK-1175,LG-SK-1175,1,191
OUT-TN-1176,LG-TN-1176,0,11
OUT-TS-1177,LG-TS-1177,1,55
OUT-TR-1178,LG-TR-1178,1,133
OUT-UP-1179,LG-UP-1179,1,583
OUT-UK-1180,LG-UK-1180,0,10
OUT-WB-1181,LG-WB-1181,0,8
OUT-AN-1182,LG-AN-1182,0,11
OUT-CH-1183,LG-CH-1183,1,69
OUT-DH-1184,LG-DH-1184,1,129
OUT-DL-1185,LG-DL-1185,1,222
OUT-JK-1186,LG-JK-1186,0,7
OUT-LA-1187,LG-LA-1187,0,1
OUT-LD-1188,LG-LD-1188,1,507
OUT-PY-1189,LG-PY-1189,0,8
OUT-AP-1190,LG-AP-1190,1,52
OUT-AR-1191,LG-AR-1191,1,156
OUT-AS-1192,LG-AS-1192,0,0
OUT-BR-1193,LG-BR-1193,1,158
OUT-CG-1194,LG-CG-1194,1,164
OUT-GA-1195,LG-GA-1195,0,5
OUT-GJ-1196,LG-GJ-1196,0,12
OUT-HR-1197,LG-HR-1197,0,1
OUT-HP-1198,LG-HP-1198,1,122
OUT-JH-1199,LG-JH-1199,1,159
OUT-KA-1200,LG-KA-1200,1,240
OUT-KL-1201,LG-KL-1201,0,4
OUT-MP-1202,LG-MP-1202,1,462
OUT-MH-1203,LG-MH-1203,1,150
OUT-MN-1204,LG-MN-1204,0,7
OUT-ML-1205,LG-ML-1205,0,15
OUT-MZ-1206,LG-MZ-1206,0,2
OUT-NL-1207,LG-NL-1207,1,176
OUT-OD-1208,LG-OD-1208,1,167
OUT-PB-1209,LG-PB-1209,0,11
OUT-RJ-1210,LG-RJ-1210,1,124
OUT-SK-1211,LG-SK-1211,1,434
OUT-TN-1212,LG-TN-1212,1,65
OUT-TS-1213,LG-TS-1213,0,1
OUT-TR-1214,LG-TR-1214,1,203
OUT-UP-1215,LG-UP-1215,1,263
OUT-UK-1216,LG-UK-1216,0,12
OUT-WB-1217,LG-WB-1217,0,6
OUT-AN-1218,LG-AN-1218,0,1
OUT-CH-1219,LG-CH-1219,0,8
OUT-DH-1220,LG-DH-1220,1,130
OUT-DL-1221,LG-DL-1221,1,220
OUT-JK-1222,LG-JK-1222,0,15
OUT-LA-1223,LG-LA-1223,0,4
OUT-LD-1224,LG-LD-1224,1,168
OUT-PY-1225,LG-PY-1225,1,253
OUT-AP-1226,LG-AP-1226,0,7
OUT-AR-1227,LG-AR-1227,0,5
OUT-AS-1228,LG-AS-1228,0,8
OUT-BR-1229,LG-BR-1229,0,8
OUT-CG-1230,LG-CG-1230,1,189
OUT-GA-1231,LG-GA-1231,0,13
OUT-GJ-1232,LG-GJ-1232,1,449
OUT-HR-1233,LG-HR-1233,0,8
OUT-HP-1234,LG-HP-1234,1,98
OUT-JH-1235,LG-JH-1235,1,109
OUT-KA-1236,LG-KA-1236,1,575
OUT-KL-1237,LG-KL-1237,1,130
OUT-MP-1238,LG-MP-1238,0,0
OUT-MH-1239,LG-MH-1239,0,15
OUT-MN-1240,LG-MN-1240,0,5
OUT-ML-1241,LG-ML-1241,1,257
OUT-MZ-1242,LG-MZ-1242,1,251
OUT-NL-1243,LG-NL-1243,1,190
OUT-OD-1244,LG-OD-1244,0,12
OUT-PB-1245,LG-PB-1245,0,10
OUT-RJ-1246,LG-RJ-1246,1,37
OUT-SK-1247,LG-SK-1247,1,45
OUT-TN-1248,LG-TN-1248,0,3
OUT-TS-1249,LG-TS-1249,0,20
OUT-TR-1250,LG-TR-1250,1,298
