rr_id,project_id,families_eligible,families_rehabilitated,families_pending,site_readiness_percentage,grant_disbursed_cr
RR-TN-0042,LG-TN-0042,450,158,292,35.0,15.5
RR-AP-0002,LG-AP-0002,60,50,10,84.7,13.14
RR-AR-0003,LG-AR-0003,1444,1436,8,99.5,126.4
RR-AS-0004,LG-AS-0004,637,590,47,92.7,60.97
RR-BR-0005,LG-BR-0005,345,143,202,41.6,46.52
RR-CG-0006,LG-CG-0006,1607,508,1099,31.6,24.38
RR-GA-0007,LG-GA-0007,1241,620,621,50.0,133.31
RR-GJ-0008,LG-GJ-0008,1919,602,1317,31.4,58.18
RR-HR-0009,LG-HR-0009,194,144,50,74.5,27.05
RR-HP-0010,LG-HP-0010,189,146,43,77.5,8.42
RR-JH-0011,LG-JH-0011,1161,732,429,63.1,90.05
RR-KA-0012,LG-KA-0012,378,277,101,73.4,30.34
RR-KL-0013,LG-KL-0013,229,167,62,73.4,20.05
RR-MP-0014,LG-MP-0014,743,618,125,83.2,69.56
RR-MH-0015,LG-MH-0015,1101,163,938,14.9,18.05
RR-MN-0016,LG-MN-0016,615,610,5,99.3,48.0
RR-ML-0017,LG-ML-0017,218,205,13,94.2,24.48
RR-MZ-0018,LG-MZ-0018,787,383,404,48.7,27.25
RR-NL-0019,LG-NL-0019,1141,909,232,79.7,157.43
RR-OD-0020,LG-OD-0020,600,155,445,25.9,15.61
RR-PB-0021,LG-PB-0021,1481,1225,256,82.8,122.87
RR-RJ-0022,LG-RJ-0022,1399,566,833,40.5,45.71
RR-SK-0023,LG-SK-0023,1007,772,235,76.7,140.37
RR-TN-0024,LG-TN-0024,710,441,269,62.2,127.74
RR-TS-0025,LG-TS-0025,617,353,264,57.3,55.88
RR-TR-0026,LG-TR-0026,517,346,171,67.1,57.54
RR-UP-0027,LG-UP-0027,764,512,252,67.0,178.19
RR-UK-0028,LG-UK-0028,2573,1088,1485,42.3,92.04
RR-WB-0029,LG-WB-0029,1363,1122,241,82.4,212.49
RR-AN-0030,LG-AN-0030,1154,1082,72,93.8,287.28
RR-CH-0031,LG-CH-0031,166,163,3,98.4,24.73
RR-DH-0032,LG-DH-0032,319,153,166,48.0,15.45
RR-DL-0033,LG-DL-0033,870,636,234,73.2,63.2
RR-JK-0034,LG-JK-0034,104,92,12,89.2,14.63
RR-LA-0035,LG-LA-0035,433,240,193,55.5,16.77
RR-LD-0036,LG-LD-0036,740,183,557,24.9,16.55
RR-PY-0037,LG-PY-0037,1407,712,695,50.7,81.2
RR-AP-0038,LG-AP-0038,260,164,96,63.4,24.31
RR-AR-0039,LG-AR-0039,265,257,8,97.1,18.03
RR-AS-0040,LG-AS-0040,2325,1687,638,72.6,107.81
RR-BR-0041,LG-BR-0041,1107,587,520,53.1,116.3
RR-CG-0042,LG-CG-0042,160,30,130,19.1,9.58
RR-GA-0043,LG-GA-0043,1973,739,1234,37.5,102.42
RR-GJ-0044,LG-GJ-0044,1026,979,47,95.5,219.46
RR-HR-0045,LG-HR-0045,1020,555,465,54.5,68.68
RR-HP-0046,LG-HP-0046,1283,867,416,67.6,58.43
RR-JH-0047,LG-JH-0047,1068,137,931,12.9,17.63
RR-KA-0048,LG-KA-0048,2035,770,1265,37.9,108.28
RR-KL-0049,LG-KL-0049,1766,1533,233,86.8,112.02
RR-MP-0050,LG-MP-0050,704,315,389,44.9,31.65
RR-MH-0051,LG-MH-0051,1339,1186,153,88.6,56.19
RR-MN-0052,LG-MN-0052,442,211,231,47.8,50.31
RR-ML-0053,LG-ML-0053,2059,1165,894,56.6,156.47
RR-MZ-0054,LG-MZ-0054,532,367,165,69.0,113.1
RR-NL-0055,LG-NL-0055,455,344,111,75.8,55.05
RR-OD-0056,LG-OD-0056,1725,882,843,51.2,70.07
RR-PB-0057,LG-PB-0057,1820,1718,102,94.4,190.41
RR-RJ-0058,LG-RJ-0058,1096,848,248,77.5,75.4
RR-SK-0059,LG-SK-0059,1183,1035,148,87.5,180.71
RR-TN-0060,LG-TN-0060,1737,330,1407,19.0,20.49
RR-TS-0061,LG-TS-0061,458,278,180,60.9,27.47
RR-TR-0062,LG-TR-0062,1792,1546,246,86.3,123.23
RR-UP-0063,LG-UP-0063,739,561,178,76.0,144.07
RR-UK-0064,LG-UK-0064,166,34,132,20.9,5.62
RR-WB-0065,LG-WB-0065,1977,1196,781,60.5,148.32
RR-AN-0066,LG-AN-0066,445,330,115,74.2,52.47
RR-CH-0067,LG-CH-0067,138,64,74,46.6,10.3
RR-DH-0068,LG-DH-0068,1818,232,1586,12.8,15.38
RR-DL-0069,LG-DL-0069,1629,1074,555,65.9,137.0
RR-JK-0070,LG-JK-0070,1460,948,512,65.0,90.3
RR-LA-0071,LG-LA-0071,356,276,80,77.6,47.86
RR-LD-0072,LG-LD-0072,141,50,91,36.1,22.86
RR-PY-0073,LG-PY-0073,980,744,236,75.9,113.88
RR-AP-0074,LG-AP-0074,1068,747,321,70.0,194.44
RR-AR-0075,LG-AR-0075,1843,1452,391,78.8,199.69
RR-AS-0076,LG-AS-0076,2446,852,1594,34.8,65.6
RR-BR-0077,LG-BR-0077,1004,296,708,29.5,45.18
RR-CG-0078,LG-CG-0078,926,793,133,85.7,267.73
RR-GA-0079,LG-GA-0079,50,30,20,61.7,6.84
RR-GJ-0080,LG-GJ-0080,1525,1125,400,73.8,68.21
RR-HR-0081,LG-HR-0081,1748,1338,410,76.6,214.71
RR-HP-0082,LG-HP-0082,251,92,159,36.8,15.87
RR-JH-0083,LG-JH-0083,1599,630,969,39.5,159.11
RR-KA-0084,LG-KA-0084,492,197,295,40.2,49.72
RR-KL-0085,LG-KL-0085,1963,1657,306,84.4,208.79
RR-MP-0086,LG-MP-0086,598,474,124,79.4,93.86
RR-MH-0087,LG-MH-0087,1028,809,219,78.7,237.64
RR-MN-0088,LG-MN-0088,526,87,439,16.6,6.13
RR-ML-0089,LG-ML-0089,1420,562,858,39.6,106.34
RR-MZ-0090,LG-MZ-0090,416,147,269,35.4,26.17
RR-NL-0091,LG-NL-0091,463,184,279,39.8,26.57
RR-OD-0092,LG-OD-0092,2527,2476,51,98.0,355.2
RR-PB-0093,LG-PB-0093,956,416,540,43.5,57.34
RR-RJ-0094,LG-RJ-0094,1098,738,360,67.2,65.16
RR-SK-0095,LG-SK-0095,351,344,7,98.1,75.39
RR-TN-0096,LG-TN-0096,787,621,166,79.0,103.75
RR-TS-0097,LG-TS-0097,1362,1071,291,78.6,202.56
RR-TR-0098,LG-TR-0098,223,202,21,90.7,21.56
RR-UP-0099,LG-UP-0099,1259,1137,122,90.4,220.36
RR-UK-0100,LG-UK-0100,1997,1325,672,66.4,119.55
RR-WB-0101,LG-WB-0101,745,488,257,65.6,97.55
RR-AN-0102,LG-AN-0102,912,346,566,37.9,69.65
RR-CH-0103,LG-CH-0103,532,133,399,25.2,31.72
RR-DH-0104,LG-DH-0104,561,335,226,59.7,120.7
RR-DL-0105,LG-DL-0105,543,387,156,71.4,62.94
RR-JK-0106,LG-JK-0106,741,500,241,67.5,99.66
RR-LA-0107,LG-LA-0107,1489,275,1214,18.5,43.8
RR-LD-0108,LG-LD-0108,1393,905,488,65.0,132.49
RR-PY-0109,LG-PY-0109,67,64,3,96.1,12.14
RR-AP-0110,LG-AP-0110,693,409,284,59.1,124.55
RR-AR-0111,LG-AR-0111,1065,849,216,79.7,241.96
RR-AS-0112,LG-AS-0112,1117,687,430,61.6,76.4
RR-BR-0113,LG-BR-0113,984,974,10,99.1,161.13
RR-CG-0114,LG-CG-0114,1470,1144,326,77.9,141.85
RR-GA-0115,LG-GA-0115,565,429,136,76.1,48.88
RR-GJ-0116,LG-GJ-0116,987,402,585,40.8,69.9
RR-HR-0117,LG-HR-0117,688,257,431,37.4,108.05
RR-HP-0118,LG-HP-0118,451,371,80,82.4,46.04
RR-JH-0119,LG-JH-0119,1248,986,262,79.0,121.9
RR-KA-0120,LG-KA-0120,1980,735,1245,37.2,76.63
RR-KL-0121,LG-KL-0121,269,164,105,61.2,56.17
RR-MP-0122,LG-MP-0122,462,274,188,59.3,41.35
RR-MH-0123,LG-MH-0123,1879,1193,686,63.5,56.35
RR-MN-0124,LG-MN-0124,85,11,74,13.0,1.95
RR-ML-0125,LG-ML-0125,1736,1524,212,87.8,205.31
RR-MZ-0126,LG-MZ-0126,1876,1597,279,85.1,178.66
RR-NL-0127,LG-NL-0127,164,52,112,32.0,11.44
RR-OD-0128,LG-OD-0128,108,94,14,87.9,15.16
RR-PB-0129,LG-PB-0129,263,167,96,63.7,45.93
RR-RJ-0130,LG-RJ-0130,1733,1624,109,93.7,224.74
RR-SK-0131,LG-SK-0131,1672,1405,267,84.0,124.91
RR-TN-0132,LG-TN-0132,1701,1675,26,98.5,188.2
RR-TS-0133,LG-TS-0133,888,315,573,35.5,34.71
RR-TR-0134,LG-TR-0134,582,213,369,36.6,91.69
RR-UP-0135,LG-UP-0135,1560,1043,517,66.9,78.44
RR-UK-0136,LG-UK-0136,2537,2438,99,96.1,216.72
RR-WB-0137,LG-WB-0137,81,54,27,66.7,6.96
RR-AN-0138,LG-AN-0138,1630,1089,541,66.9,200.62
RR-CH-0139,LG-CH-0139,826,504,322,61.1,159.19
RR-DH-0140,LG-DH-0140,2724,1636,1088,60.1,88.02
RR-DL-0141,LG-DL-0141,1300,1220,80,93.9,204.47
RR-JK-0142,LG-JK-0142,2661,2250,411,84.6,304.31
RR-LA-0143,LG-LA-0143,516,461,55,89.5,205.91
RR-LD-0144,LG-LD-0144,130,34,96,26.4,5.83
RR-PY-0145,LG-PY-0145,1994,1738,256,87.2,339.86
RR-AP-0146,LG-AP-0146,844,191,653,22.7,32.27
RR-AR-0147,LG-AR-0147,1665,297,1368,17.8,55.52
RR-AS-0148,LG-AS-0148,1689,1267,422,75.0,74.83
RR-BR-0149,LG-BR-0149,465,361,104,77.8,114.24
RR-CG-0150,LG-CG-0150,323,202,121,62.8,17.81
RR-GA-0151,LG-GA-0151,2444,1179,1265,48.3,161.51
RR-GJ-0152,LG-GJ-0152,2754,2116,638,76.9,144.86
RR-HR-0153,LG-HR-0153,1542,741,801,48.1,153.88
RR-HP-0154,LG-HP-0154,656,338,318,51.6,62.89
RR-JH-0155,LG-JH-0155,2279,1841,438,80.8,100.86
RR-KA-0156,LG-KA-0156,1678,1181,497,70.4,110.49
RR-KL-0157,LG-KL-0157,202,35,167,17.7,7.42
RR-MP-0158,LG-MP-0158,2420,1712,708,70.8,214.34
RR-MH-0159,LG-MH-0159,1521,1142,379,75.1,162.16
RR-MN-0160,LG-MN-0160,215,45,170,21.2,13.54
RR-ML-0161,LG-ML-0161,935,526,409,56.3,36.86
RR-MZ-0162,LG-MZ-0162,253,192,61,76.2,18.63
RR-NL-0163,LG-NL-0163,534,222,312,41.6,24.62
RR-OD-0164,LG-OD-0164,474,347,127,73.3,96.34
RR-PB-0165,LG-PB-0165,562,73,489,13.1,11.99
RR-RJ-0166,LG-RJ-0166,1085,424,661,39.1,33.34
RR-SK-0167,LG-SK-0167,252,154,98,61.1,14.89
RR-TN-0168,LG-TN-0168,2073,844,1229,40.7,105.0
RR-TS-0169,LG-TS-0169,248,160,88,64.6,20.28
RR-TR-0170,LG-TR-0170,1196,815,381,68.2,42.1
RR-UP-0171,LG-UP-0171,391,159,232,40.7,34.48
RR-UK-0172,LG-UK-0172,1603,1492,111,93.1,151.0
RR-WB-0173,LG-WB-0173,111,90,21,81.7,7.71
RR-AN-0174,LG-AN-0174,1322,1076,246,81.4,130.07
RR-CH-0175,LG-CH-0175,2416,1422,994,58.9,98.96
RR-DH-0176,LG-DH-0176,2168,1212,956,55.9,142.29
RR-DL-0177,LG-DL-0177,1490,406,1084,27.3,53.94
RR-JK-0178,LG-JK-0178,1091,734,357,67.3,101.74
RR-LA-0179,LG-LA-0179,1510,800,710,53.0,110.68
RR-LD-0180,LG-LD-0180,751,687,64,91.5,63.97
RR-PY-0181,LG-PY-0181,1839,1578,261,85.8,170.49
RR-AP-0182,LG-AP-0182,2190,2089,101,95.4,140.47
RR-AR-0183,LG-AR-0183,607,380,227,62.7,74.11
RR-AS-0184,LG-AS-0184,466,461,5,98.9,116.03
RR-BR-0185,LG-BR-0185,433,284,149,65.7,26.92
RR-CG-0186,LG-CG-0186,33,26,7,81.8,5.19
RR-GA-0187,LG-GA-0187,459,249,210,54.3,24.62
RR-GJ-0188,LG-GJ-0188,586,198,388,33.8,36.26
RR-HR-0189,LG-HR-0189,1046,729,317,69.8,172.08
RR-HP-0190,LG-HP-0190,1022,850,172,83.2,130.17
RR-JH-0191,LG-JH-0191,1621,1180,441,72.8,122.1
RR-KA-0192,LG-KA-0192,1246,1113,133,89.4,106.98
RR-KL-0193,LG-KL-0193,1422,1071,351,75.3,152.78
RR-MP-0194,LG-MP-0194,1673,742,931,44.4,59.34
RR-MH-0195,LG-MH-0195,392,271,121,69.2,23.35
RR-MN-0196,LG-MN-0196,860,326,534,37.9,67.35
RR-ML-0197,LG-ML-0197,166,103,63,62.6,10.9
RR-MZ-0198,LG-MZ-0198,347,299,48,86.4,73.67
RR-NL-0199,LG-NL-0199,2035,941,1094,46.3,41.76
RR-OD-0200,LG-OD-0200,239,175,64,73.3,66.37
RR-PB-0201,LG-PB-0201,628,66,562,10.6,7.72
RR-RJ-0202,LG-RJ-0202,366,62,304,17.2,6.07
RR-SK-0203,LG-SK-0203,2933,2532,401,86.4,356.75
RR-TN-0204,LG-TN-0204,775,655,120,84.6,236.91
RR-TS-0205,LG-TS-0205,127,73,54,58.2,5.74
RR-TR-0206,LG-TR-0206,1498,1353,145,90.4,155.18
RR-UP-0207,LG-UP-0207,924,503,421,54.5,64.89
RR-UK-0208,LG-UK-0208,611,575,36,94.1,92.04
RR-WB-0209,LG-WB-0209,669,484,185,72.5,194.21
RR-AN-0210,LG-AN-0210,1216,1180,36,97.1,323.54
RR-CH-0211,LG-CH-0211,1177,498,679,42.3,114.73
RR-DH-0212,LG-DH-0212,1540,895,645,58.2,143.7
RR-DL-0213,LG-DL-0213,2408,2306,102,95.8,163.71
RR-JK-0214,LG-JK-0214,519,508,11,97.9,137.81
RR-LA-0215,LG-LA-0215,1339,758,581,56.6,237.28
RR-LD-0216,LG-LD-0216,327,283,44,86.8,46.07
RR-PY-0217,LG-PY-0217,275,135,140,49.4,63.3
RR-AP-0218,LG-AP-0218,342,310,32,90.8,29.85
RR-AR-0219,LG-AR-0219,906,748,158,82.6,175.63
RR-AS-0220,LG-AS-0220,939,722,217,76.9,113.87
RR-BR-0221,LG-BR-0221,1638,670,968,40.9,48.98
RR-CG-0222,LG-CG-0222,750,108,642,14.5,8.56
RR-GA-0223,LG-GA-0223,2269,927,1342,40.9,140.54
RR-GJ-0224,LG-GJ-0224,512,509,3,99.5,24.76
RR-HR-0225,LG-HR-0225,426,338,88,79.6,62.03
RR-HP-0226,LG-HP-0226,1355,722,633,53.3,113.03
RR-JH-0227,LG-JH-0227,281,266,15,94.8,110.59
RR-KA-0228,LG-KA-0228,2880,1423,1457,49.4,183.66
RR-KL-0229,LG-KL-0229,1122,1113,9,99.2,191.01
RR-MP-0230,LG-MP-0230,1894,1391,503,73.5,170.63
RR-MH-0231,LG-MH-0231,728,473,255,65.1,66.82
RR-MN-0232,LG-MN-0232,704,453,251,64.4,21.7
RR-ML-0233,LG-ML-0233,905,695,210,76.9,209.19
RR-MZ-0234,LG-MZ-0234,1583,1326,257,83.8,116.32
RR-NL-0235,LG-NL-0235,160,140,20,88.1,20.18
RR-OD-0236,LG-OD-0236,569,397,172,69.9,56.54
RR-PB-0237,LG-PB-0237,904,346,558,38.3,34.04
RR-RJ-0238,LG-RJ-0238,1771,1633,138,92.2,92.14
RR-SK-0239,LG-SK-0239,2570,2408,162,93.7,208.16
RR-TN-0240,LG-TN-0240,106,72,34,68.4,12.82
RR-TS-0241,LG-TS-0241,459,175,284,38.2,14.27
RR-TR-0242,LG-TR-0242,280,120,160,43.2,19.73
RR-UP-0243,LG-UP-0243,598,480,118,80.3,38.78
RR-UK-0244,LG-UK-0244,534,485,49,90.8,148.26
RR-WB-0245,LG-WB-0245,837,319,518,38.2,41.86
RR-AN-0246,LG-AN-0246,1628,932,696,57.3,81.45
RR-CH-0247,LG-CH-0247,900,696,204,77.4,34.4
RR-DH-0248,LG-DH-0248,1296,654,642,50.5,80.21
RR-DL-0249,LG-DL-0249,404,316,88,78.4,32.59
RR-JK-0250,LG-JK-0250,352,312,40,88.9,35.53
RR-LA-0251,LG-LA-0251,308,185,123,60.2,53.07
RR-LD-0252,LG-LD-0252,324,33,291,10.2,2.72
RR-PY-0253,LG-PY-0253,1217,831,386,68.3,126.48
RR-AP-0254,LG-AP-0254,2525,2088,437,82.7,280.06
RR-AR-0255,LG-AR-0255,1613,780,833,48.4,77.72
RR-AS-0256,LG-AS-0256,1205,764,441,63.4,39.27
RR-BR-0257,LG-BR-0257,70,42,28,61.3,3.92
RR-CG-0258,LG-CG-0258,332,313,19,94.3,30.38
RR-GA-0259,LG-GA-0259,2478,1174,1304,47.4,108.66
RR-GJ-0260,LG-GJ-0260,790,238,552,30.2,27.79
RR-HR-0261,LG-HR-0261,1796,842,954,46.9,108.28
RR-HP-0262,LG-HP-0262,1945,1462,483,75.2,60.92
RR-JH-0263,LG-JH-0263,2705,1888,817,69.8,174.31
RR-KA-0264,LG-KA-0264,964,883,81,91.7,119.2
RR-KL-0265,LG-KL-0265,818,534,284,65.3,127.5
RR-MP-0266,LG-MP-0266,975,858,117,88.0,146.73
RR-MH-0267,LG-MH-0267,1772,1301,471,73.4,218.1
RR-MN-0268,LG-MN-0268,620,344,276,55.6,54.68
RR-ML-0269,LG-ML-0269,544,197,347,36.4,34.75
RR-MZ-0270,LG-MZ-0270,1390,775,615,55.8,122.92
RR-NL-0271,LG-NL-0271,708,251,457,35.5,65.25
RR-OD-0272,LG-OD-0272,1120,1088,32,97.2,167.49
RR-PB-0273,LG-PB-0273,1968,1864,104,94.8,259.14
RR-RJ-0274,LG-RJ-0274,333,127,206,38.3,25.47
RR-SK-0275,LG-SK-0275,2683,2478,205,92.4,273.06
RR-TN-0276,LG-TN-0276,289,116,173,40.4,36.3
RR-TS-0277,LG-TS-0277,31,11,20,37.4,3.76
RR-TR-0278,LG-TR-0278,1946,504,1442,25.9,47.15
RR-UP-0279,LG-UP-0279,501,193,308,38.7,46.0
RR-UK-0280,LG-UK-0280,308,281,27,91.3,25.91
RR-WB-0281,LG-WB-0281,883,791,92,89.6,60.48
RR-AN-0282,LG-AN-0282,2211,861,1350,39.0,124.6
RR-CH-0283,LG-CH-0283,1909,1742,167,91.3,109.46
RR-DH-0284,LG-DH-0284,1184,834,350,70.5,97.58
RR-DL-0285,LG-DL-0285,608,557,51,91.7,181.77
RR-JK-0286,LG-JK-0286,414,195,219,47.2,40.51
RR-LA-0287,LG-LA-0287,497,439,58,88.4,49.18
RR-LD-0288,LG-LD-0288,340,160,180,47.2,40.25
RR-PY-0289,LG-PY-0289,289,244,45,84.6,28.63
RR-AP-0290,LG-AP-0290,2039,1022,1017,50.1,124.31
RR-AR-0291,LG-AR-0291,1224,953,271,77.9,111.5
RR-AS-0292,LG-AS-0292,1007,383,624,38.1,86.54
RR-BR-0293,LG-BR-0293,829,454,375,54.9,97.4
RR-CG-0294,LG-CG-0294,1707,376,1331,22.1,68.19
RR-GA-0295,LG-GA-0295,2232,2178,54,97.6,144.69
RR-GJ-0296,LG-GJ-0296,1198,1183,15,98.8,223.4
RR-HR-0297,LG-HR-0297,691,565,126,81.8,128.46
RR-HP-0298,LG-HP-0298,1244,919,325,73.9,147.43
RR-JH-0299,LG-JH-0299,1419,903,516,63.7,231.6
RR-KA-0300,LG-KA-0300,919,399,520,43.5,56.29
RR-KL-0301,LG-KL-0301,1421,520,901,36.6,89.16
RR-MP-0302,LG-MP-0302,322,162,160,50.4,10.8
RR-MH-0303,LG-MH-0303,533,63,470,12.0,6.96
RR-MN-0304,LG-MN-0304,222,52,170,23.6,10.27
RR-ML-0305,LG-ML-0305,1126,873,253,77.6,160.86
RR-MZ-0306,LG-MZ-0306,962,466,496,48.5,135.53
RR-NL-0307,LG-NL-0307,1352,575,777,42.6,35.23
RR-OD-0308,LG-OD-0308,221,188,33,85.2,52.1
RR-PB-0309,LG-PB-0309,1326,869,457,65.6,95.9
RR-RJ-0310,LG-RJ-0310,700,327,373,46.8,39.83
RR-SK-0311,LG-SK-0311,868,617,251,71.2,33.3
RR-TN-0312,LG-TN-0312,1493,1430,63,95.8,173.03
RR-TS-0313,LG-TS-0313,890,544,346,61.1,29.76
RR-TR-0314,LG-TR-0314,1730,1459,271,84.4,145.11
RR-UP-0315,LG-UP-0315,1075,654,421,60.9,25.94
RR-UK-0316,LG-UK-0316,986,981,5,99.5,162.03
RR-WB-0317,LG-WB-0317,1590,1542,48,97.0,148.48
RR-AN-0318,LG-AN-0318,609,390,219,64.1,94.03
RR-CH-0319,LG-CH-0319,206,124,82,60.5,31.72
RR-DH-0320,LG-DH-0320,317,300,17,94.8,75.67
RR-DL-0321,LG-DL-0321,1095,830,265,75.8,112.48
RR-JK-0322,LG-JK-0322,2139,1052,1087,49.2,96.71
RR-LA-0323,LG-LA-0323,109,93,16,85.7,10.57
RR-LD-0324,LG-LD-0324,996,498,498,50.1,115.45
RR-PY-0325,LG-PY-0325,396,179,217,45.4,68.34
RR-AP-0326,LG-AP-0326,606,79,527,13.2,35.83
RR-AR-0327,LG-AR-0327,2009,242,1767,12.0,9.38
RR-AS-0328,LG-AS-0328,237,210,27,88.8,12.95
RR-BR-0329,LG-BR-0329,1092,428,664,39.2,39.06
RR-CG-0330,LG-CG-0330,264,230,34,87.4,30.63
RR-GA-0331,LG-GA-0331,752,659,93,87.6,62.76
RR-GJ-0332,LG-GJ-0332,548,76,472,14.0,9.17
RR-HR-0333,LG-HR-0333,2040,1157,883,56.7,171.15
RR-HP-0334,LG-HP-0334,298,262,36,88.0,44.91
RR-JH-0335,LG-JH-0335,488,479,9,98.3,60.64
RR-KA-0336,LG-KA-0336,1022,533,489,52.2,80.23
RR-KL-0337,LG-KL-0337,538,378,160,70.4,28.54
RR-MP-0338,LG-MP-0338,1607,601,1006,37.4,35.68
RR-MH-0339,LG-MH-0339,707,254,453,36.1,73.29
RR-MN-0340,LG-MN-0340,1697,1275,422,75.1,86.46
RR-ML-0341,LG-ML-0341,1085,730,355,67.4,125.96
RR-MZ-0342,LG-MZ-0342,1014,190,824,18.8,14.74
RR-NL-0343,LG-NL-0343,968,954,14,98.6,76.48
RR-OD-0344,LG-OD-0344,2489,1895,594,76.2,201.65
RR-PB-0345,LG-PB-0345,157,63,94,40.6,14.08
RR-RJ-0346,LG-RJ-0346,961,765,196,79.6,112.14
RR-SK-0347,LG-SK-0347,797,493,304,61.9,77.28
RR-TN-0348,LG-TN-0348,1003,207,796,20.7,28.3
RR-TS-0349,LG-TS-0349,662,566,96,85.5,95.17
RR-TR-0350,LG-TR-0350,1188,809,379,68.1,54.17
RR-UP-0351,LG-UP-0351,44,26,18,59.5,1.7
RR-UK-0352,LG-UK-0352,291,176,115,60.7,38.86
RR-WB-0353,LG-WB-0353,733,132,601,18.1,49.74
RR-AN-0354,LG-AN-0354,98,75,23,77.4,21.17
RR-CH-0355,LG-CH-0355,1905,1324,581,69.5,149.84
RR-DH-0356,LG-DH-0356,696,248,448,35.7,31.66
RR-DL-0357,LG-DL-0357,1640,1116,524,68.1,227.34
RR-JK-0358,LG-JK-0358,246,188,58,76.6,30.23
RR-LA-0359,LG-LA-0359,2378,1990,388,83.7,76.39
RR-LD-0360,LG-LD-0360,766,634,132,82.8,159.84
RR-PY-0361,LG-PY-0361,2844,1511,1333,53.1,135.32
RR-AP-0362,LG-AP-0362,923,832,91,90.2,104.29
RR-AR-0363,LG-AR-0363,547,330,217,60.4,18.57
RR-AS-0364,LG-AS-0364,392,330,62,84.2,57.66
RR-BR-0365,LG-BR-0365,960,938,22,97.7,109.03
RR-CG-0366,LG-CG-0366,594,221,373,37.3,48.86
RR-GA-0367,LG-GA-0367,1871,1123,748,60.1,64.7
RR-GJ-0368,LG-GJ-0368,83,82,1,99.8,9.69
RR-HR-0369,LG-HR-0369,2127,1746,381,82.1,178.06
RR-HP-0370,LG-HP-0370,1093,780,313,71.4,48.97
RR-JH-0371,LG-JH-0371,228,142,86,62.6,27.61
RR-KA-0372,LG-KA-0372,378,310,68,82.1,94.46
RR-KL-0373,LG-KL-0373,1495,1463,32,97.9,207.82
RR-MP-0374,LG-MP-0374,2404,1320,1084,54.9,64.54
RR-MH-0375,LG-MH-0375,1005,476,529,47.4,75.95
RR-MN-0376,LG-MN-0376,1647,635,1012,38.6,26.3
RR-ML-0377,LG-ML-0377,894,717,177,80.2,38.51
RR-MZ-0378,LG-MZ-0378,114,103,11,91.1,35.72
RR-NL-0379,LG-NL-0379,778,397,381,51.0,112.53
RR-OD-0380,LG-OD-0380,493,392,101,79.5,155.63
RR-PB-0381,LG-PB-0381,2271,1628,643,71.7,165.96
RR-RJ-0382,LG-RJ-0382,1194,599,595,50.2,154.07
RR-SK-0383,LG-SK-0383,461,173,288,37.7,17.83
RR-TN-0384,LG-TN-0384,882,556,326,63.1,45.98
RR-TS-0385,LG-TS-0385,195,125,70,64.3,29.57
RR-TR-0386,LG-TR-0386,1465,745,720,50.9,123.97
RR-UP-0387,LG-UP-0387,1367,1069,298,78.3,315.27
RR-UK-0388,LG-UK-0388,1804,1351,453,74.9,205.04
RR-WB-0389,LG-WB-0389,1164,798,366,68.6,98.44
RR-AN-0390,LG-AN-0390,84,78,6,93.4,13.59
RR-CH-0391,LG-CH-0391,2361,1418,943,60.1,107.58
RR-DH-0392,LG-DH-0392,1020,260,760,25.5,66.0
RR-DL-0393,LG-DL-0393,89,53,36,60.5,24.26
RR-JK-0394,LG-JK-0394,911,351,560,38.5,80.04
RR-LA-0395,LG-LA-0395,1105,1018,87,92.1,259.8
RR-LD-0396,LG-LD-0396,1299,850,449,65.5,77.09
RR-PY-0397,LG-PY-0397,306,221,85,72.5,13.65
RR-AP-0398,LG-AP-0398,413,394,19,95.6,96.07
RR-AR-0399,LG-AR-0399,166,126,40,76.3,36.7
RR-AS-0400,LG-AS-0400,94,92,2,98.4,3.74
RR-BR-0401,LG-BR-0401,1013,563,450,55.6,87.43
RR-CG-0402,LG-CG-0402,871,374,497,43.0,125.04
RR-GA-0403,LG-GA-0403,272,166,106,61.2,14.75
RR-GJ-0404,LG-GJ-0404,367,156,211,42.7,39.3
RR-HR-0405,LG-HR-0405,794,491,303,62.0,42.65
RR-HP-0406,LG-HP-0406,1194,1122,72,94.0,101.08
RR-JH-0407,LG-JH-0407,211,182,29,86.6,25.4
RR-KA-0408,LG-KA-0408,1093,588,505,53.9,43.63
RR-KL-0409,LG-KL-0409,299,160,139,53.5,7.47
RR-MP-0410,LG-MP-0410,1400,1154,246,82.5,224.76
RR-MH-0411,LG-MH-0411,444,355,89,80.1,26.77
RR-MN-0412,LG-MN-0412,250,179,71,71.9,40.36
RR-ML-0413,LG-ML-0413,2066,467,1599,22.6,49.41
RR-MZ-0414,LG-MZ-0414,1241,618,623,49.9,38.67
RR-NL-0415,LG-NL-0415,456,218,238,48.0,15.44
RR-OD-0416,LG-OD-0416,1843,864,979,46.9,127.26
RR-PB-0417,LG-PB-0417,443,343,100,77.6,141.34
RR-RJ-0418,LG-RJ-0418,1336,629,707,47.1,121.67
RR-SK-0419,LG-SK-0419,170,29,141,17.1,1.45
RR-TN-0420,LG-TN-0420,1362,878,484,64.5,135.74
RR-TS-0421,LG-TS-0421,482,243,239,50.5,32.22
RR-TR-0422,LG-TR-0422,138,84,54,61.5,16.34
RR-UP-0423,LG-UP-0423,786,244,542,31.1,103.99
RR-UK-0424,LG-UK-0424,636,179,457,28.2,37.38
RR-WB-0425,LG-WB-0425,2662,2527,135,94.9,141.18
RR-AN-0426,LG-AN-0426,1680,795,885,47.4,41.57
RR-CH-0427,LG-CH-0427,602,160,442,26.6,25.26
RR-DH-0428,LG-DH-0428,780,308,472,39.6,100.61
RR-DL-0429,LG-DL-0429,1571,1075,496,68.5,182.34
RR-JK-0430,LG-JK-0430,574,282,292,49.2,38.34
RR-LA-0431,LG-LA-0431,221,138,83,62.5,14.81
RR-LD-0432,LG-LD-0432,94,84,10,90.2,9.12
RR-PY-0433,LG-PY-0433,2701,2653,48,98.2,400.7
RR-AP-0434,LG-AP-0434,2779,2004,775,72.1,200.59
RR-AR-0435,LG-AR-0435,1224,844,380,69.0,114.96
RR-AS-0436,LG-AS-0436,1592,1510,82,94.9,240.26
RR-BR-0437,LG-BR-0437,829,654,175,79.0,45.87
RR-CG-0438,LG-CG-0438,951,627,324,65.9,90.48
RR-GA-0439,LG-GA-0439,1245,1229,16,98.8,113.07
RR-GJ-0440,LG-GJ-0440,69,36,33,52.9,2.36
RR-HR-0441,LG-HR-0441,261,152,109,58.3,35.25
RR-HP-0442,LG-HP-0442,355,215,140,60.8,75.96
RR-JH-0443,LG-JH-0443,781,186,595,23.9,56.22
RR-KA-0444,LG-KA-0444,843,563,280,66.8,91.08
RR-KL-0445,LG-KL-0445,758,333,425,44.1,152.28
RR-MP-0446,LG-MP-0446,1470,1248,222,84.9,236.98
RR-MH-0447,LG-MH-0447,90,79,11,88.5,4.61
RR-MN-0448,LG-MN-0448,696,190,506,27.3,18.7
RR-ML-0449,LG-ML-0449,1606,1044,562,65.0,83.34
RR-MZ-0450,LG-MZ-0450,1229,127,1102,10.4,26.29
RR-NL-0451,LG-NL-0451,583,366,217,62.8,51.51
RR-OD-0452,LG-OD-0452,1435,1282,153,89.4,144.79
RR-PB-0453,LG-PB-0453,1047,874,173,83.6,149.25
RR-RJ-0454,LG-RJ-0454,292,204,88,70.0,14.18
RR-SK-0455,LG-SK-0455,1695,1306,389,77.1,238.11
RR-TN-0456,LG-TN-0456,36,8,28,24.4,1.4
RR-TS-0457,LG-TS-0457,813,754,59,92.7,119.86
RR-TR-0458,LG-TR-0458,1507,1285,222,85.3,171.79
RR-UP-0459,LG-UP-0459,1030,662,368,64.4,48.3
RR-UK-0460,LG-UK-0460,1119,489,630,43.7,31.13
RR-WB-0461,LG-WB-0461,1040,815,225,78.4,97.77
RR-AN-0462,LG-AN-0462,319,243,76,76.2,54.14
RR-CH-0463,LG-CH-0463,1077,851,226,79.0,80.42
RR-DH-0464,LG-DH-0464,374,163,211,43.6,34.67
RR-DL-0465,LG-DL-0465,2335,1880,455,80.5,176.37
RR-JK-0466,LG-JK-0466,676,427,249,63.3,68.87
RR-LA-0467,LG-LA-0467,69,52,17,75.6,5.75
RR-LD-0468,LG-LD-0468,1118,1093,25,97.8,126.59
RR-PY-0469,LG-PY-0469,308,301,7,97.9,66.6
RR-AP-0470,LG-AP-0470,1165,893,272,76.7,124.96
RR-AR-0471,LG-AR-0471,658,612,46,93.1,110.45
RR-AS-0472,LG-AS-0472,956,613,343,64.2,170.62
RR-BR-0473,LG-BR-0473,446,423,23,95.0,31.98
RR-CG-0474,LG-CG-0474,667,442,225,66.4,139.39
RR-GA-0475,LG-GA-0475,60,43,17,72.7,5.44
RR-GJ-0476,LG-GJ-0476,949,349,600,36.8,124.21
RR-HR-0477,LG-HR-0477,1378,812,566,58.9,30.92
RR-HP-0478,LG-HP-0478,452,248,204,54.9,45.55
RR-JH-0479,LG-JH-0479,1204,1037,167,86.1,74.51
RR-KA-0480,LG-KA-0480,523,460,63,88.1,114.78
RR-KL-0481,LG-KL-0481,793,759,34,95.8,57.7
RR-MP-0482,LG-MP-0482,833,614,219,73.8,59.42
RR-MH-0483,LG-MH-0483,100,63,37,63.9,15.08
RR-MN-0484,LG-MN-0484,1300,913,387,70.3,182.52
RR-ML-0485,LG-ML-0485,582,437,145,75.3,124.54
RR-MZ-0486,LG-MZ-0486,681,397,284,58.4,155.47
RR-NL-0487,LG-NL-0487,1498,836,662,55.8,232.13
RR-OD-0488,LG-OD-0488,2744,2225,519,81.1,179.09
RR-PB-0489,LG-PB-0489,1820,1343,477,73.8,187.32
RR-RJ-0490,LG-RJ-0490,1742,772,970,44.3,85.89
RR-SK-0491,LG-SK-0491,2130,389,1741,18.3,60.44
RR-TN-0492,LG-TN-0492,445,314,131,70.6,43.83
RR-TS-0493,LG-TS-0493,1420,859,561,60.5,102.79
RR-TR-0494,LG-TR-0494,1833,1831,2,99.9,265.8
RR-UP-0495,LG-UP-0495,938,276,662,29.5,58.11
RR-UK-0496,LG-UK-0496,1728,1360,368,78.7,204.68
RR-WB-0497,LG-WB-0497,1178,982,196,83.4,73.27
RR-AN-0498,LG-AN-0498,587,440,147,75.0,34.93
RR-CH-0499,LG-CH-0499,1006,537,469,53.4,50.32
RR-DH-0500,LG-DH-0500,1067,665,402,62.4,113.03
RR-DL-0501,LG-DL-0501,353,304,49,86.1,49.77
RR-JK-0502,LG-JK-0502,520,350,170,67.5,52.64
RR-LA-0503,LG-LA-0503,1615,1490,125,92.3,344.36
RR-LD-0504,LG-LD-0504,761,293,468,38.6,62.41
RR-PY-0505,LG-PY-0505,262,187,75,71.7,13.73
RR-AP-0506,LG-AP-0506,74,45,29,61.7,17.89
RR-AR-0507,LG-AR-0507,60,56,4,93.5,18.13
RR-AS-0508,LG-AS-0508,545,528,17,97.0,70.87
RR-BR-0509,LG-BR-0509,559,244,315,43.8,20.58
RR-CG-0510,LG-CG-0510,654,243,411,37.3,38.73
RR-GA-0511,LG-GA-0511,1406,1075,331,76.5,226.89
RR-GJ-0512,LG-GJ-0512,2586,568,2018,22.0,52.67
RR-HR-0513,LG-HR-0513,1009,713,296,70.7,293.49
RR-HP-0514,LG-HP-0514,249,109,140,43.9,9.19
RR-JH-0515,LG-JH-0515,631,452,179,71.7,42.23
RR-KA-0516,LG-KA-0516,308,203,105,66.2,29.87
RR-KL-0517,LG-KL-0517,84,72,12,86.5,4.15
RR-MP-0518,LG-MP-0518,1605,1584,21,98.7,228.2
RR-MH-0519,LG-MH-0519,230,153,77,66.8,29.88
RR-MN-0520,LG-MN-0520,986,679,307,69.0,135.92
RR-ML-0521,LG-ML-0521,1800,771,1029,42.8,37.89
RR-MZ-0522,LG-MZ-0522,336,215,121,64.1,25.47
RR-NL-0523,LG-NL-0523,1612,1238,374,76.9,107.96
RR-OD-0524,LG-OD-0524,166,103,63,62.2,18.52
RR-PB-0525,LG-PB-0525,235,127,108,54.2,13.66
RR-RJ-0526,LG-RJ-0526,647,316,331,48.9,53.81
RR-SK-0527,LG-SK-0527,527,479,48,90.9,75.17
RR-TN-0528,LG-TN-0528,2140,1283,857,60.0,237.16
RR-TS-0529,LG-TS-0529,1302,561,741,43.2,88.11
RR-TR-0530,LG-TR-0530,801,488,313,61.0,54.3
RR-UP-0531,LG-UP-0531,1325,1143,182,86.3,84.44
RR-UK-0532,LG-UK-0532,1448,966,482,66.8,263.69
RR-WB-0533,LG-WB-0533,724,569,155,78.6,187.18
RR-AN-0534,LG-AN-0534,2512,889,1623,35.4,149.23
RR-CH-0535,LG-CH-0535,948,708,240,74.7,112.89
RR-DH-0536,LG-DH-0536,228,224,4,98.3,24.29
RR-DL-0537,LG-DL-0537,22,20,2,92.6,10.73
RR-JK-0538,LG-JK-0538,64,34,30,53.3,10.24
RR-LA-0539,LG-LA-0539,543,247,296,45.7,16.51
RR-LD-0540,LG-LD-0540,1886,1346,540,71.4,208.8
RR-PY-0541,LG-PY-0541,850,499,351,58.7,107.76
RR-AP-0542,LG-AP-0542,251,222,29,88.7,34.39
RR-AR-0543,LG-AR-0543,333,140,193,42.0,27.63
RR-AS-0544,LG-AS-0544,1781,878,903,49.3,61.55
RR-BR-0545,LG-BR-0545,964,648,316,67.3,152.07
RR-CG-0546,LG-CG-0546,2007,1113,894,55.5,184.77
RR-GA-0547,LG-GA-0547,1478,870,608,58.9,68.19
RR-GJ-0548,LG-GJ-0548,827,688,139,83.3,76.64
RR-HR-0549,LG-HR-0549,1389,723,666,52.1,62.03
RR-HP-0550,LG-HP-0550,96,87,9,91.7,11.62
RR-JH-0551,LG-JH-0551,1073,740,333,69.0,65.55
RR-KA-0552,LG-KA-0552,2302,1523,779,66.2,69.64
RR-KL-0553,LG-KL-0553,95,25,70,27.0,2.87
RR-MP-0554,LG-MP-0554,282,42,240,15.2,10.46
RR-MH-0555,LG-MH-0555,655,532,123,81.3,81.87
RR-MN-0556,LG-MN-0556,845,568,277,67.3,260.81
RR-ML-0557,LG-ML-0557,2436,1892,544,77.7,249.97
RR-MZ-0558,LG-MZ-0558,1743,836,907,48.0,150.58
RR-NL-0559,LG-NL-0559,361,281,80,77.9,64.62
RR-OD-0560,LG-OD-0560,50,46,4,93.2,12.69
RR-PB-0561,LG-PB-0561,1832,1044,788,57.0,103.84
RR-RJ-0562,LG-RJ-0562,591,365,226,61.9,62.73
RR-SK-0563,LG-SK-0563,336,234,102,69.6,15.05
RR-TN-0564,LG-TN-0564,189,137,52,72.7,40.07
RR-TS-0565,LG-TS-0565,154,45,109,29.7,13.34
RR-TR-0566,LG-TR-0566,720,174,546,24.2,26.2
RR-UP-0567,LG-UP-0567,1554,945,609,60.9,58.38
RR-UK-0568,LG-UK-0568,493,332,161,67.4,21.67
RR-WB-0569,LG-WB-0569,807,741,66,91.9,90.07
RR-AN-0570,LG-AN-0570,1367,1244,123,91.1,169.3
RR-CH-0571,LG-CH-0571,479,461,18,96.3,73.23
RR-DH-0572,LG-DH-0572,119,72,47,60.8,12.8
RR-DL-0573,LG-DL-0573,385,289,96,75.2,68.23
RR-JK-0574,LG-JK-0574,434,397,37,91.6,73.17
RR-LA-0575,LG-LA-0575,749,505,244,67.5,98.73
RR-LD-0576,LG-LD-0576,1397,1092,305,78.2,65.99
RR-PY-0577,LG-PY-0577,1538,1062,476,69.1,88.19
RR-AP-0578,LG-AP-0578,546,385,161,70.7,33.49
RR-AR-0579,LG-AR-0579,456,179,277,39.4,61.65
RR-AS-0580,LG-AS-0580,2765,2104,661,76.1,223.01
RR-BR-0581,LG-BR-0581,977,403,574,41.3,72.38
RR-CG-0582,LG-CG-0582,770,516,254,67.0,78.57
RR-GA-0583,LG-GA-0583,739,399,340,54.1,39.5
RR-GJ-0584,LG-GJ-0584,179,62,117,34.8,4.42
RR-HR-0585,LG-HR-0585,297,85,212,28.9,8.24
RR-HP-0586,LG-HP-0586,146,130,16,89.3,11.73
RR-JH-0587,LG-JH-0587,814,200,614,24.6,56.09
RR-KA-0588,LG-KA-0588,835,666,169,79.8,238.46
RR-KL-0589,LG-KL-0589,1616,1315,301,81.4,79.71
RR-MP-0590,LG-MP-0590,1803,931,872,51.7,98.4
RR-MH-0591,LG-MH-0591,1424,573,851,40.2,68.96
RR-MN-0592,LG-MN-0592,1093,432,661,39.6,55.1
RR-ML-0593,LG-ML-0593,1227,787,440,64.2,146.07
RR-MZ-0594,LG-MZ-0594,95,38,57,40.8,8.09
RR-NL-0595,LG-NL-0595,702,385,317,54.9,83.22
RR-OD-0596,LG-OD-0596,665,118,547,17.7,12.48
RR-PB-0597,LG-PB-0597,2669,1444,1225,54.1,53.81
RR-RJ-0598,LG-RJ-0598,2045,1854,191,90.7,283.14
RR-SK-0599,LG-SK-0599,1892,372,1520,19.7,66.58
RR-TN-0600,LG-TN-0600,814,507,307,62.4,162.25
RR-TS-0601,LG-TS-0601,2456,1486,970,60.5,191.81
RR-TR-0602,LG-TR-0602,1204,683,521,56.8,38.69
RR-UP-0603,LG-UP-0603,1970,1214,756,61.6,152.82
RR-UK-0604,LG-UK-0604,646,373,273,57.8,89.16
RR-WB-0605,LG-WB-0605,1681,235,1446,14.0,21.05
RR-AN-0606,LG-AN-0606,567,474,93,83.8,93.48
RR-CH-0607,LG-CH-0607,645,524,121,81.3,85.47
RR-DH-0608,LG-DH-0608,1053,863,190,82.0,153.05
RR-DL-0609,LG-DL-0609,1872,742,1130,39.7,106.72
RR-JK-0610,LG-JK-0610,574,454,120,79.2,44.08
RR-LA-0611,LG-LA-0611,291,180,111,61.9,16.43
RR-LD-0612,LG-LD-0612,1015,798,217,78.7,136.68
RR-PY-0613,LG-PY-0613,992,667,325,67.3,67.5
RR-AP-0614,LG-AP-0614,113,54,59,48.3,11.95
RR-AR-0615,LG-AR-0615,1740,1696,44,97.5,228.75
RR-AS-0616,LG-AS-0616,1035,383,652,37.1,27.92
RR-BR-0617,LG-BR-0617,1137,406,731,35.7,64.75
RR-CG-0618,LG-CG-0618,1927,1446,481,75.1,203.65
RR-GA-0619,LG-GA-0619,906,398,508,44.0,24.26
RR-GJ-0620,LG-GJ-0620,367,265,102,72.4,81.16
RR-HR-0621,LG-HR-0621,843,431,412,51.2,51.82
RR-HP-0622,LG-HP-0622,248,146,102,59.0,65.35
RR-JH-0623,LG-JH-0623,1881,1536,345,81.7,183.58
RR-KA-0624,LG-KA-0624,1013,415,598,41.0,53.8
RR-KL-0625,LG-KL-0625,1271,1177,94,92.6,263.35
RR-MP-0626,LG-MP-0626,956,474,482,49.7,191.87
RR-MH-0627,LG-MH-0627,2684,1777,907,66.2,253.19
RR-MN-0628,LG-MN-0628,444,362,82,81.5,46.51
RR-ML-0629,LG-ML-0629,1606,1586,20,98.8,324.84
RR-MZ-0630,LG-MZ-0630,303,144,159,47.7,28.67
RR-NL-0631,LG-NL-0631,635,601,34,94.7,130.25
RR-OD-0632,LG-OD-0632,2043,699,1344,34.2,67.19
RR-PB-0633,LG-PB-0633,1307,748,559,57.3,107.25
RR-RJ-0634,LG-RJ-0634,376,264,112,70.4,29.17
RR-SK-0635,LG-SK-0635,2729,1416,1313,51.9,125.67
RR-TN-0636,LG-TN-0636,1180,586,594,49.7,165.96
RR-TS-0637,LG-TS-0637,71,68,3,96.5,28.07
RR-TR-0638,LG-TR-0638,482,350,132,72.8,50.71
RR-UP-0639,LG-UP-0639,921,483,438,52.5,41.58
RR-UK-0640,LG-UK-0640,1054,775,279,73.6,111.56
RR-WB-0641,LG-WB-0641,214,173,41,81.0,37.9
RR-AN-0642,LG-AN-0642,801,621,180,77.6,129.06
RR-CH-0643,LG-CH-0643,2059,735,1324,35.7,102.9
RR-DH-0644,LG-DH-0644,1612,1025,587,63.6,151.03
RR-DL-0645,LG-DL-0645,1421,1011,410,71.2,83.36
RR-JK-0646,LG-JK-0646,1318,466,852,35.4,71.47
RR-LA-0647,LG-LA-0647,310,243,67,78.7,24.51
RR-LD-0648,LG-LD-0648,793,583,210,73.6,110.93
RR-PY-0649,LG-PY-0649,766,703,63,91.9,99.5
RR-AP-0650,LG-AP-0650,395,309,86,78.3,91.2
RR-AR-0651,LG-AR-0651,308,235,73,76.5,80.37
RR-AS-0652,LG-AS-0652,752,617,135,82.1,152.76
RR-BR-0653,LG-BR-0653,1545,809,736,52.4,155.04
RR-CG-0654,LG-CG-0654,2547,2249,298,88.3,321.62
RR-GA-0655,LG-GA-0655,1254,1245,9,99.4,287.91
RR-GJ-0656,LG-GJ-0656,1002,359,643,35.8,136.87
RR-HR-0657,LG-HR-0657,1004,1000,4,99.7,192.83
RR-HP-0658,LG-HP-0658,304,207,97,68.3,31.2
RR-JH-0659,LG-JH-0659,634,548,86,86.5,119.03
RR-KA-0660,LG-KA-0660,341,134,207,39.5,18.95
RR-KL-0661,LG-KL-0661,283,128,155,45.4,38.56
RR-MP-0662,LG-MP-0662,345,298,47,86.6,66.58
RR-MH-0663,LG-MH-0663,428,153,275,35.9,7.96
RR-MN-0664,LG-MN-0664,438,406,32,92.9,22.51
RR-ML-0665,LG-ML-0665,1720,975,745,56.7,183.35
RR-MZ-0666,LG-MZ-0666,73,8,65,11.6,1.33
RR-NL-0667,LG-NL-0667,1893,842,1051,44.5,123.38
RR-OD-0668,LG-OD-0668,674,237,437,35.2,22.93
RR-PB-0669,LG-PB-0669,987,324,663,32.9,37.96
RR-RJ-0670,LG-RJ-0670,458,207,251,45.3,33.71
RR-SK-0671,LG-SK-0671,1742,1199,543,68.9,114.91
RR-TN-0672,LG-TN-0672,256,233,23,91.1,43.15
RR-TS-0673,LG-TS-0673,1624,1379,245,84.9,110.06
RR-TR-0674,LG-TR-0674,64,41,23,64.1,9.27
RR-UP-0675,LG-UP-0675,1398,402,996,28.8,40.05
RR-UK-0676,LG-UK-0676,1661,1433,228,86.3,241.04
RR-WB-0677,LG-WB-0677,823,332,491,40.4,45.95
RR-AN-0678,LG-AN-0678,1746,704,1042,40.4,136.69
RR-CH-0679,LG-CH-0679,2369,1848,521,78.0,285.02
RR-DH-0680,LG-DH-0680,337,231,106,68.8,55.17
RR-DL-0681,LG-DL-0681,519,268,251,51.8,52.82
RR-JK-0682,LG-JK-0682,222,147,75,66.7,24.85
RR-LA-0683,LG-LA-0683,1607,1015,592,63.2,161.45
RR-LD-0684,LG-LD-0684,206,135,71,66.0,44.35
RR-PY-0685,LG-PY-0685,1049,1030,19,98.2,64.78
RR-AP-0686,LG-AP-0686,96,51,45,53.8,3.11
RR-AR-0687,LG-AR-0687,1812,1339,473,73.9,194.1
RR-AS-0688,LG-AS-0688,1476,303,1173,20.5,15.29
RR-BR-0689,LG-BR-0689,699,672,27,96.1,59.91
RR-CG-0690,LG-CG-0690,437,309,128,70.8,67.68
RR-GA-0691,LG-GA-0691,2104,1779,325,84.6,160.75
RR-GJ-0692,LG-GJ-0692,1271,786,485,61.8,154.91
RR-HR-0693,LG-HR-0693,196,27,169,14.0,11.85
RR-HP-0694,LG-HP-0694,610,485,125,79.7,98.0
RR-JH-0695,LG-JH-0695,597,348,249,58.4,40.51
RR-KA-0696,LG-KA-0696,135,74,61,55.0,6.28
RR-KL-0697,LG-KL-0697,799,293,506,36.7,92.19
RR-MP-0698,LG-MP-0698,1144,1094,50,95.7,117.86
RR-MH-0699,LG-MH-0699,1638,770,868,47.0,113.18
RR-MN-0700,LG-MN-0700,200,159,41,79.5,43.84
RR-ML-0701,LG-ML-0701,138,120,18,87.6,23.17
RR-MZ-0702,LG-MZ-0702,1175,769,406,65.5,248.92
RR-NL-0703,LG-NL-0703,695,477,218,68.7,122.43
RR-OD-0704,LG-OD-0704,37,20,17,54.3,2.75
RR-PB-0705,LG-PB-0705,1443,996,447,69.1,88.01
RR-RJ-0706,LG-RJ-0706,101,25,76,25.3,0.89
RR-SK-0707,LG-SK-0707,259,237,22,91.8,14.8
RR-TN-0708,LG-TN-0708,832,486,346,58.5,74.88
RR-TS-0709,LG-TS-0709,1957,1637,320,83.7,307.35
RR-TR-0710,LG-TR-0710,119,115,4,96.9,25.27
RR-UP-0711,LG-UP-0711,870,674,196,77.5,163.69
RR-UK-0712,LG-UK-0712,831,458,373,55.1,46.22
RR-WB-0713,LG-WB-0713,678,660,18,97.4,170.07
RR-AN-0714,LG-AN-0714,1755,1374,381,78.3,311.42
RR-CH-0715,LG-CH-0715,257,49,208,19.3,12.86
RR-DH-0716,LG-DH-0716,483,280,203,58.0,65.47
RR-DL-0717,LG-DL-0717,772,612,160,79.3,167.17
RR-JK-0718,LG-JK-0718,1520,914,606,60.2,211.3
RR-LA-0719,LG-LA-0719,1199,930,269,77.6,48.79
RR-LD-0720,LG-LD-0720,1071,866,205,80.9,215.16
RR-PY-0721,LG-PY-0721,65,45,20,69.9,9.98
RR-AP-0722,LG-AP-0722,292,196,96,67.1,20.79
RR-AR-0723,LG-AR-0723,1350,833,517,61.8,226.28
RR-AS-0724,LG-AS-0724,735,404,331,55.0,53.88
RR-BR-0725,LG-BR-0725,1671,1246,425,74.6,133.88
RR-CG-0726,LG-CG-0726,1209,447,762,37.0,70.47
RR-GA-0727,LG-GA-0727,1177,1095,82,93.1,90.04
RR-GJ-0728,LG-GJ-0728,1344,764,580,56.9,83.77
RR-HR-0729,LG-HR-0729,1505,1134,371,75.4,135.0
RR-HP-0730,LG-HP-0730,344,280,64,81.6,42.95
RR-JH-0731,LG-JH-0731,2600,2111,489,81.2,138.76
RR-KA-0732,LG-KA-0732,877,856,21,97.6,171.05
RR-KL-0733,LG-KL-0733,1009,431,578,42.8,97.76
RR-MP-0734,LG-MP-0734,2005,247,1758,12.3,19.73
RR-MH-0735,LG-MH-0735,609,434,175,71.3,98.65
RR-MN-0736,LG-MN-0736,2648,2423,225,91.5,172.51
RR-ML-0737,LG-ML-0737,203,112,91,55.4,12.92
RR-MZ-0738,LG-MZ-0738,1246,1108,138,88.9,201.69
RR-NL-0739,LG-NL-0739,126,121,5,96.4,10.12
RR-OD-0740,LG-OD-0740,2006,1813,193,90.4,126.84
RR-PB-0741,LG-PB-0741,921,551,370,59.8,76.76
RR-RJ-0742,LG-RJ-0742,1201,628,573,52.3,175.82
RR-SK-0743,LG-SK-0743,303,212,91,70.2,45.9
RR-TN-0744,LG-TN-0744,1795,1013,782,56.5,214.71
RR-TS-0745,LG-TS-0745,1571,470,1101,30.0,83.94
RR-TR-0746,LG-TR-0746,712,390,322,54.8,36.92
RR-UP-0747,LG-UP-0747,890,602,288,67.7,143.39
RR-UK-0748,LG-UK-0748,183,160,23,87.5,17.09
RR-WB-0749,LG-WB-0749,2197,2170,27,98.8,378.95
RR-AN-0750,LG-AN-0750,158,140,18,89.2,14.73
RR-CH-0751,LG-CH-0751,127,19,108,15.5,4.34
RR-DH-0752,LG-DH-0752,1152,783,369,68.0,80.72
RR-DL-0753,LG-DL-0753,378,46,332,12.4,5.37
RR-JK-0754,LG-JK-0754,379,296,83,78.3,76.37
RR-LA-0755,LG-LA-0755,426,326,100,76.7,99.17
RR-LD-0756,LG-LD-0756,500,178,322,35.7,12.3
RR-PY-0757,LG-PY-0757,943,532,411,56.5,31.72
RR-AP-0758,LG-AP-0758,2444,1559,885,63.8,208.2
RR-AR-0759,LG-AR-0759,509,491,18,96.6,163.92
RR-AS-0760,LG-AS-0760,706,523,183,74.2,56.22
RR-BR-0761,LG-BR-0761,111,109,2,98.9,16.61
RR-CG-0762,LG-CG-0762,416,350,66,84.3,67.28
RR-GA-0763,LG-GA-0763,723,458,265,63.5,87.71
RR-GJ-0764,LG-GJ-0764,204,195,9,95.9,59.36
RR-HR-0765,LG-HR-0765,1392,1356,36,97.4,307.5
RR-HP-0766,LG-HP-0766,976,322,654,33.1,24.46
RR-JH-0767,LG-JH-0767,1862,1712,150,92.0,157.56
RR-KA-0768,LG-KA-0768,530,496,34,93.7,26.61
RR-KL-0769,LG-KL-0769,1264,763,501,60.4,73.91
RR-MP-0770,LG-MP-0770,978,844,134,86.4,150.1
RR-MH-0771,LG-MH-0771,233,219,14,94.0,65.01
RR-MN-0772,LG-MN-0772,407,209,198,51.4,70.61
RR-ML-0773,LG-ML-0773,544,543,1,99.8,152.9
RR-MZ-0774,LG-MZ-0774,918,693,225,75.5,246.7
RR-NL-0775,LG-NL-0775,936,801,135,85.6,73.59
RR-OD-0776,LG-OD-0776,1255,1176,79,93.8,215.02
RR-PB-0777,LG-PB-0777,392,219,173,56.1,53.14
RR-RJ-0778,LG-RJ-0778,2527,1453,1074,57.5,192.05
RR-SK-0779,LG-SK-0779,1146,679,467,59.3,211.8
RR-TN-0780,LG-TN-0780,72,64,8,88.9,3.12
RR-TS-0781,LG-TS-0781,1130,486,644,43.1,115.06
RR-TR-0782,LG-TR-0782,1244,889,355,71.5,130.98
RR-UP-0783,LG-UP-0783,2060,1732,328,84.1,93.64
RR-UK-0784,LG-UK-0784,1304,926,378,71.1,238.44
RR-WB-0785,LG-WB-0785,1108,963,145,87.0,77.12
RR-AN-0786,LG-AN-0786,329,58,271,17.8,4.7
RR-CH-0787,LG-CH-0787,318,262,56,82.6,43.2
RR-DH-0788,LG-DH-0788,818,478,340,58.5,100.06
RR-DL-0789,LG-DL-0789,1024,883,141,86.3,180.45
RR-JK-0790,LG-JK-0790,907,815,92,89.9,151.29
RR-LA-0791,LG-LA-0791,421,329,92,78.3,17.11
RR-LD-0792,LG-LD-0792,846,444,402,52.6,63.53
RR-PY-0793,LG-PY-0793,915,534,381,58.4,38.79
RR-AP-0794,LG-AP-0794,1005,555,450,55.3,127.33
RR-AR-0795,LG-AR-0795,1947,1657,290,85.1,329.99
RR-AS-0796,LG-AS-0796,191,139,52,73.3,67.93
RR-BR-0797,LG-BR-0797,904,694,210,76.9,130.54
RR-CG-0798,LG-CG-0798,1340,635,705,47.4,62.45
RR-GA-0799,LG-GA-0799,1244,421,823,33.8,75.76
RR-GJ-0800,LG-GJ-0800,1314,564,750,43.0,114.26
RR-HR-0801,LG-HR-0801,409,315,94,77.1,21.31
RR-HP-0802,LG-HP-0802,543,364,179,67.1,36.91
RR-JH-0803,LG-JH-0803,1061,978,83,92.3,123.74
RR-KA-0804,LG-KA-0804,69,55,14,80.7,5.48
RR-KL-0805,LG-KL-0805,2846,2553,293,89.7,285.34
RR-MP-0806,LG-MP-0806,1193,469,724,39.3,61.37
RR-MH-0807,LG-MH-0807,283,37,246,13.2,8.06
RR-MN-0808,LG-MN-0808,319,315,4,98.8,23.82
RR-ML-0809,LG-ML-0809,750,404,346,53.9,143.55
RR-MZ-0810,LG-MZ-0810,1482,791,691,53.4,141.77
RR-NL-0811,LG-NL-0811,1931,1361,570,70.5,93.22
RR-OD-0812,LG-OD-0812,1030,716,314,69.5,34.65
RR-PB-0813,LG-PB-0813,180,69,111,38.6,27.18
RR-RJ-0814,LG-RJ-0814,1485,653,832,44.0,87.51
RR-SK-0815,LG-SK-0815,830,550,280,66.3,55.03
RR-TN-0816,LG-TN-0816,108,36,72,34.2,13.03
RR-TS-0817,LG-TS-0817,368,281,87,76.4,18.12
RR-TR-0818,LG-TR-0818,1473,1456,17,98.9,101.46
RR-UP-0819,LG-UP-0819,1195,731,464,61.2,202.6
RR-UK-0820,LG-UK-0820,141,103,38,73.7,11.04
RR-WB-0821,LG-WB-0821,1624,1209,415,74.5,80.25
RR-AN-0822,LG-AN-0822,1144,693,451,60.6,227.76
RR-CH-0823,LG-CH-0823,2096,967,1129,46.2,138.04
RR-DH-0824,LG-DH-0824,1208,970,238,80.3,164.33
RR-DL-0825,LG-DL-0825,2326,1962,364,84.4,70.74
RR-JK-0826,LG-JK-0826,1019,613,406,60.2,244.32
RR-LA-0827,LG-LA-0827,1155,806,349,69.8,35.8
RR-LD-0828,LG-LD-0828,1207,476,731,39.5,61.96
RR-PY-0829,LG-PY-0829,311,201,110,64.7,33.12
RR-AP-0830,LG-AP-0830,239,89,150,37.5,7.16
RR-AR-0831,LG-AR-0831,1726,1378,348,79.9,213.8
RR-AS-0832,LG-AS-0832,942,658,284,69.9,78.91
RR-BR-0833,LG-BR-0833,147,134,13,91.8,16.89
RR-CG-0834,LG-CG-0834,257,151,106,59.0,21.62
RR-GA-0835,LG-GA-0835,1377,714,663,51.9,27.15
RR-GJ-0836,LG-GJ-0836,276,108,168,39.2,26.78
RR-HR-0837,LG-HR-0837,1488,777,711,52.3,95.15
RR-HP-0838,LG-HP-0838,365,196,169,53.7,52.9
RR-JH-0839,LG-JH-0839,417,308,109,74.0,54.76
RR-KA-0840,LG-KA-0840,819,352,467,43.0,44.49
RR-KL-0841,LG-KL-0841,472,183,289,38.8,57.4
RR-MP-0842,LG-MP-0842,1489,957,532,64.3,198.64
RR-MH-0843,LG-MH-0843,203,162,41,79.9,50.55
RR-MN-0844,LG-MN-0844,2141,1544,597,72.1,127.25
RR-ML-0845,LG-ML-0845,65,44,21,68.6,7.44
RR-MZ-0846,LG-MZ-0846,643,234,409,36.5,36.04
RR-NL-0847,LG-NL-0847,381,346,35,91.1,121.93
RR-OD-0848,LG-OD-0848,2949,1434,1515,48.7,50.69
RR-PB-0849,LG-PB-0849,365,125,240,34.3,39.94
RR-RJ-0850,LG-RJ-0850,266,219,47,82.5,53.74
RR-SK-0851,LG-SK-0851,245,175,70,71.8,23.93
RR-TN-0852,LG-TN-0852,368,285,83,77.6,59.47
RR-TS-0853,LG-TS-0853,154,131,23,85.7,19.09
RR-TR-0854,LG-TR-0854,1395,1180,215,84.6,176.08
RR-UP-0855,LG-UP-0855,966,754,212,78.1,199.07
RR-UK-0856,LG-UK-0856,187,121,66,65.0,10.98
RR-WB-0857,LG-WB-0857,1191,497,694,41.8,123.83
RR-AN-0858,LG-AN-0858,918,793,125,86.4,258.18
RR-CH-0859,LG-CH-0859,2167,1881,286,86.8,331.77
RR-DH-0860,LG-DH-0860,1657,730,927,44.1,73.52
RR-DL-0861,LG-DL-0861,928,905,23,97.6,84.56
RR-JK-0862,LG-JK-0862,1065,1057,8,99.3,58.65
RR-LA-0863,LG-LA-0863,643,362,281,56.3,23.48
RR-LD-0864,LG-LD-0864,838,127,711,15.2,14.36
RR-PY-0865,LG-PY-0865,2098,1451,647,69.2,207.17
RR-AP-0866,LG-AP-0866,2245,1424,821,63.4,135.55
RR-AR-0867,LG-AR-0867,1502,1425,77,94.9,141.44
RR-AS-0868,LG-AS-0868,741,331,410,44.8,118.0
RR-BR-0869,LG-BR-0869,546,419,127,76.9,65.37
RR-CG-0870,LG-CG-0870,1821,1302,519,71.5,107.57
RR-GA-0871,LG-GA-0871,291,213,78,73.3,64.26
RR-GJ-0872,LG-GJ-0872,644,476,168,73.9,76.41
RR-HR-0873,LG-HR-0873,617,247,370,40.1,81.38
RR-HP-0874,LG-HP-0874,1375,1312,63,95.5,99.82
RR-JH-0875,LG-JH-0875,874,519,355,59.5,134.41
RR-KA-0876,LG-KA-0876,1085,576,509,53.1,97.62
RR-KL-0877,LG-KL-0877,1044,398,646,38.2,44.32
RR-MP-0878,LG-MP-0878,769,744,25,96.8,136.37
RR-MH-0879,LG-MH-0879,904,823,81,91.1,119.79
RR-MN-0880,LG-MN-0880,709,108,601,15.4,8.45
RR-ML-0881,LG-ML-0881,290,148,142,51.2,36.66
RR-MZ-0882,LG-MZ-0882,1986,768,1218,38.7,32.39
RR-NL-0883,LG-NL-0883,1009,921,88,91.3,111.75
RR-OD-0884,LG-OD-0884,652,467,185,71.8,119.44
RR-PB-0885,LG-PB-0885,411,163,248,39.7,14.59
RR-RJ-0886,LG-RJ-0886,2006,811,1195,40.4,144.21
RR-SK-0887,LG-SK-0887,444,287,157,64.7,16.64
RR-TN-0888,LG-TN-0888,1757,1270,487,72.3,68.53
RR-TS-0889,LG-TS-0889,220,204,16,92.8,72.27
RR-TR-0890,LG-TR-0890,622,312,310,50.2,43.29
RR-UP-0891,LG-UP-0891,391,319,72,81.8,43.16
RR-UK-0892,LG-UK-0892,877,643,234,73.4,90.26
RR-WB-0893,LG-WB-0893,482,126,356,26.2,37.65
RR-AN-0894,LG-AN-0894,422,68,354,16.2,13.48
RR-CH-0895,LG-CH-0895,939,882,57,94.0,134.91
RR-DH-0896,LG-DH-0896,477,420,57,88.1,35.57
RR-DL-0897,LG-DL-0897,740,341,399,46.1,17.04
RR-JK-0898,LG-JK-0898,291,275,16,94.8,42.2
RR-LA-0899,LG-LA-0899,413,382,31,92.7,88.62
RR-LD-0900,LG-LD-0900,323,256,67,79.4,40.26
RR-PY-0901,LG-PY-0901,2040,1668,372,81.8,166.81
RR-AP-0902,LG-AP-0902,682,640,42,94.0,116.24
RR-AR-0903,LG-AR-0903,2119,1300,819,61.4,67.49
RR-AS-0904,LG-AS-0904,385,336,49,87.3,56.26
RR-BR-0905,LG-BR-0905,2757,2047,710,74.3,169.56
RR-CG-0906,LG-CG-0906,764,495,269,64.8,202.98
RR-GA-0907,LG-GA-0907,2337,1363,974,58.3,121.99
RR-GJ-0908,LG-GJ-0908,619,470,149,76.0,36.81
RR-HR-0909,LG-HR-0909,698,221,477,31.7,60.77
RR-HP-0910,LG-HP-0910,2225,1608,617,72.3,249.34
RR-JH-0911,LG-JH-0911,1843,1411,432,76.6,185.98
RR-KA-0912,LG-KA-0912,605,318,287,52.7,23.44
RR-KL-0913,LG-KL-0913,1544,1314,230,85.1,194.78
RR-MP-0914,LG-MP-0914,21,8,13,38.2,2.27
RR-MH-0915,LG-MH-0915,1013,313,700,30.9,17.05
RR-MN-0916,LG-MN-0916,100,79,21,79.4,11.59
RR-ML-0917,LG-ML-0917,145,96,49,66.4,40.21
RR-MZ-0918,LG-MZ-0918,1364,1179,185,86.5,178.47
RR-NL-0919,LG-NL-0919,91,69,22,76.2,10.52
RR-OD-0920,LG-OD-0920,514,197,317,38.4,31.54
RR-PB-0921,LG-PB-0921,593,425,168,71.7,65.87
RR-RJ-0922,LG-RJ-0922,712,433,279,60.8,32.83
RR-SK-0923,LG-SK-0923,2280,1194,1086,52.4,87.48
RR-TN-0924,LG-TN-0924,309,122,187,39.5,29.81
RR-TS-0925,LG-TS-0925,1664,492,1172,29.6,69.7
RR-TR-0926,LG-TR-0926,2245,967,1278,43.1,111.15
RR-UP-0927,LG-UP-0927,1350,855,495,63.4,141.78
RR-UK-0928,LG-UK-0928,561,326,235,58.2,34.75
RR-WB-0929,LG-WB-0929,136,116,20,85.5,20.52
RR-AN-0930,LG-AN-0930,2172,1624,548,74.8,282.3
RR-CH-0931,LG-CH-0931,1236,961,275,77.8,47.09
RR-DH-0932,LG-DH-0932,1543,1174,369,76.1,224.78
RR-DL-0933,LG-DL-0933,735,640,95,87.1,103.66
RR-JK-0934,LG-JK-0934,402,248,154,61.8,21.35
RR-LA-0935,LG-LA-0935,2120,1000,1120,47.2,87.13
RR-LD-0936,LG-LD-0936,1873,1038,835,55.4,48.25
RR-PY-0937,LG-PY-0937,1164,569,595,48.9,88.57
RR-AP-0938,LG-AP-0938,1261,1157,104,91.8,345.91
RR-AR-0939,LG-AR-0939,743,603,140,81.3,65.42
RR-AS-0940,LG-AS-0940,474,187,287,39.6,20.39
RR-BR-0941,LG-BR-0941,1124,528,596,47.0,120.91
RR-CG-0942,LG-CG-0942,975,870,105,89.3,92.99
RR-GA-0943,LG-GA-0943,134,109,25,81.7,34.27
RR-GJ-0944,LG-GJ-0944,742,569,173,76.8,71.04
RR-HR-0945,LG-HR-0945,61,18,43,30.3,6.74
RR-HP-0946,LG-HP-0946,114,91,23,80.6,12.53
RR-JH-0947,LG-JH-0947,160,140,20,87.6,19.66
RR-KA-0948,LG-KA-0948,333,132,201,39.8,16.13
RR-KL-0949,LG-KL-0949,1293,155,1138,12.0,13.1
RR-MP-0950,LG-MP-0950,702,141,561,20.1,8.18
RR-MH-0951,LG-MH-0951,1007,669,338,66.5,160.09
RR-MN-0952,LG-MN-0952,1522,1242,280,81.7,186.25
RR-ML-0953,LG-ML-0953,1738,1236,502,71.1,207.42
RR-MZ-0954,LG-MZ-0954,1712,1341,371,78.3,221.19
RR-NL-0955,LG-NL-0955,546,206,340,37.8,94.39
RR-OD-0956,LG-OD-0956,267,146,121,54.9,19.98
RR-PB-0957,LG-PB-0957,1214,1189,25,98.0,137.29
RR-RJ-0958,LG-RJ-0958,281,168,113,59.9,56.37
RR-SK-0959,LG-SK-0959,247,226,21,91.7,30.33
RR-TN-0960,LG-TN-0960,115,96,19,84.3,35.95
RR-TS-0961,LG-TS-0961,926,903,23,97.5,70.17
RR-TR-0962,LG-TR-0962,271,260,11,96.2,47.34
RR-UP-0963,LG-UP-0963,49,32,17,67.3,11.32
RR-UK-0964,LG-UK-0964,303,89,214,29.4,13.32
RR-WB-0965,LG-WB-0965,486,407,79,83.8,197.64
RR-AN-0966,LG-AN-0966,1680,1434,246,85.4,225.89
RR-CH-0967,LG-CH-0967,832,518,314,62.4,30.91
RR-DH-0968,LG-DH-0968,1761,1384,377,78.6,104.5
RR-DL-0969,LG-DL-0969,975,323,652,33.2,53.88
RR-JK-0970,LG-JK-0970,863,615,248,71.3,121.58
RR-LA-0971,LG-LA-0971,839,526,313,62.8,140.59
RR-LD-0972,LG-LD-0972,916,321,595,35.1,23.07
RR-PY-0973,LG-PY-0973,859,313,546,36.5,24.85
RR-AP-0974,LG-AP-0974,333,295,38,88.9,31.63
RR-AR-0975,LG-AR-0975,1435,771,664,53.8,85.12
RR-AS-0976,LG-AS-0976,1284,817,467,63.7,115.06
RR-BR-0977,LG-BR-0977,1504,1244,260,82.7,244.4
RR-CG-0978,LG-CG-0978,78,36,42,46.3,6.32
RR-GA-0979,LG-GA-0979,425,380,45,89.6,161.05
RR-GJ-0980,LG-GJ-0980,541,333,208,61.7,137.85
RR-HR-0981,LG-HR-0981,648,514,134,79.4,139.41
RR-HP-0982,LG-HP-0982,58,51,7,88.9,21.15
RR-JH-0983,LG-JH-0983,1495,1073,422,71.8,282.63
RR-KA-0984,LG-KA-0984,1122,530,592,47.3,27.73
RR-KL-0985,LG-KL-0985,1125,1110,15,98.7,44.9
RR-MP-0986,LG-MP-0986,567,362,205,63.9,83.63
RR-MH-0987,LG-MH-0987,2140,1723,417,80.5,167.3
RR-MN-0988,LG-MN-0988,766,246,520,32.2,15.07
RR-ML-0989,LG-ML-0989,694,468,226,67.5,77.98
RR-MZ-0990,LG-MZ-0990,448,380,68,84.8,62.23
RR-NL-0991,LG-NL-0991,476,417,59,87.6,47.29
RR-OD-0992,LG-OD-0992,484,131,353,27.1,29.96
RR-PB-0993,LG-PB-0993,1022,724,298,70.9,40.25
RR-RJ-0994,LG-RJ-0994,1350,850,500,63.0,105.57
RR-SK-0995,LG-SK-0995,906,821,85,90.7,60.86
RR-TN-0996,LG-TN-0996,1654,995,659,60.2,75.98
RR-TS-0997,LG-TS-0997,947,499,448,52.7,214.82
RR-TR-0998,LG-TR-0998,464,273,191,58.9,15.41
RR-UP-0999,LG-UP-0999,1152,1084,68,94.2,215.27
RR-UK-1000,LG-UK-1000,1631,1013,618,62.2,63.5
RR-WB-1001,LG-WB-1001,328,232,96,70.8,11.41
RR-AN-1002,LG-AN-1002,235,211,24,89.9,9.96
RR-CH-1003,LG-CH-1003,94,71,23,76.2,24.51
RR-DH-1004,LG-DH-1004,797,563,234,70.7,150.47
RR-DL-1005,LG-DL-1005,2054,543,1511,26.5,83.43
RR-JK-1006,LG-JK-1006,1683,1564,119,93.0,77.54
RR-LA-1007,LG-LA-1007,1599,1330,269,83.2,250.62
RR-LD-1008,LG-LD-1008,613,424,189,69.3,169.38
RR-PY-1009,LG-PY-1009,616,464,152,75.5,67.47
RR-AP-1010,LG-AP-1010,1572,1169,403,74.4,190.95
RR-AR-1011,LG-AR-1011,36,22,14,63.4,5.12
RR-AS-1012,LG-AS-1012,96,39,57,41.5,1.48
RR-BR-1013,LG-BR-1013,904,865,39,95.8,156.09
RR-CG-1014,LG-CG-1014,1771,862,909,48.7,178.37
RR-GA-1015,LG-GA-1015,406,164,242,40.5,66.02
RR-GJ-1016,LG-GJ-1016,817,473,344,57.9,109.98
RR-HR-1017,LG-HR-1017,464,306,158,66.0,80.3
RR-HP-1018,LG-HP-1018,1621,1385,236,85.5,136.68
RR-JH-1019,LG-JH-1019,1345,1069,276,79.5,154.56
RR-KA-1020,LG-KA-1020,1564,1202,362,76.9,201.8
RR-KL-1021,LG-KL-1021,1309,300,1009,22.9,18.4
RR-MP-1022,LG-MP-1022,2137,553,1584,25.9,41.98
RR-MH-1023,LG-MH-1023,1414,879,535,62.2,64.01
RR-MN-1024,LG-MN-1024,1851,918,933,49.6,102.14
RR-ML-1025,LG-ML-1025,648,591,57,91.3,170.51
RR-MZ-1026,LG-MZ-1026,46,27,19,60.2,3.8
RR-NL-1027,LG-NL-1027,1133,512,621,45.2,63.69
RR-OD-1028,LG-OD-1028,162,100,62,62.0,15.68
RR-PB-1029,LG-PB-1029,628,595,33,94.8,65.54
RR-RJ-1030,LG-RJ-1030,2712,1683,1029,62.1,147.94
RR-SK-1031,LG-SK-1031,655,582,73,88.9,116.85
RR-TN-1032,LG-TN-1032,1584,1357,227,85.7,126.53
RR-TS-1033,LG-TS-1033,273,184,89,67.5,49.07
RR-TR-1034,LG-TR-1034,1148,1129,19,98.4,331.71
RR-UP-1035,LG-UP-1035,1509,1235,274,81.9,149.17
RR-UK-1036,LG-UK-1036,1558,1437,121,92.3,217.92
RR-WB-1037,LG-WB-1037,888,604,284,68.1,70.46
RR-AN-1038,LG-AN-1038,764,378,386,49.5,82.8
RR-CH-1039,LG-CH-1039,1025,938,87,91.6,89.02
RR-DH-1040,LG-DH-1040,1931,1115,816,57.8,150.86
RR-DL-1041,LG-DL-1041,2411,2119,292,87.9,103.95
RR-JK-1042,LG-JK-1042,2289,1997,292,87.2,215.93
RR-LA-1043,LG-LA-1043,369,305,64,82.7,58.96
RR-LD-1044,LG-LD-1044,1341,572,769,42.7,101.94
RR-PY-1045,LG-PY-1045,909,666,243,73.4,115.0
RR-AP-1046,LG-AP-1046,1620,772,848,47.7,163.23
RR-AR-1047,LG-AR-1047,732,319,413,43.7,95.26
RR-AS-1048,LG-AS-1048,1771,1301,470,73.5,110.58
RR-BR-1049,LG-BR-1049,251,191,60,76.4,33.71
RR-CG-1050,LG-CG-1050,502,421,81,84.0,111.75
RR-GA-1051,LG-GA-1051,907,702,205,77.4,114.82
RR-GJ-1052,LG-GJ-1052,640,333,307,52.2,44.88
RR-HR-1053,LG-HR-1053,601,468,133,78.0,141.94
RR-HP-1054,LG-HP-1054,2619,1871,748,71.5,98.79
RR-JH-1055,LG-JH-1055,892,866,26,97.2,231.32
RR-KA-1056,LG-KA-1056,929,880,49,94.8,139.0
RR-KL-1057,LG-KL-1057,2333,1514,819,64.9,115.89
RR-MP-1058,LG-MP-1058,1583,423,1160,26.7,40.62
RR-MH-1059,LG-MH-1059,231,164,67,71.4,21.6
RR-MN-1060,LG-MN-1060,574,188,386,32.9,20.84
RR-ML-1061,LG-ML-1061,202,115,87,57.2,14.82
RR-MZ-1062,LG-MZ-1062,933,469,464,50.4,101.01
RR-NL-1063,LG-NL-1063,27,17,10,63.5,3.99
RR-OD-1064,LG-OD-1064,643,267,376,41.6,17.46
RR-PB-1065,LG-PB-1065,874,89,785,10.3,6.72
RR-RJ-1066,LG-RJ-1066,1294,1240,54,95.9,144.94
RR-SK-1067,LG-SK-1067,863,488,375,56.7,98.92
RR-TN-1068,LG-TN-1068,362,45,317,12.5,9.63
RR-TS-1069,LG-TS-1069,661,450,211,68.1,202.16
RR-TR-1070,LG-TR-1070,286,211,75,73.8,52.02
RR-UP-1071,LG-UP-1071,805,336,469,41.8,56.06
RR-UK-1072,LG-UK-1072,1236,1214,22,98.3,125.32
RR-WB-1073,LG-WB-1073,1030,352,678,34.2,43.69
RR-AN-1074,LG-AN-1074,124,75,49,60.7,4.73
RR-CH-1075,LG-CH-1075,1969,1513,456,76.9,205.43
RR-DH-1076,LG-DH-1076,631,498,133,79.0,140.74
RR-DL-1077,LG-DL-1077,1061,600,461,56.6,58.14
RR-JK-1078,LG-JK-1078,2006,1811,195,90.3,89.63
RR-LA-1079,LG-LA-1079,2339,2309,30,98.8,365.96
RR-LD-1080,LG-LD-1080,1571,1075,496,68.5,275.0
RR-PY-1081,LG-PY-1081,719,392,327,54.6,148.8
RR-AP-1082,LG-AP-1082,715,565,150,79.1,57.76
RR-AR-1083,LG-AR-1083,1058,183,875,17.4,29.1
RR-AS-1084,LG-AS-1084,287,214,73,74.8,35.23
RR-BR-1085,LG-BR-1085,1482,889,593,60.1,95.38
RR-CG-1086,LG-CG-1086,164,115,49,70.3,17.2
RR-GA-1087,LG-GA-1087,981,197,784,20.1,25.1
RR-GJ-1088,LG-GJ-1088,472,420,52,89.1,87.81
RR-HR-1089,LG-HR-1089,337,233,104,69.4,79.64
RR-HP-1090,LG-HP-1090,1073,778,295,72.6,225.44
RR-JH-1091,LG-JH-1091,795,794,1,99.9,71.34
RR-KA-1092,LG-KA-1092,1005,360,645,35.8,65.08
RR-KL-1093,LG-KL-1093,1037,267,770,25.8,19.65
RR-MP-1094,LG-MP-1094,568,437,131,77.0,145.0
RR-MH-1095,LG-MH-1095,2074,816,1258,39.4,80.34
RR-MN-1096,LG-MN-1096,110,105,5,96.1,17.04
RR-ML-1097,LG-ML-1097,2088,1470,618,70.4,277.58
RR-MZ-1098,LG-MZ-1098,1317,586,731,44.6,40.92
RR-NL-1099,LG-NL-1099,225,119,106,53.3,16.42
RR-OD-1100,LG-OD-1100,624,569,55,91.2,268.58
RR-PB-1101,LG-PB-1101,466,429,37,92.2,74.78
RR-RJ-1102,LG-RJ-1102,708,621,87,87.8,236.85
RR-SK-1103,LG-SK-1103,313,120,193,38.5,38.71
RR-TN-1104,LG-TN-1104,650,393,257,60.5,40.36
RR-TS-1105,LG-TS-1105,1411,154,1257,11.0,31.09
RR-TR-1106,LG-TR-1106,1661,1151,510,69.3,90.44
RR-UP-1107,LG-UP-1107,324,65,259,20.2,17.19
RR-UK-1108,LG-UK-1108,59,33,26,57.2,5.9
RR-WB-1109,LG-WB-1109,385,137,248,35.6,32.07
RR-AN-1110,LG-AN-1110,165,118,47,71.9,22.59
RR-CH-1111,LG-CH-1111,2329,1531,798,65.7,88.19
RR-DH-1112,LG-DH-1112,1690,1123,567,66.5,125.86
RR-DL-1113,LG-DL-1113,551,348,203,63.3,34.91
RR-JK-1114,LG-JK-1114,449,362,87,80.7,79.12
RR-LA-1115,LG-LA-1115,557,436,121,78.3,63.52
RR-LD-1116,LG-LD-1116,326,138,188,42.4,22.34
RR-PY-1117,LG-PY-1117,519,401,118,77.4,80.2
RR-AP-1118,LG-AP-1118,959,668,291,69.7,33.3
RR-AR-1119,LG-AR-1119,49,41,8,84.5,5.74
RR-AS-1120,LG-AS-1120,2358,1572,786,66.7,234.78
RR-BR-1121,LG-BR-1121,431,386,45,89.6,74.27
RR-CG-1122,LG-CG-1122,735,425,310,57.9,95.86
RR-GA-1123,LG-GA-1123,444,328,116,73.9,143.04
RR-GJ-1124,LG-GJ-1124,2081,1772,309,85.2,141.38
RR-HR-1125,LG-HR-1125,900,683,217,75.9,192.68
RR-HP-1126,LG-HP-1126,323,213,110,66.0,35.72
RR-JH-1127,LG-JH-1127,1292,927,365,71.7,207.75
RR-KA-1128,LG-KA-1128,745,611,134,82.0,46.07
RR-KL-1129,LG-KL-1129,308,304,4,98.9,61.44
RR-MP-1130,LG-MP-1130,369,364,5,98.8,61.19
RR-MH-1131,LG-MH-1131,1696,1076,620,63.5,132.15
RR-MN-1132,LG-MN-1132,264,184,80,70.0,17.74
RR-ML-1133,LG-ML-1133,2269,1605,664,70.8,86.03
RR-MZ-1134,LG-MZ-1134,795,553,242,69.6,72.57
RR-NL-1135,LG-NL-1135,71,67,4,95.2,12.11
RR-OD-1136,LG-OD-1136,992,611,381,61.7,69.04
RR-PB-1137,LG-PB-1137,644,448,196,69.6,60.46
RR-RJ-1138,LG-RJ-1138,917,658,259,71.8,90.09
RR-SK-1139,LG-SK-1139,83,71,12,86.3,5.22
RR-TN-1140,LG-TN-1140,689,597,92,86.7,98.65
RR-TS-1141,LG-TS-1141,1322,1276,46,96.5,304.8
RR-TR-1142,LG-TR-1142,241,148,93,61.7,28.64
RR-UP-1143,LG-UP-1143,188,138,50,73.9,27.49
RR-UK-1144,LG-UK-1144,2154,529,1625,24.6,63.12
RR-WB-1145,LG-WB-1145,2833,381,2452,13.5,17.19
RR-AN-1146,LG-AN-1146,264,225,39,85.4,28.02
RR-CH-1147,LG-CH-1147,590,400,190,67.9,79.19
RR-DH-1148,LG-DH-1148,223,222,1,99.9,28.71
RR-DL-1149,LG-DL-1149,1305,622,683,47.7,65.21
RR-JK-1150,LG-JK-1150,2349,1657,692,70.6,175.85
RR-LA-1151,LG-LA-1151,306,263,43,86.1,34.73
RR-LD-1152,LG-LD-1152,194,78,116,40.4,12.4
RR-PY-1153,LG-PY-1153,1108,856,252,77.3,207.95
RR-AP-1154,LG-AP-1154,372,232,140,62.4,62.74
RR-AR-1155,LG-AR-1155,100,65,35,65.0,7.16
RR-AS-1156,LG-AS-1156,717,397,320,55.4,35.7
RR-BR-1157,LG-BR-1157,773,362,411,47.0,96.61
RR-CG-1158,LG-CG-1158,2458,2235,223,90.9,269.15
RR-GA-1159,LG-GA-1159,289,266,23,92.2,52.93
RR-GJ-1160,LG-GJ-1160,1041,484,557,46.5,68.41
RR-HR-1161,LG-HR-1161,1844,1115,729,60.5,64.45
RR-HP-1162,LG-HP-1162,1524,1510,14,99.1,91.4
RR-JH-1163,LG-JH-1163,961,480,481,50.0,91.94
RR-KA-1164,LG-KA-1164,1712,1082,630,63.2,169.43
RR-KL-1165,LG-KL-1165,1898,760,1138,40.1,69.43
RR-MP-1166,LG-MP-1166,592,300,292,50.7,107.84
RR-MH-1167,LG-MH-1167,744,631,113,84.8,103.32
RR-MN-1168,LG-MN-1168,1723,656,1067,38.1,32.81
RR-ML-1169,LG-ML-1169,1535,1329,206,86.6,154.61
RR-MZ-1170,LG-MZ-1170,104,64,40,62.4,27.37
RR-NL-1171,LG-NL-1171,706,196,510,27.9,29.46
RR-OD-1172,LG-OD-1172,55,53,2,97.8,16.28
RR-PB-1173,LG-PB-1173,1702,933,769,54.8,114.05
RR-RJ-1174,LG-RJ-1174,1376,670,706,48.7,92.73
RR-SK-1175,LG-SK-1175,52,27,25,53.0,3.6
RR-TN-1176,LG-TN-1176,1037,969,68,93.5,149.47
RR-TS-1177,LG-TS-1177,607,459,148,75.6,155.13
RR-TR-1178,LG-TR-1178,380,165,215,43.5,49.5
RR-UP-1179,LG-UP-1179,1271,447,824,35.2,34.36
RR-UK-1180,LG-UK-1180,490,419,71,85.7,96.48
RR-WB-1181,LG-WB-1181,363,294,69,81.1,89.12
RR-AN-1182,LG-AN-1182,880,777,103,88.4,38.41
RR-CH-1183,LG-CH-1183,1170,914,256,78.1,146.58
RR-DH-1184,LG-DH-1184,205,160,45,78.5,11.67
RR-DL-1185,LG-DL-1185,659,240,419,36.6,56.76
RR-JK-1186,LG-JK-1186,779,609,170,78.2,159.16
RR-LA-1187,LG-LA-1187,41,36,5,88.9,9.51
RR-LD-1188,LG-LD-1188,448,165,283,37.0,42.0
RR-PY-1189,LG-PY-1189,2566,2409,157,93.9,279.03
RR-AP-1190,LG-AP-1190,340,238,102,70.3,28.35
RR-AR-1191,LG-AR-1191,831,492,339,59.2,56.47
RR-AS-1192,LG-AS-1192,402,376,26,93.6,30.39
RR-BR-1193,LG-BR-1193,342,169,173,49.5,31.9
RR-CG-1194,LG-CG-1194,590,249,341,42.2,82.86
RR-GA-1195,LG-GA-1195,1486,1482,4,99.8,255.18
RR-GJ-1196,LG-GJ-1196,877,853,24,97.4,115.3
RR-HR-1197,LG-HR-1197,882,774,108,87.8,79.71
RR-HP-1198,LG-HP-1198,695,430,265,61.9,52.73
RR-JH-1199,LG-JH-1199,757,316,441,41.9,101.45
RR-KA-1200,LG-KA-1200,521,275,246,53.0,28.65
RR-KL-1201,LG-KL-1201,975,884,91,90.7,116.12
RR-MP-1202,LG-MP-1202,1407,445,962,31.7,81.42
RR-MH-1203,LG-MH-1203,736,302,434,41.1,11.93
RR-MN-1204,LG-MN-1204,2490,1511,979,60.7,141.65
RR-ML-1205,LG-ML-1205,716,662,54,92.5,234.6
RR-MZ-1206,LG-MZ-1206,1196,867,329,72.6,103.87
RR-NL-1207,LG-NL-1207,1409,804,605,57.1,69.82
RR-OD-1208,LG-OD-1208,385,147,238,38.4,21.26
RR-PB-1209,LG-PB-1209,1492,1383,109,92.8,67.12
RR-RJ-1210,LG-RJ-1210,1612,1038,574,64.4,88.78
RR-SK-1211,LG-SK-1211,498,55,443,11.2,12.04
RR-TN-1212,LG-TN-1212,874,633,241,72.5,122.33
RR-TS-1213,LG-TS-1213,1231,1064,167,86.5,216.48
RR-TR-1214,LG-TR-1214,723,319,404,44.1,75.93
RR-UP-1215,LG-UP-1215,1459,394,1065,27.1,77.67
RR-UK-1216,LG-UK-1216,2548,1601,947,62.9,69.03
RR-WB-1217,LG-WB-1217,424,256,168,60.5,37.39
RR-AN-1218,LG-AN-1218,68,57,11,85.0,10.92
RR-CH-1219,LG-CH-1219,812,642,170,79.1,198.4
RR-DH-1220,LG-DH-1220,740,422,318,57.1,45.28
RR-DL-1221,LG-DL-1221,1334,638,696,47.8,62.21
RR-JK-1222,LG-JK-1222,103,100,3,98.0,28.32
RR-LA-1223,LG-LA-1223,1280,1038,242,81.2,84.66
RR-LD-1224,LG-LD-1224,1878,1019,859,54.3,122.88
RR-PY-1225,LG-PY-1225,758,396,362,52.3,56.48
RR-AP-1226,LG-AP-1226,827,752,75,91.0,67.41
RR-AR-1227,LG-AR-1227,1376,1315,61,95.6,127.49
RR-AS-1228,LG-AS-1228,2326,2030,296,87.3,323.99
RR-BR-1229,LG-BR-1229,185,166,19,90.3,32.79
RR-CG-1230,LG-CG-1230,179,96,83,53.7,9.98
RR-GA-1231,LG-GA-1231,485,470,15,97.0,53.98
RR-GJ-1232,LG-GJ-1232,2263,719,1544,31.8,56.31
RR-HR-1233,LG-HR-1233,2026,1841,185,90.9,323.84
RR-HP-1234,LG-HP-1234,674,445,229,66.1,85.45
RR-JH-1235,LG-JH-1235,884,645,239,73.0,166.36
RR-KA-1236,LG-KA-1236,1213,290,923,24.0,27.47
RR-KL-1237,LG-KL-1237,305,222,83,72.8,24.48
RR-MP-1238,LG-MP-1238,1861,1473,388,79.2,193.66
RR-MH-1239,LG-MH-1239,670,559,111,83.4,177.79
RR-MN-1240,LG-MN-1240,411,308,103,75.0,140.65
RR-ML-1241,LG-ML-1241,2415,839,1576,34.8,54.72
RR-MZ-1242,LG-MZ-1242,1243,446,797,35.9,48.77
RR-NL-1243,LG-NL-1243,2474,1061,1413,42.9,88.77
RR-OD-1244,LG-OD-1244,2210,2206,4,99.8,183.0
RR-PB-1245,LG-PB-1245,1968,1287,681,65.4,56.2
RR-RJ-1246,LG-RJ-1246,1804,1333,471,73.9,91.89
RR-SK-1247,LG-SK-1247,1883,1482,401,78.7,194.15
RR-TN-1248,LG-TN-1248,688,638,50,92.8,142.31
RR-TS-1249,LG-TS-1249,829,545,284,65.8,46.64
RR-TR-1250,LG-TR-1250,1309,213,1096,16.3,26.7
