history_id,project_id,prediction_date,delay_probability,risk_score,risk_category,expected_delay_days,highest_risk_stage,model_version
HIS-TN-0042-1,LG-TN-0042,2024-01-15,0.84,84.0,CRITICAL,320,Legal Resolution,v1.0.0
HIS-AP-0002,LG-AP-0002,2024-02-01,0.11,11.0,LOW,13,Final Handover,v1.0.0
HIS-AR-0003,LG-AR-0003,2024-02-01,0.19,19.0,LOW,11,Objection/Hearing,v1.0.0
HIS-AS-0004,LG-AS-0004,2024-02-01,0.14,14.0,LOW,14,Approval,v1.0.0
HIS-BR-0005,LG-BR-0005,2024-02-01,0.78,78.0,HIGH,229,Objection/Hearing,v1.0.0
HIS-CG-0006,LG-CG-0006,2024-02-01,0.87,87.0,CRITICAL,578,Compensation,v1.0.0
HIS-GA-0007,LG-GA-0007,2024-02-01,0.66,66.0,HIGH,198,Documentation,v1.0.0
HIS-GJ-0008,LG-GJ-0008,2024-02-01,0.96,96.0,CRITICAL,474,Possession,v1.0.0
HIS-HR-0009,LG-HR-0009,2024-02-01,0.43,43.0,MEDIUM,123,Objection/Hearing,v1.0.0
HIS-HP-0010,LG-HP-0010,2024-02-01,0.6,60.0,MEDIUM,20,Approval,v1.0.0
HIS-JH-0011,LG-JH-0011,2024-02-01,0.32,32.0,MEDIUM,27,Legal Resolution,v1.0.0
HIS-KA-0012,LG-KA-0012,2024-02-01,0.4,40.0,MEDIUM,78,Possession,v1.0.0
HIS-KL-0013,LG-KL-0013,2024-02-01,0.34,34.0,MEDIUM,8,Notification,v1.0.0
HIS-MP-0014,LG-MP-0014,2024-02-01,0.08,8.0,LOW,0,Notification,v1.0.0
HIS-MH-0015,LG-MH-0015,2024-02-01,0.84,84.0,CRITICAL,262,R&R,v1.0.0
HIS-MN-0016,LG-MN-0016,2024-02-01,0.22,22.0,LOW,12,Approval,v1.0.0
HIS-ML-0017,LG-ML-0017,2024-02-01,0.14,14.0,LOW,6,Possession,v1.0.0
HIS-MZ-0018,LG-MZ-0018,2024-02-01,0.7,70.0,HIGH,202,Final Handover,v1.0.0
HIS-NL-0019,LG-NL-0019,2024-02-01,0.48,48.0,MEDIUM,100,Approval,v1.0.0
HIS-OD-0020,LG-OD-0020,2024-02-01,0.95,95.0,CRITICAL,563,R&R,v1.0.0
HIS-PB-0021,LG-PB-0021,2024-02-01,0.07,7.0,LOW,6,Survey,v1.0.0
HIS-RJ-0022,LG-RJ-0022,2024-02-01,0.75,75.0,HIGH,223,Compensation,v1.0.0
HIS-SK-0023,LG-SK-0023,2024-02-01,0.5,50.0,MEDIUM,48,Legal Resolution,v1.0.0
HIS-TN-0024,LG-TN-0024,2024-02-01,0.37,37.0,MEDIUM,111,Documentation,v1.0.0
HIS-TS-0025,LG-TS-0025,2024-02-01,0.79,79.0,HIGH,253,Objection/Hearing,v1.0.0
HIS-TR-0026,LG-TR-0026,2024-02-01,0.58,58.0,MEDIUM,16,Final Handover,v1.0.0
HIS-UP-0027,LG-UP-0027,2024-02-01,0.4,40.0,MEDIUM,6,Notification,v1.0.0
HIS-UK-0028,LG-UK-0028,2024-02-01,0.78,78.0,HIGH,146,Notification,v1.0.0
HIS-WB-0029,LG-WB-0029,2024-02-01,0.24,24.0,LOW,7,Land Identification,v1.0.0
HIS-AN-0030,LG-AN-0030,2024-02-01,0.23,23.0,LOW,9,Documentation,v1.0.0
HIS-CH-0031,LG-CH-0031,2024-02-01,0.22,22.0,LOW,9,Documentation,v1.0.0
HIS-DH-0032,LG-DH-0032,2024-02-01,0.79,79.0,HIGH,245,Land Identification,v1.0.0
HIS-DL-0033,LG-DL-0033,2024-02-01,0.53,53.0,MEDIUM,99,Legal Resolution,v1.0.0
HIS-JK-0034,LG-JK-0034,2024-02-01,0.28,28.0,LOW,15,Notification,v1.0.0
HIS-LA-0035,LG-LA-0035,2024-02-01,0.69,69.0,HIGH,158,Survey,v1.0.0
HIS-LD-0036,LG-LD-0036,2024-02-01,0.96,96.0,CRITICAL,301,Legal Resolution,v1.0.0
HIS-PY-0037,LG-PY-0037,2024-02-01,0.65,65.0,HIGH,137,Final Handover,v1.0.0
HIS-AP-0038,LG-AP-0038,2024-02-01,0.35,35.0,MEDIUM,94,Land Identification,v1.0.0
HIS-AR-0039,LG-AR-0039,2024-02-01,0.19,19.0,LOW,11,Compensation,v1.0.0
HIS-AS-0040,LG-AS-0040,2024-02-01,0.48,48.0,MEDIUM,24,Objection/Hearing,v1.0.0
HIS-BR-0041,LG-BR-0041,2024-02-01,0.76,76.0,HIGH,143,Notification,v1.0.0
HIS-CG-0042,LG-CG-0042,2024-02-01,0.98,98.0,CRITICAL,405,R&R,v1.0.0
HIS-GA-0043,LG-GA-0043,2024-02-01,0.69,69.0,HIGH,135,Notification,v1.0.0
HIS-GJ-0044,LG-GJ-0044,2024-02-01,0.26,26.0,LOW,8,Survey,v1.0.0
HIS-HR-0045,LG-HR-0045,2024-02-01,0.75,75.0,HIGH,131,Land Identification,v1.0.0
HIS-HP-0046,LG-HP-0046,2024-02-01,0.56,56.0,MEDIUM,3,Survey,v1.0.0
HIS-JH-0047,LG-JH-0047,2024-02-01,0.97,97.0,CRITICAL,550,Documentation,v1.0.0
HIS-KA-0048,LG-KA-0048,2024-02-01,0.73,73.0,HIGH,126,Approval,v1.0.0
HIS-KL-0049,LG-KL-0049,2024-02-01,0.27,27.0,LOW,2,Final Handover,v1.0.0
HIS-MP-0050,LG-MP-0050,2024-02-01,0.76,76.0,HIGH,174,Notification,v1.0.0
HIS-MH-0051,LG-MH-0051,2024-02-01,0.08,8.0,LOW,9,Land Identification,v1.0.0
HIS-MN-0052,LG-MN-0052,2024-02-01,0.75,75.0,HIGH,209,Survey,v1.0.0
HIS-ML-0053,LG-ML-0053,2024-02-01,0.69,69.0,HIGH,240,Possession,v1.0.0
HIS-MZ-0054,LG-MZ-0054,2024-02-01,0.35,35.0,MEDIUM,84,Survey,v1.0.0
HIS-NL-0055,LG-NL-0055,2024-02-01,0.38,38.0,MEDIUM,56,Documentation,v1.0.0
HIS-OD-0056,LG-OD-0056,2024-02-01,0.64,64.0,HIGH,199,Objection/Hearing,v1.0.0
HIS-PB-0057,LG-PB-0057,2024-02-01,0.29,29.0,LOW,7,Documentation,v1.0.0
HIS-RJ-0058,LG-RJ-0058,2024-02-01,0.56,56.0,MEDIUM,16,Notification,v1.0.0
HIS-SK-0059,LG-SK-0059,2024-02-01,0.25,25.0,LOW,10,Land Identification,v1.0.0
HIS-TN-0060,LG-TN-0060,2024-02-01,0.83,83.0,CRITICAL,282,Documentation,v1.0.0
HIS-TS-0061,LG-TS-0061,2024-02-01,0.33,33.0,MEDIUM,120,R&R,v1.0.0
HIS-TR-0062,LG-TR-0062,2024-02-01,0.11,11.0,LOW,15,Legal Resolution,v1.0.0
HIS-UP-0063,LG-UP-0063,2024-02-01,0.34,34.0,MEDIUM,61,Objection/Hearing,v1.0.0
HIS-UK-0064,LG-UK-0064,2024-02-01,0.95,95.0,CRITICAL,323,Notification,v1.0.0
HIS-WB-0065,LG-WB-0065,2024-02-01,0.39,39.0,MEDIUM,119,Possession,v1.0.0
HIS-AN-0066,LG-AN-0066,2024-02-01,0.6,60.0,MEDIUM,3,Objection/Hearing,v1.0.0
HIS-CH-0067,LG-CH-0067,2024-02-01,0.69,69.0,HIGH,153,Compensation,v1.0.0
HIS-DH-0068,LG-DH-0068,2024-02-01,0.92,92.0,CRITICAL,337,Approval,v1.0.0
HIS-DL-0069,LG-DL-0069,2024-02-01,0.44,44.0,MEDIUM,81,Legal Resolution,v1.0.0
HIS-JK-0070,LG-JK-0070,2024-02-01,0.53,53.0,MEDIUM,44,Survey,v1.0.0
HIS-LA-0071,LG-LA-0071,2024-02-01,0.32,32.0,MEDIUM,12,Final Handover,v1.0.0
HIS-LD-0072,LG-LD-0072,2024-02-01,0.7,70.0,HIGH,252,R&R,v1.0.0
HIS-PY-0073,LG-PY-0073,2024-02-01,0.59,59.0,MEDIUM,53,Legal Resolution,v1.0.0
HIS-AP-0074,LG-AP-0074,2024-02-01,0.37,37.0,MEDIUM,16,Approval,v1.0.0
HIS-AR-0075,LG-AR-0075,2024-02-01,0.45,45.0,MEDIUM,60,Notification,v1.0.0
HIS-AS-0076,LG-AS-0076,2024-02-01,0.83,83.0,CRITICAL,320,Survey,v1.0.0
HIS-BR-0077,LG-BR-0077,2024-02-01,0.82,82.0,CRITICAL,580,Land Identification,v1.0.0
HIS-CG-0078,LG-CG-0078,2024-02-01,0.27,27.0,LOW,15,Notification,v1.0.0
HIS-GA-0079,LG-GA-0079,2024-02-01,0.58,58.0,MEDIUM,61,Approval,v1.0.0
HIS-GJ-0080,LG-GJ-0080,2024-02-01,0.59,59.0,MEDIUM,7,Notification,v1.0.0
HIS-HR-0081,LG-HR-0081,2024-02-01,0.56,56.0,MEDIUM,10,R&R,v1.0.0
HIS-HP-0082,LG-HP-0082,2024-02-01,0.8,80.0,HIGH,137,Final Handover,v1.0.0
HIS-JH-0083,LG-JH-0083,2024-02-01,0.75,75.0,HIGH,120,Compensation,v1.0.0
HIS-KA-0084,LG-KA-0084,2024-02-01,0.75,75.0,HIGH,182,Survey,v1.0.0
HIS-KL-0085,LG-KL-0085,2024-02-01,0.21,21.0,LOW,5,Final Handover,v1.0.0
HIS-MP-0086,LG-MP-0086,2024-02-01,0.41,41.0,MEDIUM,46,Approval,v1.0.0
HIS-MH-0087,LG-MH-0087,2024-02-01,0.51,51.0,MEDIUM,19,R&R,v1.0.0
HIS-MN-0088,LG-MN-0088,2024-02-01,0.84,84.0,CRITICAL,401,Legal Resolution,v1.0.0
HIS-ML-0089,LG-ML-0089,2024-02-01,0.62,62.0,HIGH,254,Legal Resolution,v1.0.0
HIS-MZ-0090,LG-MZ-0090,2024-02-01,0.71,71.0,HIGH,124,Possession,v1.0.0
HIS-NL-0091,LG-NL-0091,2024-02-01,0.87,87.0,CRITICAL,444,Possession,v1.0.0
HIS-OD-0092,LG-OD-0092,2024-02-01,0.05,5.0,LOW,10,Possession,v1.0.0
HIS-PB-0093,LG-PB-0093,2024-02-01,0.62,62.0,HIGH,203,Survey,v1.0.0
HIS-RJ-0094,LG-RJ-0094,2024-02-01,0.39,39.0,MEDIUM,117,Notification,v1.0.0
HIS-SK-0095,LG-SK-0095,2024-02-01,0.22,22.0,LOW,5,Compensation,v1.0.0
HIS-TN-0096,LG-TN-0096,2024-02-01,0.43,43.0,MEDIUM,62,Final Handover,v1.0.0
HIS-TS-0097,LG-TS-0097,2024-02-01,0.58,58.0,MEDIUM,14,Possession,v1.0.0
HIS-TR-0098,LG-TR-0098,2024-02-01,0.19,19.0,LOW,13,Compensation,v1.0.0
HIS-UP-0099,LG-UP-0099,2024-02-01,0.14,14.0,LOW,14,Objection/Hearing,v1.0.0
HIS-UK-0100,LG-UK-0100,2024-02-01,0.5,50.0,MEDIUM,10,Approval,v1.0.0
HIS-WB-0101,LG-WB-0101,2024-02-01,0.4,40.0,MEDIUM,11,Possession,v1.0.0
HIS-AN-0102,LG-AN-0102,2024-02-01,0.68,68.0,HIGH,250,Final Handover,v1.0.0
HIS-CH-0103,LG-CH-0103,2024-02-01,0.89,89.0,CRITICAL,477,Land Identification,v1.0.0
HIS-DH-0104,LG-DH-0104,2024-02-01,0.78,78.0,HIGH,196,Objection/Hearing,v1.0.0
HIS-DL-0105,LG-DL-0105,2024-02-01,0.39,39.0,MEDIUM,110,Possession,v1.0.0
HIS-JK-0106,LG-JK-0106,2024-02-01,0.53,53.0,MEDIUM,85,Approval,v1.0.0
HIS-LA-0107,LG-LA-0107,2024-02-01,0.96,96.0,CRITICAL,425,Compensation,v1.0.0
HIS-LD-0108,LG-LD-0108,2024-02-01,0.49,49.0,MEDIUM,12,Documentation,v1.0.0
HIS-PY-0109,LG-PY-0109,2024-02-01,0.08,8.0,LOW,9,Compensation,v1.0.0
HIS-AP-0110,LG-AP-0110,2024-02-01,0.66,66.0,HIGH,141,Approval,v1.0.0
HIS-AR-0111,LG-AR-0111,2024-02-01,0.51,51.0,MEDIUM,89,Approval,v1.0.0
HIS-AS-0112,LG-AS-0112,2024-02-01,0.48,48.0,MEDIUM,70,Compensation,v1.0.0
HIS-BR-0113,LG-BR-0113,2024-02-01,0.09,9.0,LOW,8,Documentation,v1.0.0
HIS-CG-0114,LG-CG-0114,2024-02-01,0.38,38.0,MEDIUM,0,Objection/Hearing,v1.0.0
HIS-GA-0115,LG-GA-0115,2024-02-01,0.39,39.0,MEDIUM,130,Survey,v1.0.0
HIS-GJ-0116,LG-GJ-0116,2024-02-01,0.61,61.0,HIGH,205,Approval,v1.0.0
HIS-HR-0117,LG-HR-0117,2024-02-01,0.69,69.0,HIGH,135,R&R,v1.0.0
HIS-HP-0118,LG-HP-0118,2024-02-01,0.13,13.0,LOW,14,Possession,v1.0.0
HIS-JH-0119,LG-JH-0119,2024-02-01,0.34,34.0,MEDIUM,14,Objection/Hearing,v1.0.0
HIS-KA-0120,LG-KA-0120,2024-02-01,0.82,82.0,CRITICAL,486,Survey,v1.0.0
HIS-KL-0121,LG-KL-0121,2024-02-01,0.6,60.0,MEDIUM,20,Land Identification,v1.0.0
HIS-MP-0122,LG-MP-0122,2024-02-01,0.77,77.0,HIGH,256,Notification,v1.0.0
HIS-MH-0123,LG-MH-0123,2024-02-01,0.45,45.0,MEDIUM,16,Objection/Hearing,v1.0.0
HIS-MN-0124,LG-MN-0124,2024-02-01,0.94,94.0,CRITICAL,473,R&R,v1.0.0
HIS-ML-0125,LG-ML-0125,2024-02-01,0.1,10.0,LOW,1,Notification,v1.0.0
HIS-MZ-0126,LG-MZ-0126,2024-02-01,0.16,16.0,LOW,12,Objection/Hearing,v1.0.0
HIS-NL-0127,LG-NL-0127,2024-02-01,0.91,91.0,CRITICAL,423,Objection/Hearing,v1.0.0
HIS-OD-0128,LG-OD-0128,2024-02-01,0.14,14.0,LOW,1,R&R,v1.0.0
HIS-PB-0129,LG-PB-0129,2024-02-01,0.44,44.0,MEDIUM,8,Notification,v1.0.0
HIS-RJ-0130,LG-RJ-0130,2024-02-01,0.17,17.0,LOW,7,Approval,v1.0.0
HIS-SK-0131,LG-SK-0131,2024-02-01,0.13,13.0,LOW,8,Approval,v1.0.0
HIS-TN-0132,LG-TN-0132,2024-02-01,0.27,27.0,LOW,9,Compensation,v1.0.0
HIS-TS-0133,LG-TS-0133,2024-02-01,0.77,77.0,HIGH,245,Compensation,v1.0.0
HIS-TR-0134,LG-TR-0134,2024-02-01,0.65,65.0,HIGH,164,Compensation,v1.0.0
HIS-UP-0135,LG-UP-0135,2024-02-01,0.42,42.0,MEDIUM,23,Land Identification,v1.0.0
HIS-UK-0136,LG-UK-0136,2024-02-01,0.16,16.0,LOW,8,Documentation,v1.0.0
HIS-WB-0137,LG-WB-0137,2024-02-01,0.52,52.0,MEDIUM,103,R&R,v1.0.0
HIS-AN-0138,LG-AN-0138,2024-02-01,0.4,40.0,MEDIUM,84,Notification,v1.0.0
HIS-CH-0139,LG-CH-0139,2024-02-01,0.46,46.0,MEDIUM,44,Compensation,v1.0.0
HIS-DH-0140,LG-DH-0140,2024-02-01,0.54,54.0,MEDIUM,15,Documentation,v1.0.0
HIS-DL-0141,LG-DL-0141,2024-02-01,0.18,18.0,LOW,12,R&R,v1.0.0
HIS-JK-0142,LG-JK-0142,2024-02-01,0.2,20.0,LOW,0,Objection/Hearing,v1.0.0
HIS-LA-0143,LG-LA-0143,2024-02-01,0.13,13.0,LOW,0,Land Identification,v1.0.0
HIS-LD-0144,LG-LD-0144,2024-02-01,0.85,85.0,CRITICAL,419,Notification,v1.0.0
HIS-PY-0145,LG-PY-0145,2024-02-01,0.07,7.0,LOW,3,Notification,v1.0.0
HIS-AP-0146,LG-AP-0146,2024-02-01,0.98,98.0,CRITICAL,280,Compensation,v1.0.0
HIS-AR-0147,LG-AR-0147,2024-02-01,0.96,96.0,CRITICAL,592,Documentation,v1.0.0
HIS-AS-0148,LG-AS-0148,2024-02-01,0.37,37.0,MEDIUM,16,Final Handover,v1.0.0
HIS-BR-0149,LG-BR-0149,2024-02-01,0.55,55.0,MEDIUM,66,Survey,v1.0.0
HIS-CG-0150,LG-CG-0150,2024-02-01,0.37,37.0,MEDIUM,98,Final Handover,v1.0.0
HIS-GA-0151,LG-GA-0151,2024-02-01,0.76,76.0,HIGH,250,Legal Resolution,v1.0.0
HIS-GJ-0152,LG-GJ-0152,2024-02-01,0.49,49.0,MEDIUM,6,Objection/Hearing,v1.0.0
HIS-HR-0153,LG-HR-0153,2024-02-01,0.66,66.0,HIGH,171,Compensation,v1.0.0
HIS-HP-0154,LG-HP-0154,2024-02-01,0.61,61.0,HIGH,133,R&R,v1.0.0
HIS-JH-0155,LG-JH-0155,2024-02-01,0.2,20.0,LOW,5,Final Handover,v1.0.0
HIS-KA-0156,LG-KA-0156,2024-02-01,0.37,37.0,MEDIUM,11,Possession,v1.0.0
HIS-KL-0157,LG-KL-0157,2024-02-01,0.95,95.0,CRITICAL,513,Possession,v1.0.0
HIS-MP-0158,LG-MP-0158,2024-02-01,0.32,32.0,MEDIUM,4,Approval,v1.0.0
HIS-MH-0159,LG-MH-0159,2024-02-01,0.34,34.0,MEDIUM,84,Objection/Hearing,v1.0.0
HIS-MN-0160,LG-MN-0160,2024-02-01,0.82,82.0,CRITICAL,313,R&R,v1.0.0
HIS-ML-0161,LG-ML-0161,2024-02-01,0.62,62.0,HIGH,260,Approval,v1.0.0
HIS-MZ-0162,LG-MZ-0162,2024-02-01,0.52,52.0,MEDIUM,7,Legal Resolution,v1.0.0
HIS-NL-0163,LG-NL-0163,2024-02-01,0.77,77.0,HIGH,124,Possession,v1.0.0
HIS-OD-0164,LG-OD-0164,2024-02-01,0.36,36.0,MEDIUM,14,Notification,v1.0.0
HIS-PB-0165,LG-PB-0165,2024-02-01,0.91,91.0,CRITICAL,384,Compensation,v1.0.0
HIS-RJ-0166,LG-RJ-0166,2024-02-01,0.65,65.0,HIGH,158,Objection/Hearing,v1.0.0
HIS-SK-0167,LG-SK-0167,2024-02-01,0.58,58.0,MEDIUM,9,Land Identification,v1.0.0
HIS-TN-0168,LG-TN-0168,2024-02-01,0.77,77.0,HIGH,253,Notification,v1.0.0
HIS-TS-0169,LG-TS-0169,2024-02-01,0.54,54.0,MEDIUM,95,Land Identification,v1.0.0
HIS-TR-0170,LG-TR-0170,2024-02-01,0.47,47.0,MEDIUM,129,Land Identification,v1.0.0
HIS-UP-0171,LG-UP-0171,2024-02-01,0.71,71.0,HIGH,174,Possession,v1.0.0
HIS-UK-0172,LG-UK-0172,2024-02-01,0.29,29.0,LOW,1,Survey,v1.0.0
HIS-WB-0173,LG-WB-0173,2024-02-01,0.15,15.0,LOW,12,Documentation,v1.0.0
HIS-AN-0174,LG-AN-0174,2024-02-01,0.27,27.0,LOW,8,Compensation,v1.0.0
HIS-CH-0175,LG-CH-0175,2024-02-01,0.66,66.0,HIGH,183,Compensation,v1.0.0
HIS-DH-0176,LG-DH-0176,2024-02-01,0.74,74.0,HIGH,140,Approval,v1.0.0
HIS-DL-0177,LG-DL-0177,2024-02-01,0.82,82.0,CRITICAL,526,Legal Resolution,v1.0.0
HIS-JK-0178,LG-JK-0178,2024-02-01,0.43,43.0,MEDIUM,129,Notification,v1.0.0
HIS-LA-0179,LG-LA-0179,2024-02-01,0.63,63.0,HIGH,221,Documentation,v1.0.0
HIS-LD-0180,LG-LD-0180,2024-02-01,0.14,14.0,LOW,9,Land Identification,v1.0.0
HIS-PY-0181,LG-PY-0181,2024-02-01,0.27,27.0,LOW,8,Compensation,v1.0.0
HIS-AP-0182,LG-AP-0182,2024-02-01,0.12,12.0,LOW,3,Survey,v1.0.0
HIS-AR-0183,LG-AR-0183,2024-02-01,0.5,50.0,MEDIUM,87,Objection/Hearing,v1.0.0
HIS-AS-0184,LG-AS-0184,2024-02-01,0.25,25.0,LOW,13,Documentation,v1.0.0
HIS-BR-0185,LG-BR-0185,2024-02-01,0.36,36.0,MEDIUM,2,Notification,v1.0.0
HIS-CG-0186,LG-CG-0186,2024-02-01,0.13,13.0,LOW,13,Survey,v1.0.0
HIS-GA-0187,LG-GA-0187,2024-02-01,0.7,70.0,HIGH,170,Notification,v1.0.0
HIS-GJ-0188,LG-GJ-0188,2024-02-01,0.97,97.0,CRITICAL,254,Final Handover,v1.0.0
HIS-HR-0189,LG-HR-0189,2024-02-01,0.37,37.0,MEDIUM,113,Land Identification,v1.0.0
HIS-HP-0190,LG-HP-0190,2024-02-01,0.19,19.0,LOW,8,Objection/Hearing,v1.0.0
HIS-JH-0191,LG-JH-0191,2024-02-01,0.36,36.0,MEDIUM,4,R&R,v1.0.0
HIS-KA-0192,LG-KA-0192,2024-02-01,0.26,26.0,LOW,13,Possession,v1.0.0
HIS-KL-0193,LG-KL-0193,2024-02-01,0.54,54.0,MEDIUM,5,Approval,v1.0.0
HIS-MP-0194,LG-MP-0194,2024-02-01,0.7,70.0,HIGH,235,Final Handover,v1.0.0
HIS-MH-0195,LG-MH-0195,2024-02-01,0.55,55.0,MEDIUM,8,Notification,v1.0.0
HIS-MN-0196,LG-MN-0196,2024-02-01,0.94,94.0,CRITICAL,574,Survey,v1.0.0
HIS-ML-0197,LG-ML-0197,2024-02-01,0.33,33.0,MEDIUM,53,Possession,v1.0.0
HIS-MZ-0198,LG-MZ-0198,2024-02-01,0.09,9.0,LOW,9,Possession,v1.0.0
HIS-NL-0199,LG-NL-0199,2024-02-01,0.71,71.0,HIGH,172,Possession,v1.0.0
HIS-OD-0200,LG-OD-0200,2024-02-01,0.56,56.0,MEDIUM,9,Notification,v1.0.0
HIS-PB-0201,LG-PB-0201,2024-02-01,0.98,98.0,CRITICAL,370,Land Identification,v1.0.0
HIS-RJ-0202,LG-RJ-0202,2024-02-01,0.9,90.0,CRITICAL,479,Compensation,v1.0.0
HIS-SK-0203,LG-SK-0203,2024-02-01,0.27,27.0,LOW,10,Documentation,v1.0.0
HIS-TN-0204,LG-TN-0204,2024-02-01,0.08,8.0,LOW,15,Possession,v1.0.0
HIS-TS-0205,LG-TS-0205,2024-02-01,0.77,77.0,HIGH,203,Compensation,v1.0.0
HIS-TR-0206,LG-TR-0206,2024-02-01,0.18,18.0,LOW,12,Land Identification,v1.0.0
HIS-UP-0207,LG-UP-0207,2024-02-01,0.69,69.0,HIGH,220,Documentation,v1.0.0
HIS-UK-0208,LG-UK-0208,2024-02-01,0.14,14.0,LOW,5,Survey,v1.0.0
HIS-WB-0209,LG-WB-0209,2024-02-01,0.57,57.0,MEDIUM,19,Legal Resolution,v1.0.0
HIS-AN-0210,LG-AN-0210,2024-02-01,0.13,13.0,LOW,9,Approval,v1.0.0
HIS-CH-0211,LG-CH-0211,2024-02-01,0.71,71.0,HIGH,204,Objection/Hearing,v1.0.0
HIS-DH-0212,LG-DH-0212,2024-02-01,0.76,76.0,HIGH,246,Compensation,v1.0.0
HIS-DL-0213,LG-DL-0213,2024-02-01,0.24,24.0,LOW,10,R&R,v1.0.0
HIS-JK-0214,LG-JK-0214,2024-02-01,0.26,26.0,LOW,1,Land Identification,v1.0.0
HIS-LA-0215,LG-LA-0215,2024-02-01,0.66,66.0,HIGH,128,Final Handover,v1.0.0
HIS-LD-0216,LG-LD-0216,2024-02-01,0.24,24.0,LOW,9,Legal Resolution,v1.0.0
HIS-PY-0217,LG-PY-0217,2024-02-01,0.65,65.0,HIGH,171,Objection/Hearing,v1.0.0
HIS-AP-0218,LG-AP-0218,2024-02-01,0.08,8.0,LOW,1,Notification,v1.0.0
HIS-AR-0219,LG-AR-0219,2024-02-01,0.07,7.0,LOW,14,Final Handover,v1.0.0
HIS-AS-0220,LG-AS-0220,2024-02-01,0.55,55.0,MEDIUM,12,Objection/Hearing,v1.0.0
HIS-BR-0221,LG-BR-0221,2024-02-01,0.72,72.0,HIGH,149,Possession,v1.0.0
HIS-CG-0222,LG-CG-0222,2024-02-01,0.84,84.0,CRITICAL,350,Documentation,v1.0.0
HIS-GA-0223,LG-GA-0223,2024-02-01,0.69,69.0,HIGH,217,Land Identification,v1.0.0
HIS-GJ-0224,LG-GJ-0224,2024-02-01,0.27,27.0,LOW,13,Survey,v1.0.0
HIS-HR-0225,LG-HR-0225,2024-02-01,0.33,33.0,MEDIUM,108,Approval,v1.0.0
HIS-HP-0226,LG-HP-0226,2024-02-01,0.64,64.0,HIGH,194,Objection/Hearing,v1.0.0
HIS-JH-0227,LG-JH-0227,2024-02-01,0.21,21.0,LOW,4,Notification,v1.0.0
HIS-KA-0228,LG-KA-0228,2024-02-01,0.62,62.0,HIGH,149,Legal Resolution,v1.0.0
HIS-KL-0229,LG-KL-0229,2024-02-01,0.29,29.0,LOW,11,Compensation,v1.0.0
HIS-MP-0230,LG-MP-0230,2024-02-01,0.41,41.0,MEDIUM,14,Approval,v1.0.0
HIS-MH-0231,LG-MH-0231,2024-02-01,0.43,43.0,MEDIUM,118,Final Handover,v1.0.0
HIS-MN-0232,LG-MN-0232,2024-02-01,0.33,33.0,MEDIUM,1,Approval,v1.0.0
HIS-ML-0233,LG-ML-0233,2024-02-01,0.59,59.0,MEDIUM,12,Possession,v1.0.0
HIS-MZ-0234,LG-MZ-0234,2024-02-01,0.17,17.0,LOW,11,Notification,v1.0.0
HIS-NL-0235,LG-NL-0235,2024-02-01,0.29,29.0,LOW,14,Legal Resolution,v1.0.0
HIS-OD-0236,LG-OD-0236,2024-02-01,0.55,55.0,MEDIUM,63,Notification,v1.0.0
HIS-PB-0237,LG-PB-0237,2024-02-01,0.61,61.0,HIGH,160,Compensation,v1.0.0
HIS-RJ-0238,LG-RJ-0238,2024-02-01,0.2,20.0,LOW,15,Documentation,v1.0.0
HIS-SK-0239,LG-SK-0239,2024-02-01,0.09,9.0,LOW,5,Final Handover,v1.0.0
HIS-TN-0240,LG-TN-0240,2024-02-01,0.38,38.0,MEDIUM,10,Land Identification,v1.0.0
HIS-TS-0241,LG-TS-0241,2024-02-01,0.77,77.0,HIGH,148,Documentation,v1.0.0
HIS-TR-0242,LG-TR-0242,2024-02-01,0.69,69.0,HIGH,121,Possession,v1.0.0
HIS-UP-0243,LG-UP-0243,2024-02-01,0.26,26.0,LOW,14,Compensation,v1.0.0
HIS-UK-0244,LG-UK-0244,2024-02-01,0.21,21.0,LOW,2,Objection/Hearing,v1.0.0
HIS-WB-0245,LG-WB-0245,2024-02-01,0.86,86.0,CRITICAL,365,Approval,v1.0.0
HIS-AN-0246,LG-AN-0246,2024-02-01,0.79,79.0,HIGH,193,Possession,v1.0.0
HIS-CH-0247,LG-CH-0247,2024-02-01,0.41,41.0,MEDIUM,94,Objection/Hearing,v1.0.0
HIS-DH-0248,LG-DH-0248,2024-02-01,0.77,77.0,HIGH,164,Objection/Hearing,v1.0.0
HIS-DL-0249,LG-DL-0249,2024-02-01,0.36,36.0,MEDIUM,60,Objection/Hearing,v1.0.0
HIS-JK-0250,LG-JK-0250,2024-02-01,0.2,20.0,LOW,6,Final Handover,v1.0.0
HIS-LA-0251,LG-LA-0251,2024-02-01,0.52,52.0,MEDIUM,6,Final Handover,v1.0.0
HIS-LD-0252,LG-LD-0252,2024-02-01,0.89,89.0,CRITICAL,534,Legal Resolution,v1.0.0
HIS-PY-0253,LG-PY-0253,2024-02-01,0.53,53.0,MEDIUM,3,Documentation,v1.0.0
HIS-AP-0254,LG-AP-0254,2024-02-01,0.21,21.0,LOW,13,Land Identification,v1.0.0
HIS-AR-0255,LG-AR-0255,2024-02-01,0.66,66.0,HIGH,252,Objection/Hearing,v1.0.0
HIS-AS-0256,LG-AS-0256,2024-02-01,0.56,56.0,MEDIUM,4,Land Identification,v1.0.0
HIS-BR-0257,LG-BR-0257,2024-02-01,0.57,57.0,MEDIUM,18,Land Identification,v1.0.0
HIS-CG-0258,LG-CG-0258,2024-02-01,0.29,29.0,LOW,0,Possession,v1.0.0
HIS-GA-0259,LG-GA-0259,2024-02-01,0.67,67.0,HIGH,141,Compensation,v1.0.0
HIS-GJ-0260,LG-GJ-0260,2024-02-01,0.83,83.0,CRITICAL,311,Survey,v1.0.0
HIS-HR-0261,LG-HR-0261,2024-02-01,0.66,66.0,HIGH,250,Legal Resolution,v1.0.0
HIS-HP-0262,LG-HP-0262,2024-02-01,0.4,40.0,MEDIUM,45,Documentation,v1.0.0
HIS-JH-0263,LG-JH-0263,2024-02-01,0.51,51.0,MEDIUM,18,Compensation,v1.0.0
HIS-KA-0264,LG-KA-0264,2024-02-01,0.07,7.0,LOW,12,Land Identification,v1.0.0
HIS-KL-0265,LG-KL-0265,2024-02-01,0.42,42.0,MEDIUM,93,Land Identification,v1.0.0
HIS-MP-0266,LG-MP-0266,2024-02-01,0.23,23.0,LOW,2,Survey,v1.0.0
HIS-MH-0267,LG-MH-0267,2024-02-01,0.5,50.0,MEDIUM,47,Compensation,v1.0.0
HIS-MN-0268,LG-MN-0268,2024-02-01,0.66,66.0,HIGH,223,Compensation,v1.0.0
HIS-ML-0269,LG-ML-0269,2024-02-01,0.78,78.0,HIGH,136,Notification,v1.0.0
HIS-MZ-0270,LG-MZ-0270,2024-02-01,0.65,65.0,HIGH,228,Notification,v1.0.0
HIS-NL-0271,LG-NL-0271,2024-02-01,0.66,66.0,HIGH,181,Approval,v1.0.0
HIS-OD-0272,LG-OD-0272,2024-02-01,0.27,27.0,LOW,10,Notification,v1.0.0
HIS-PB-0273,LG-PB-0273,2024-02-01,0.21,21.0,LOW,1,Notification,v1.0.0
HIS-RJ-0274,LG-RJ-0274,2024-02-01,0.65,65.0,HIGH,192,Documentation,v1.0.0
HIS-SK-0275,LG-SK-0275,2024-02-01,0.09,9.0,LOW,11,Survey,v1.0.0
HIS-TN-0276,LG-TN-0276,2024-02-01,0.64,64.0,HIGH,227,Notification,v1.0.0
HIS-TS-0277,LG-TS-0277,2024-02-01,0.78,78.0,HIGH,240,Final Handover,v1.0.0
HIS-TR-0278,LG-TR-0278,2024-02-01,0.89,89.0,CRITICAL,315,R&R,v1.0.0
HIS-UP-0279,LG-UP-0279,2024-02-01,0.74,74.0,HIGH,161,Documentation,v1.0.0
HIS-UK-0280,LG-UK-0280,2024-02-01,0.18,18.0,LOW,0,Approval,v1.0.0
HIS-WB-0281,LG-WB-0281,2024-02-01,0.13,13.0,LOW,0,Survey,v1.0.0
HIS-AN-0282,LG-AN-0282,2024-02-01,0.88,88.0,CRITICAL,333,Survey,v1.0.0
HIS-CH-0283,LG-CH-0283,2024-02-01,0.2,20.0,LOW,11,Objection/Hearing,v1.0.0
HIS-DH-0284,LG-DH-0284,2024-02-01,0.34,34.0,MEDIUM,16,Survey,v1.0.0
HIS-DL-0285,LG-DL-0285,2024-02-01,0.14,14.0,LOW,8,Documentation,v1.0.0
HIS-JK-0286,LG-JK-0286,2024-02-01,0.76,76.0,HIGH,221,Legal Resolution,v1.0.0
HIS-LA-0287,LG-LA-0287,2024-02-01,0.29,29.0,LOW,14,Final Handover,v1.0.0
HIS-LD-0288,LG-LD-0288,2024-02-01,0.75,75.0,HIGH,179,Compensation,v1.0.0
HIS-PY-0289,LG-PY-0289,2024-02-01,0.28,28.0,LOW,10,Compensation,v1.0.0
HIS-AP-0290,LG-AP-0290,2024-02-01,0.65,65.0,HIGH,197,Notification,v1.0.0
HIS-AR-0291,LG-AR-0291,2024-02-01,0.54,54.0,MEDIUM,14,R&R,v1.0.0
HIS-AS-0292,LG-AS-0292,2024-02-01,0.77,77.0,HIGH,182,R&R,v1.0.0
HIS-BR-0293,LG-BR-0293,2024-02-01,0.75,75.0,HIGH,122,Approval,v1.0.0
HIS-CG-0294,LG-CG-0294,2024-02-01,0.96,96.0,CRITICAL,410,Land Identification,v1.0.0
HIS-GA-0295,LG-GA-0295,2024-02-01,0.07,7.0,LOW,6,Notification,v1.0.0
HIS-GJ-0296,LG-GJ-0296,2024-02-01,0.16,16.0,LOW,0,Land Identification,v1.0.0
HIS-HR-0297,LG-HR-0297,2024-02-01,0.16,16.0,LOW,6,Objection/Hearing,v1.0.0
HIS-HP-0298,LG-HP-0298,2024-02-01,0.48,48.0,MEDIUM,35,Legal Resolution,v1.0.0
HIS-JH-0299,LG-JH-0299,2024-02-01,0.43,43.0,MEDIUM,1,Documentation,v1.0.0
HIS-KA-0300,LG-KA-0300,2024-02-01,0.73,73.0,HIGH,191,Objection/Hearing,v1.0.0
HIS-KL-0301,LG-KL-0301,2024-02-01,0.91,91.0,CRITICAL,455,R&R,v1.0.0
HIS-MP-0302,LG-MP-0302,2024-02-01,0.68,68.0,HIGH,196,Documentation,v1.0.0
HIS-MH-0303,LG-MH-0303,2024-02-01,0.9,90.0,CRITICAL,387,R&R,v1.0.0
HIS-MN-0304,LG-MN-0304,2024-02-01,0.98,98.0,CRITICAL,584,Objection/Hearing,v1.0.0
HIS-ML-0305,LG-ML-0305,2024-02-01,0.39,39.0,MEDIUM,101,Possession,v1.0.0
HIS-MZ-0306,LG-MZ-0306,2024-02-01,0.62,62.0,HIGH,257,Land Identification,v1.0.0
HIS-NL-0307,LG-NL-0307,2024-02-01,0.62,62.0,HIGH,212,Land Identification,v1.0.0
HIS-OD-0308,LG-OD-0308,2024-02-01,0.1,10.0,LOW,8,Possession,v1.0.0
HIS-PB-0309,LG-PB-0309,2024-02-01,0.41,41.0,MEDIUM,44,Legal Resolution,v1.0.0
HIS-RJ-0310,LG-RJ-0310,2024-02-01,0.76,76.0,HIGH,253,Land Identification,v1.0.0
HIS-SK-0311,LG-SK-0311,2024-02-01,0.56,56.0,MEDIUM,49,Legal Resolution,v1.0.0
HIS-TN-0312,LG-TN-0312,2024-02-01,0.14,14.0,LOW,8,Possession,v1.0.0
HIS-TS-0313,LG-TS-0313,2024-02-01,0.37,37.0,MEDIUM,64,Notification,v1.0.0
HIS-TR-0314,LG-TR-0314,2024-02-01,0.17,17.0,LOW,7,Objection/Hearing,v1.0.0
HIS-UP-0315,LG-UP-0315,2024-02-01,0.52,52.0,MEDIUM,8,Objection/Hearing,v1.0.0
HIS-UK-0316,LG-UK-0316,2024-02-01,0.08,8.0,LOW,2,Notification,v1.0.0
HIS-WB-0317,LG-WB-0317,2024-02-01,0.23,23.0,LOW,6,Documentation,v1.0.0
HIS-AN-0318,LG-AN-0318,2024-02-01,0.4,40.0,MEDIUM,47,Legal Resolution,v1.0.0
HIS-CH-0319,LG-CH-0319,2024-02-01,0.4,40.0,MEDIUM,30,Legal Resolution,v1.0.0
HIS-DH-0320,LG-DH-0320,2024-02-01,0.12,12.0,LOW,9,Final Handover,v1.0.0
HIS-DL-0321,LG-DL-0321,2024-02-01,0.44,44.0,MEDIUM,14,Approval,v1.0.0
HIS-JK-0322,LG-JK-0322,2024-02-01,0.8,80.0,HIGH,220,Final Handover,v1.0.0
HIS-LA-0323,LG-LA-0323,2024-02-01,0.16,16.0,LOW,2,Possession,v1.0.0
HIS-LD-0324,LG-LD-0324,2024-02-01,0.65,65.0,HIGH,190,Approval,v1.0.0
HIS-PY-0325,LG-PY-0325,2024-02-01,0.68,68.0,HIGH,237,Legal Resolution,v1.0.0
HIS-AP-0326,LG-AP-0326,2024-02-01,0.85,85.0,CRITICAL,334,Legal Resolution,v1.0.0
HIS-AR-0327,LG-AR-0327,2024-02-01,0.89,89.0,CRITICAL,321,Survey,v1.0.0
HIS-AS-0328,LG-AS-0328,2024-02-01,0.15,15.0,LOW,3,Objection/Hearing,v1.0.0
HIS-BR-0329,LG-BR-0329,2024-02-01,0.67,67.0,HIGH,203,Land Identification,v1.0.0
HIS-CG-0330,LG-CG-0330,2024-02-01,0.24,24.0,LOW,9,Approval,v1.0.0
HIS-GA-0331,LG-GA-0331,2024-02-01,0.11,11.0,LOW,0,Final Handover,v1.0.0
HIS-GJ-0332,LG-GJ-0332,2024-02-01,0.94,94.0,CRITICAL,516,Land Identification,v1.0.0
HIS-HR-0333,LG-HR-0333,2024-02-01,0.63,63.0,HIGH,172,Approval,v1.0.0
HIS-HP-0334,LG-HP-0334,2024-02-01,0.24,24.0,LOW,13,Legal Resolution,v1.0.0
HIS-JH-0335,LG-JH-0335,2024-02-01,0.17,17.0,LOW,11,Possession,v1.0.0
HIS-KA-0336,LG-KA-0336,2024-02-01,0.66,66.0,HIGH,183,Compensation,v1.0.0
HIS-KL-0337,LG-KL-0337,2024-02-01,0.4,40.0,MEDIUM,108,Survey,v1.0.0
HIS-MP-0338,LG-MP-0338,2024-02-01,0.75,75.0,HIGH,193,Approval,v1.0.0
HIS-MH-0339,LG-MH-0339,2024-02-01,0.86,86.0,CRITICAL,313,Approval,v1.0.0
HIS-MN-0340,LG-MN-0340,2024-02-01,0.38,38.0,MEDIUM,124,Land Identification,v1.0.0
HIS-ML-0341,LG-ML-0341,2024-02-01,0.36,36.0,MEDIUM,104,Documentation,v1.0.0
HIS-MZ-0342,LG-MZ-0342,2024-02-01,0.89,89.0,CRITICAL,315,Compensation,v1.0.0
HIS-NL-0343,LG-NL-0343,2024-02-01,0.11,11.0,LOW,8,Final Handover,v1.0.0
HIS-OD-0344,LG-OD-0344,2024-02-01,0.41,41.0,MEDIUM,2,Final Handover,v1.0.0
HIS-PB-0345,LG-PB-0345,2024-02-01,0.64,64.0,HIGH,200,Objection/Hearing,v1.0.0
HIS-RJ-0346,LG-RJ-0346,2024-02-01,0.58,58.0,MEDIUM,1,Possession,v1.0.0
HIS-SK-0347,LG-SK-0347,2024-02-01,0.5,50.0,MEDIUM,78,Compensation,v1.0.0
HIS-TN-0348,LG-TN-0348,2024-02-01,0.92,92.0,CRITICAL,513,Documentation,v1.0.0
HIS-TS-0349,LG-TS-0349,2024-02-01,0.08,8.0,LOW,3,Final Handover,v1.0.0
HIS-TR-0350,LG-TR-0350,2024-02-01,0.55,55.0,MEDIUM,16,Documentation,v1.0.0
HIS-UP-0351,LG-UP-0351,2024-02-01,0.8,80.0,HIGH,228,Possession,v1.0.0
HIS-UK-0352,LG-UK-0352,2024-02-01,0.47,47.0,MEDIUM,19,Objection/Hearing,v1.0.0
HIS-WB-0353,LG-WB-0353,2024-02-01,0.92,92.0,CRITICAL,538,Final Handover,v1.0.0
HIS-AN-0354,LG-AN-0354,2024-02-01,0.59,59.0,MEDIUM,12,Survey,v1.0.0
HIS-CH-0355,LG-CH-0355,2024-02-01,0.42,42.0,MEDIUM,4,Land Identification,v1.0.0
HIS-DH-0356,LG-DH-0356,2024-02-01,0.92,92.0,CRITICAL,296,Compensation,v1.0.0
HIS-DL-0357,LG-DL-0357,2024-02-01,0.46,46.0,MEDIUM,109,Legal Resolution,v1.0.0
HIS-JK-0358,LG-JK-0358,2024-02-01,0.4,40.0,MEDIUM,81,Compensation,v1.0.0
HIS-LA-0359,LG-LA-0359,2024-02-01,0.1,10.0,LOW,15,Legal Resolution,v1.0.0
HIS-LD-0360,LG-LD-0360,2024-02-01,0.08,8.0,LOW,6,R&R,v1.0.0
HIS-PY-0361,LG-PY-0361,2024-02-01,0.79,79.0,HIGH,148,Legal Resolution,v1.0.0
HIS-AP-0362,LG-AP-0362,2024-02-01,0.3,30.0,LOW,8,Notification,v1.0.0
HIS-AR-0363,LG-AR-0363,2024-02-01,0.4,40.0,MEDIUM,87,Survey,v1.0.0
HIS-AS-0364,LG-AS-0364,2024-02-01,0.16,16.0,LOW,3,Objection/Hearing,v1.0.0
HIS-BR-0365,LG-BR-0365,2024-02-01,0.06,6.0,LOW,3,Possession,v1.0.0
HIS-CG-0366,LG-CG-0366,2024-02-01,0.91,91.0,CRITICAL,335,Notification,v1.0.0
HIS-GA-0367,LG-GA-0367,2024-02-01,0.52,52.0,MEDIUM,84,R&R,v1.0.0
HIS-GJ-0368,LG-GJ-0368,2024-02-01,0.21,21.0,LOW,11,Notification,v1.0.0
HIS-HR-0369,LG-HR-0369,2024-02-01,0.27,27.0,LOW,8,Notification,v1.0.0
HIS-HP-0370,LG-HP-0370,2024-02-01,0.36,36.0,MEDIUM,9,Legal Resolution,v1.0.0
HIS-JH-0371,LG-JH-0371,2024-02-01,0.47,47.0,MEDIUM,3,Possession,v1.0.0
HIS-KA-0372,LG-KA-0372,2024-02-01,0.28,28.0,LOW,0,Final Handover,v1.0.0
HIS-KL-0373,LG-KL-0373,2024-02-01,0.2,20.0,LOW,10,Notification,v1.0.0
HIS-MP-0374,LG-MP-0374,2024-02-01,0.79,79.0,HIGH,229,Land Identification,v1.0.0
HIS-MH-0375,LG-MH-0375,2024-02-01,0.63,63.0,HIGH,218,Objection/Hearing,v1.0.0
HIS-MN-0376,LG-MN-0376,2024-02-01,0.65,65.0,HIGH,182,Objection/Hearing,v1.0.0
HIS-ML-0377,LG-ML-0377,2024-02-01,0.17,17.0,LOW,5,Possession,v1.0.0
HIS-MZ-0378,LG-MZ-0378,2024-02-01,0.23,23.0,LOW,9,Documentation,v1.0.0
HIS-NL-0379,LG-NL-0379,2024-02-01,0.65,65.0,HIGH,228,R&R,v1.0.0
HIS-OD-0380,LG-OD-0380,2024-02-01,0.4,40.0,MEDIUM,1,Notification,v1.0.0
HIS-PB-0381,LG-PB-0381,2024-02-01,0.57,57.0,MEDIUM,30,R&R,v1.0.0
HIS-RJ-0382,LG-RJ-0382,2024-02-01,0.76,76.0,HIGH,144,Compensation,v1.0.0
HIS-SK-0383,LG-SK-0383,2024-02-01,0.87,87.0,CRITICAL,270,Legal Resolution,v1.0.0
HIS-TN-0384,LG-TN-0384,2024-02-01,0.42,42.0,MEDIUM,7,Final Handover,v1.0.0
HIS-TS-0385,LG-TS-0385,2024-02-01,0.36,36.0,MEDIUM,17,Compensation,v1.0.0
HIS-TR-0386,LG-TR-0386,2024-02-01,0.67,67.0,HIGH,140,Land Identification,v1.0.0
HIS-UP-0387,LG-UP-0387,2024-02-01,0.49,49.0,MEDIUM,18,Legal Resolution,v1.0.0
HIS-UK-0388,LG-UK-0388,2024-02-01,0.41,41.0,MEDIUM,47,Legal Resolution,v1.0.0
HIS-WB-0389,LG-WB-0389,2024-02-01,0.56,56.0,MEDIUM,56,R&R,v1.0.0
HIS-AN-0390,LG-AN-0390,2024-02-01,0.19,19.0,LOW,14,Possession,v1.0.0
HIS-CH-0391,LG-CH-0391,2024-02-01,0.55,55.0,MEDIUM,11,Final Handover,v1.0.0
HIS-DH-0392,LG-DH-0392,2024-02-01,0.83,83.0,CRITICAL,508,Compensation,v1.0.0
HIS-DL-0393,LG-DL-0393,2024-02-01,0.5,50.0,MEDIUM,7,Documentation,v1.0.0
HIS-JK-0394,LG-JK-0394,2024-02-01,0.77,77.0,HIGH,246,Final Handover,v1.0.0
HIS-LA-0395,LG-LA-0395,2024-02-01,0.17,17.0,LOW,11,Documentation,v1.0.0
HIS-LD-0396,LG-LD-0396,2024-02-01,0.54,54.0,MEDIUM,115,Approval,v1.0.0
HIS-PY-0397,LG-PY-0397,2024-02-01,0.55,55.0,MEDIUM,100,Approval,v1.0.0
HIS-AP-0398,LG-AP-0398,2024-02-01,0.23,23.0,LOW,0,Documentation,v1.0.0
HIS-AR-0399,LG-AR-0399,2024-02-01,0.6,60.0,MEDIUM,25,Final Handover,v1.0.0
HIS-AS-0400,LG-AS-0400,2024-02-01,0.17,17.0,LOW,2,Legal Resolution,v1.0.0
HIS-BR-0401,LG-BR-0401,2024-02-01,0.64,64.0,HIGH,177,Final Handover,v1.0.0
HIS-CG-0402,LG-CG-0402,2024-02-01,0.74,74.0,HIGH,234,Compensation,v1.0.0
HIS-GA-0403,LG-GA-0403,2024-02-01,0.34,34.0,MEDIUM,15,Approval,v1.0.0
HIS-GJ-0404,LG-GJ-0404,2024-02-01,0.78,78.0,HIGH,238,R&R,v1.0.0
HIS-HR-0405,LG-HR-0405,2024-02-01,0.36,36.0,MEDIUM,9,Documentation,v1.0.0
HIS-HP-0406,LG-HP-0406,2024-02-01,0.23,23.0,LOW,7,Notification,v1.0.0
HIS-JH-0407,LG-JH-0407,2024-02-01,0.16,16.0,LOW,15,Notification,v1.0.0
HIS-KA-0408,LG-KA-0408,2024-02-01,0.7,70.0,HIGH,235,Land Identification,v1.0.0
HIS-KL-0409,LG-KL-0409,2024-02-01,0.78,78.0,HIGH,169,Compensation,v1.0.0
HIS-MP-0410,LG-MP-0410,2024-02-01,0.12,12.0,LOW,11,Notification,v1.0.0
HIS-MH-0411,LG-MH-0411,2024-02-01,0.11,11.0,LOW,1,Land Identification,v1.0.0
HIS-MN-0412,LG-MN-0412,2024-02-01,0.38,38.0,MEDIUM,6,Final Handover,v1.0.0
HIS-ML-0413,LG-ML-0413,2024-02-01,0.83,83.0,CRITICAL,465,Objection/Hearing,v1.0.0
HIS-MZ-0414,LG-MZ-0414,2024-02-01,0.63,63.0,HIGH,135,R&R,v1.0.0
HIS-NL-0415,LG-NL-0415,2024-02-01,0.69,69.0,HIGH,249,Legal Resolution,v1.0.0
HIS-OD-0416,LG-OD-0416,2024-02-01,0.74,74.0,HIGH,214,Documentation,v1.0.0
HIS-PB-0417,LG-PB-0417,2024-02-01,0.56,56.0,MEDIUM,84,Final Handover,v1.0.0
HIS-RJ-0418,LG-RJ-0418,2024-02-01,0.76,76.0,HIGH,249,Documentation,v1.0.0
HIS-SK-0419,LG-SK-0419,2024-02-01,0.97,97.0,CRITICAL,465,Survey,v1.0.0
HIS-TN-0420,LG-TN-0420,2024-02-01,0.32,32.0,MEDIUM,18,Final Handover,v1.0.0
HIS-TS-0421,LG-TS-0421,2024-02-01,0.69,69.0,HIGH,232,Legal Resolution,v1.0.0
HIS-TR-0422,LG-TR-0422,2024-02-01,0.33,33.0,MEDIUM,99,Notification,v1.0.0
HIS-UP-0423,LG-UP-0423,2024-02-01,0.91,91.0,CRITICAL,463,Objection/Hearing,v1.0.0
HIS-UK-0424,LG-UK-0424,2024-02-01,0.89,89.0,CRITICAL,532,Approval,v1.0.0
HIS-WB-0425,LG-WB-0425,2024-02-01,0.3,30.0,LOW,1,Compensation,v1.0.0
HIS-AN-0426,LG-AN-0426,2024-02-01,0.75,75.0,HIGH,233,Compensation,v1.0.0
HIS-CH-0427,LG-CH-0427,2024-02-01,0.98,98.0,CRITICAL,268,Survey,v1.0.0
HIS-DH-0428,LG-DH-0428,2024-02-01,0.71,71.0,HIGH,128,Legal Resolution,v1.0.0
HIS-DL-0429,LG-DL-0429,2024-02-01,0.45,45.0,MEDIUM,12,Land Identification,v1.0.0
HIS-JK-0430,LG-JK-0430,2024-02-01,0.7,70.0,HIGH,233,Final Handover,v1.0.0
HIS-LA-0431,LG-LA-0431,2024-02-01,0.5,50.0,MEDIUM,3,Objection/Hearing,v1.0.0
HIS-LD-0432,LG-LD-0432,2024-02-01,0.26,26.0,LOW,11,Land Identification,v1.0.0
HIS-PY-0433,LG-PY-0433,2024-02-01,0.18,18.0,LOW,10,Notification,v1.0.0
HIS-AP-0434,LG-AP-0434,2024-02-01,0.55,55.0,MEDIUM,44,Possession,v1.0.0
HIS-AR-0435,LG-AR-0435,2024-02-01,0.51,51.0,MEDIUM,13,Survey,v1.0.0
HIS-AS-0436,LG-AS-0436,2024-02-01,0.06,6.0,LOW,13,Land Identification,v1.0.0
HIS-BR-0437,LG-BR-0437,2024-02-01,0.45,45.0,MEDIUM,116,Objection/Hearing,v1.0.0
HIS-CG-0438,LG-CG-0438,2024-02-01,0.42,42.0,MEDIUM,61,Legal Resolution,v1.0.0
HIS-GA-0439,LG-GA-0439,2024-02-01,0.28,28.0,LOW,3,Survey,v1.0.0
HIS-GJ-0440,LG-GJ-0440,2024-02-01,0.66,66.0,HIGH,246,Possession,v1.0.0
HIS-HR-0441,LG-HR-0441,2024-02-01,0.66,66.0,HIGH,122,Final Handover,v1.0.0
HIS-HP-0442,LG-HP-0442,2024-02-01,0.46,46.0,MEDIUM,81,Approval,v1.0.0
HIS-JH-0443,LG-JH-0443,2024-02-01,0.94,94.0,CRITICAL,315,Notification,v1.0.0
HIS-KA-0444,LG-KA-0444,2024-02-01,0.56,56.0,MEDIUM,18,Legal Resolution,v1.0.0
HIS-KL-0445,LG-KL-0445,2024-02-01,0.67,67.0,HIGH,178,Objection/Hearing,v1.0.0
HIS-MP-0446,LG-MP-0446,2024-02-01,0.21,21.0,LOW,12,Land Identification,v1.0.0
HIS-MH-0447,LG-MH-0447,2024-02-01,0.1,10.0,LOW,14,Possession,v1.0.0
HIS-MN-0448,LG-MN-0448,2024-02-01,0.89,89.0,CRITICAL,439,Legal Resolution,v1.0.0
HIS-ML-0449,LG-ML-0449,2024-02-01,0.51,51.0,MEDIUM,10,Possession,v1.0.0
HIS-MZ-0450,LG-MZ-0450,2024-02-01,0.96,96.0,CRITICAL,474,R&R,v1.0.0
HIS-NL-0451,LG-NL-0451,2024-02-01,0.44,44.0,MEDIUM,80,Final Handover,v1.0.0
HIS-OD-0452,LG-OD-0452,2024-02-01,0.14,14.0,LOW,7,Approval,v1.0.0
HIS-PB-0453,LG-PB-0453,2024-02-01,0.13,13.0,LOW,12,Final Handover,v1.0.0
HIS-RJ-0454,LG-RJ-0454,2024-02-01,0.45,45.0,MEDIUM,110,Land Identification,v1.0.0
HIS-SK-0455,LG-SK-0455,2024-02-01,0.47,47.0,MEDIUM,19,Final Handover,v1.0.0
HIS-TN-0456,LG-TN-0456,2024-02-01,0.92,92.0,CRITICAL,390,Notification,v1.0.0
HIS-TS-0457,LG-TS-0457,2024-02-01,0.3,30.0,LOW,8,Documentation,v1.0.0
HIS-TR-0458,LG-TR-0458,2024-02-01,0.22,22.0,LOW,6,Final Handover,v1.0.0
HIS-UP-0459,LG-UP-0459,2024-02-01,0.51,51.0,MEDIUM,127,Survey,v1.0.0
HIS-UK-0460,LG-UK-0460,2024-02-01,0.79,79.0,HIGH,129,Notification,v1.0.0
HIS-WB-0461,LG-WB-0461,2024-02-01,0.48,48.0,MEDIUM,14,Notification,v1.0.0
HIS-AN-0462,LG-AN-0462,2024-02-01,0.55,55.0,MEDIUM,80,Documentation,v1.0.0
HIS-CH-0463,LG-CH-0463,2024-02-01,0.4,40.0,MEDIUM,2,Land Identification,v1.0.0
HIS-DH-0464,LG-DH-0464,2024-02-01,0.74,74.0,HIGH,240,Approval,v1.0.0
HIS-DL-0465,LG-DL-0465,2024-02-01,0.14,14.0,LOW,7,Compensation,v1.0.0
HIS-JK-0466,LG-JK-0466,2024-02-01,0.51,51.0,MEDIUM,11,Notification,v1.0.0
HIS-LA-0467,LG-LA-0467,2024-02-01,0.59,59.0,MEDIUM,5,Land Identification,v1.0.0
HIS-LD-0468,LG-LD-0468,2024-02-01,0.22,22.0,LOW,10,Legal Resolution,v1.0.0
HIS-PY-0469,LG-PY-0469,2024-02-01,0.28,28.0,LOW,7,Survey,v1.0.0
HIS-AP-0470,LG-AP-0470,2024-02-01,0.49,49.0,MEDIUM,58,Notification,v1.0.0
HIS-AR-0471,LG-AR-0471,2024-02-01,0.07,7.0,LOW,10,Final Handover,v1.0.0
HIS-AS-0472,LG-AS-0472,2024-02-01,0.5,50.0,MEDIUM,24,Land Identification,v1.0.0
HIS-BR-0473,LG-BR-0473,2024-02-01,0.14,14.0,LOW,7,Possession,v1.0.0
HIS-CG-0474,LG-CG-0474,2024-02-01,0.56,56.0,MEDIUM,48,Compensation,v1.0.0
HIS-GA-0475,LG-GA-0475,2024-02-01,0.4,40.0,MEDIUM,22,Final Handover,v1.0.0
HIS-GJ-0476,LG-GJ-0476,2024-02-01,0.91,91.0,CRITICAL,600,Documentation,v1.0.0
HIS-HR-0477,LG-HR-0477,2024-02-01,0.7,70.0,HIGH,232,Final Handover,v1.0.0
HIS-HP-0478,LG-HP-0478,2024-02-01,0.78,78.0,HIGH,237,Possession,v1.0.0
HIS-JH-0479,LG-JH-0479,2024-02-01,0.17,17.0,LOW,9,Notification,v1.0.0
HIS-KA-0480,LG-KA-0480,2024-02-01,0.21,21.0,LOW,11,Possession,v1.0.0
HIS-KL-0481,LG-KL-0481,2024-02-01,0.19,19.0,LOW,14,Approval,v1.0.0
HIS-MP-0482,LG-MP-0482,2024-02-01,0.59,59.0,MEDIUM,1,Survey,v1.0.0
HIS-MH-0483,LG-MH-0483,2024-02-01,0.48,48.0,MEDIUM,17,Legal Resolution,v1.0.0
HIS-MN-0484,LG-MN-0484,2024-02-01,0.51,51.0,MEDIUM,55,Notification,v1.0.0
HIS-ML-0485,LG-ML-0485,2024-02-01,0.51,51.0,MEDIUM,33,Survey,v1.0.0
HIS-MZ-0486,LG-MZ-0486,2024-02-01,0.75,75.0,HIGH,205,Final Handover,v1.0.0
HIS-NL-0487,LG-NL-0487,2024-02-01,0.72,72.0,HIGH,203,Notification,v1.0.0
HIS-OD-0488,LG-OD-0488,2024-02-01,0.28,28.0,LOW,14,Legal Resolution,v1.0.0
HIS-PB-0489,LG-PB-0489,2024-02-01,0.44,44.0,MEDIUM,118,Legal Resolution,v1.0.0
HIS-RJ-0490,LG-RJ-0490,2024-02-01,0.7,70.0,HIGH,257,Compensation,v1.0.0
HIS-SK-0491,LG-SK-0491,2024-02-01,0.87,87.0,CRITICAL,583,Possession,v1.0.0
HIS-TN-0492,LG-TN-0492,2024-02-01,0.53,53.0,MEDIUM,6,Approval,v1.0.0
HIS-TS-0493,LG-TS-0493,2024-02-01,0.44,44.0,MEDIUM,23,Approval,v1.0.0
HIS-TR-0494,LG-TR-0494,2024-02-01,0.25,25.0,LOW,2,Documentation,v1.0.0
HIS-UP-0495,LG-UP-0495,2024-02-01,0.93,93.0,CRITICAL,390,Survey,v1.0.0
HIS-UK-0496,LG-UK-0496,2024-02-01,0.54,54.0,MEDIUM,34,Final Handover,v1.0.0
HIS-WB-0497,LG-WB-0497,2024-02-01,0.07,7.0,LOW,7,Documentation,v1.0.0
HIS-AN-0498,LG-AN-0498,2024-02-01,0.38,38.0,MEDIUM,4,Final Handover,v1.0.0
HIS-CH-0499,LG-CH-0499,2024-02-01,0.76,76.0,HIGH,132,Possession,v1.0.0
HIS-DH-0500,LG-DH-0500,2024-02-01,0.38,38.0,MEDIUM,43,Possession,v1.0.0
HIS-DL-0501,LG-DL-0501,2024-02-01,0.29,29.0,LOW,2,Legal Resolution,v1.0.0
HIS-JK-0502,LG-JK-0502,2024-02-01,0.58,58.0,MEDIUM,17,Possession,v1.0.0
HIS-LA-0503,LG-LA-0503,2024-02-01,0.09,9.0,LOW,13,Land Identification,v1.0.0
HIS-LD-0504,LG-LD-0504,2024-02-01,0.67,67.0,HIGH,253,Compensation,v1.0.0
HIS-PY-0505,LG-PY-0505,2024-02-01,0.46,46.0,MEDIUM,48,Notification,v1.0.0
HIS-AP-0506,LG-AP-0506,2024-02-01,0.48,48.0,MEDIUM,48,Notification,v1.0.0
HIS-AR-0507,LG-AR-0507,2024-02-01,0.23,23.0,LOW,12,Survey,v1.0.0
HIS-AS-0508,LG-AS-0508,2024-02-01,0.14,14.0,LOW,11,Objection/Hearing,v1.0.0
HIS-BR-0509,LG-BR-0509,2024-02-01,0.77,77.0,HIGH,201,Compensation,v1.0.0
HIS-CG-0510,LG-CG-0510,2024-02-01,0.92,92.0,CRITICAL,453,Objection/Hearing,v1.0.0
HIS-GA-0511,LG-GA-0511,2024-02-01,0.38,38.0,MEDIUM,15,Survey,v1.0.0
HIS-GJ-0512,LG-GJ-0512,2024-02-01,0.93,93.0,CRITICAL,383,R&R,v1.0.0
HIS-HR-0513,LG-HR-0513,2024-02-01,0.51,51.0,MEDIUM,111,Approval,v1.0.0
HIS-HP-0514,LG-HP-0514,2024-02-01,0.75,75.0,HIGH,127,Final Handover,v1.0.0
HIS-JH-0515,LG-JH-0515,2024-02-01,0.36,36.0,MEDIUM,113,R&R,v1.0.0
HIS-KA-0516,LG-KA-0516,2024-02-01,0.36,36.0,MEDIUM,31,Compensation,v1.0.0
HIS-KL-0517,LG-KL-0517,2024-02-01,0.26,26.0,LOW,11,Objection/Hearing,v1.0.0
HIS-MP-0518,LG-MP-0518,2024-02-01,0.25,25.0,LOW,3,Documentation,v1.0.0
HIS-MH-0519,LG-MH-0519,2024-02-01,0.32,32.0,MEDIUM,12,Legal Resolution,v1.0.0
HIS-MN-0520,LG-MN-0520,2024-02-01,0.42,42.0,MEDIUM,75,R&R,v1.0.0
HIS-ML-0521,LG-ML-0521,2024-02-01,0.65,65.0,HIGH,218,Survey,v1.0.0
HIS-MZ-0522,LG-MZ-0522,2024-02-01,0.6,60.0,MEDIUM,10,Survey,v1.0.0
HIS-NL-0523,LG-NL-0523,2024-02-01,0.51,51.0,MEDIUM,20,Final Handover,v1.0.0
HIS-OD-0524,LG-OD-0524,2024-02-01,0.56,56.0,MEDIUM,17,Final Handover,v1.0.0
HIS-PB-0525,LG-PB-0525,2024-02-01,0.67,67.0,HIGH,159,Objection/Hearing,v1.0.0
HIS-RJ-0526,LG-RJ-0526,2024-02-01,0.74,74.0,HIGH,148,Legal Resolution,v1.0.0
HIS-SK-0527,LG-SK-0527,2024-02-01,0.28,28.0,LOW,15,Compensation,v1.0.0
HIS-TN-0528,LG-TN-0528,2024-02-01,0.76,76.0,HIGH,230,Legal Resolution,v1.0.0
HIS-TS-0529,LG-TS-0529,2024-02-01,0.65,65.0,HIGH,182,Compensation,v1.0.0
HIS-TR-0530,LG-TR-0530,2024-02-01,0.44,44.0,MEDIUM,86,Final Handover,v1.0.0
HIS-UP-0531,LG-UP-0531,2024-02-01,0.22,22.0,LOW,1,Objection/Hearing,v1.0.0
HIS-UK-0532,LG-UK-0532,2024-02-01,0.43,43.0,MEDIUM,5,Notification,v1.0.0
HIS-WB-0533,LG-WB-0533,2024-02-01,0.47,47.0,MEDIUM,105,Documentation,v1.0.0
HIS-AN-0534,LG-AN-0534,2024-02-01,0.77,77.0,HIGH,213,Objection/Hearing,v1.0.0
HIS-CH-0535,LG-CH-0535,2024-02-01,0.32,32.0,MEDIUM,69,Notification,v1.0.0
HIS-DH-0536,LG-DH-0536,2024-02-01,0.25,25.0,LOW,0,Notification,v1.0.0
HIS-DL-0537,LG-DL-0537,2024-02-01,0.06,6.0,LOW,3,Possession,v1.0.0
HIS-JK-0538,LG-JK-0538,2024-02-01,0.71,71.0,HIGH,167,Legal Resolution,v1.0.0
HIS-LA-0539,LG-LA-0539,2024-02-01,0.66,66.0,HIGH,184,Compensation,v1.0.0
HIS-LD-0540,LG-LD-0540,2024-02-01,0.45,45.0,MEDIUM,67,Final Handover,v1.0.0
HIS-PY-0541,LG-PY-0541,2024-02-01,0.69,69.0,HIGH,158,Compensation,v1.0.0
HIS-AP-0542,LG-AP-0542,2024-02-01,0.14,14.0,LOW,1,Notification,v1.0.0
HIS-AR-0543,LG-AR-0543,2024-02-01,0.72,72.0,HIGH,214,Final Handover,v1.0.0
HIS-AS-0544,LG-AS-0544,2024-02-01,0.7,70.0,HIGH,183,Objection/Hearing,v1.0.0
HIS-BR-0545,LG-BR-0545,2024-02-01,0.41,41.0,MEDIUM,10,Notification,v1.0.0
HIS-CG-0546,LG-CG-0546,2024-02-01,0.61,61.0,HIGH,195,Approval,v1.0.0
HIS-GA-0547,LG-GA-0547,2024-02-01,0.64,64.0,HIGH,214,Notification,v1.0.0
HIS-GJ-0548,LG-GJ-0548,2024-02-01,0.29,29.0,LOW,11,Documentation,v1.0.0
HIS-HR-0549,LG-HR-0549,2024-02-01,0.62,62.0,HIGH,242,Documentation,v1.0.0
HIS-HP-0550,LG-HP-0550,2024-02-01,0.18,18.0,LOW,11,Compensation,v1.0.0
HIS-JH-0551,LG-JH-0551,2024-02-01,0.34,34.0,MEDIUM,5,Possession,v1.0.0
HIS-KA-0552,LG-KA-0552,2024-02-01,0.58,58.0,MEDIUM,15,Final Handover,v1.0.0
HIS-KL-0553,LG-KL-0553,2024-02-01,0.84,84.0,CRITICAL,580,Land Identification,v1.0.0
HIS-MP-0554,LG-MP-0554,2024-02-01,0.93,93.0,CRITICAL,546,Approval,v1.0.0
HIS-MH-0555,LG-MH-0555,2024-02-01,0.23,23.0,LOW,9,Legal Resolution,v1.0.0
HIS-MN-0556,LG-MN-0556,2024-02-01,0.5,50.0,MEDIUM,11,R&R,v1.0.0
HIS-ML-0557,LG-ML-0557,2024-02-01,0.47,47.0,MEDIUM,116,Legal Resolution,v1.0.0
HIS-MZ-0558,LG-MZ-0558,2024-02-01,0.74,74.0,HIGH,178,Compensation,v1.0.0
HIS-NL-0559,LG-NL-0559,2024-02-01,0.51,51.0,MEDIUM,2,Survey,v1.0.0
HIS-OD-0560,LG-OD-0560,2024-02-01,0.15,15.0,LOW,10,Final Handover,v1.0.0
HIS-PB-0561,LG-PB-0561,2024-02-01,0.62,62.0,HIGH,217,Legal Resolution,v1.0.0
HIS-RJ-0562,LG-RJ-0562,2024-02-01,0.46,46.0,MEDIUM,28,Objection/Hearing,v1.0.0
HIS-SK-0563,LG-SK-0563,2024-02-01,0.4,40.0,MEDIUM,25,Possession,v1.0.0
HIS-TN-0564,LG-TN-0564,2024-02-01,0.51,51.0,MEDIUM,91,Land Identification,v1.0.0
HIS-TS-0565,LG-TS-0565,2024-02-01,0.84,84.0,CRITICAL,368,Legal Resolution,v1.0.0
HIS-TR-0566,LG-TR-0566,2024-02-01,0.92,92.0,CRITICAL,533,Documentation,v1.0.0
HIS-UP-0567,LG-UP-0567,2024-02-01,0.44,44.0,MEDIUM,70,Compensation,v1.0.0
HIS-UK-0568,LG-UK-0568,2024-02-01,0.47,47.0,MEDIUM,127,Possession,v1.0.0
HIS-WB-0569,LG-WB-0569,2024-02-01,0.28,28.0,LOW,10,Possession,v1.0.0
HIS-AN-0570,LG-AN-0570,2024-02-01,0.08,8.0,LOW,5,Documentation,v1.0.0
HIS-CH-0571,LG-CH-0571,2024-02-01,0.25,25.0,LOW,6,R&R,v1.0.0
HIS-DH-0572,LG-DH-0572,2024-02-01,0.58,58.0,MEDIUM,3,Legal Resolution,v1.0.0
HIS-DL-0573,LG-DL-0573,2024-02-01,0.49,49.0,MEDIUM,17,Notification,v1.0.0
HIS-JK-0574,LG-JK-0574,2024-02-01,0.11,11.0,LOW,6,Documentation,v1.0.0
HIS-LA-0575,LG-LA-0575,2024-02-01,0.37,37.0,MEDIUM,12,R&R,v1.0.0
HIS-LD-0576,LG-LD-0576,2024-02-01,0.57,57.0,MEDIUM,66,Land Identification,v1.0.0
HIS-PY-0577,LG-PY-0577,2024-02-01,0.43,43.0,MEDIUM,7,Documentation,v1.0.0
HIS-AP-0578,LG-AP-0578,2024-02-01,0.46,46.0,MEDIUM,4,Land Identification,v1.0.0
HIS-AR-0579,LG-AR-0579,2024-02-01,0.8,80.0,HIGH,137,Approval,v1.0.0
HIS-AS-0580,LG-AS-0580,2024-02-01,0.49,49.0,MEDIUM,34,Compensation,v1.0.0
HIS-BR-0581,LG-BR-0581,2024-02-01,0.7,70.0,HIGH,172,Documentation,v1.0.0
HIS-CG-0582,LG-CG-0582,2024-02-01,0.35,35.0,MEDIUM,3,Possession,v1.0.0
HIS-GA-0583,LG-GA-0583,2024-02-01,0.79,79.0,HIGH,159,Objection/Hearing,v1.0.0
HIS-GJ-0584,LG-GJ-0584,2024-02-01,0.81,81.0,CRITICAL,357,Notification,v1.0.0
HIS-HR-0585,LG-HR-0585,2024-02-01,0.94,94.0,CRITICAL,554,Objection/Hearing,v1.0.0
HIS-HP-0586,LG-HP-0586,2024-02-01,0.15,15.0,LOW,11,Documentation,v1.0.0
HIS-JH-0587,LG-JH-0587,2024-02-01,0.85,85.0,CRITICAL,551,Compensation,v1.0.0
HIS-KA-0588,LG-KA-0588,2024-02-01,0.42,42.0,MEDIUM,127,Documentation,v1.0.0
HIS-KL-0589,LG-KL-0589,2024-02-01,0.2,20.0,LOW,14,Compensation,v1.0.0
HIS-MP-0590,LG-MP-0590,2024-02-01,0.63,63.0,HIGH,129,Notification,v1.0.0
HIS-MH-0591,LG-MH-0591,2024-02-01,0.65,65.0,HIGH,220,Survey,v1.0.0
HIS-MN-0592,LG-MN-0592,2024-02-01,0.63,63.0,HIGH,226,Documentation,v1.0.0
HIS-ML-0593,LG-ML-0593,2024-02-01,0.6,60.0,MEDIUM,87,Objection/Hearing,v1.0.0
HIS-MZ-0594,LG-MZ-0594,2024-02-01,0.67,67.0,HIGH,187,Survey,v1.0.0
HIS-NL-0595,LG-NL-0595,2024-02-01,0.8,80.0,HIGH,247,Notification,v1.0.0
HIS-OD-0596,LG-OD-0596,2024-02-01,0.96,96.0,CRITICAL,332,Final Handover,v1.0.0
HIS-PB-0597,LG-PB-0597,2024-02-01,0.63,63.0,HIGH,250,Approval,v1.0.0
HIS-RJ-0598,LG-RJ-0598,2024-02-01,0.06,6.0,LOW,11,Survey,v1.0.0
HIS-SK-0599,LG-SK-0599,2024-02-01,0.84,84.0,CRITICAL,481,Approval,v1.0.0
HIS-TN-0600,LG-TN-0600,2024-02-01,0.47,47.0,MEDIUM,9,R&R,v1.0.0
HIS-TS-0601,LG-TS-0601,2024-02-01,0.48,48.0,MEDIUM,16,Survey,v1.0.0
HIS-TR-0602,LG-TR-0602,2024-02-01,0.78,78.0,HIGH,145,Notification,v1.0.0
HIS-UP-0603,LG-UP-0603,2024-02-01,0.37,37.0,MEDIUM,15,Legal Resolution,v1.0.0
HIS-UK-0604,LG-UK-0604,2024-02-01,0.66,66.0,HIGH,227,Compensation,v1.0.0
HIS-WB-0605,LG-WB-0605,2024-02-01,0.85,85.0,CRITICAL,583,Land Identification,v1.0.0
HIS-AN-0606,LG-AN-0606,2024-02-01,0.17,17.0,LOW,7,Legal Resolution,v1.0.0
HIS-CH-0607,LG-CH-0607,2024-02-01,0.16,16.0,LOW,7,Notification,v1.0.0
HIS-DH-0608,LG-DH-0608,2024-02-01,0.24,24.0,LOW,9,Final Handover,v1.0.0
HIS-DL-0609,LG-DL-0609,2024-02-01,0.74,74.0,HIGH,184,Objection/Hearing,v1.0.0
HIS-JK-0610,LG-JK-0610,2024-02-01,0.56,56.0,MEDIUM,13,Objection/Hearing,v1.0.0
HIS-LA-0611,LG-LA-0611,2024-02-01,0.48,48.0,MEDIUM,121,Land Identification,v1.0.0
HIS-LD-0612,LG-LD-0612,2024-02-01,0.59,59.0,MEDIUM,3,Survey,v1.0.0
HIS-PY-0613,LG-PY-0613,2024-02-01,0.55,55.0,MEDIUM,2,Legal Resolution,v1.0.0
HIS-AP-0614,LG-AP-0614,2024-02-01,0.64,64.0,HIGH,235,Compensation,v1.0.0
HIS-AR-0615,LG-AR-0615,2024-02-01,0.11,11.0,LOW,1,Approval,v1.0.0
HIS-AS-0616,LG-AS-0616,2024-02-01,0.71,71.0,HIGH,205,Land Identification,v1.0.0
HIS-BR-0617,LG-BR-0617,2024-02-01,0.63,63.0,HIGH,127,R&R,v1.0.0
HIS-CG-0618,LG-CG-0618,2024-02-01,0.45,45.0,MEDIUM,56,Objection/Hearing,v1.0.0
HIS-GA-0619,LG-GA-0619,2024-02-01,0.72,72.0,HIGH,216,Land Identification,v1.0.0
HIS-GJ-0620,LG-GJ-0620,2024-02-01,0.33,33.0,MEDIUM,2,R&R,v1.0.0
HIS-HR-0621,LG-HR-0621,2024-02-01,0.74,74.0,HIGH,156,Legal Resolution,v1.0.0
HIS-HP-0622,LG-HP-0622,2024-02-01,0.67,67.0,HIGH,219,Documentation,v1.0.0
HIS-JH-0623,LG-JH-0623,2024-02-01,0.27,27.0,LOW,8,Documentation,v1.0.0
HIS-KA-0624,LG-KA-0624,2024-02-01,0.77,77.0,HIGH,169,Land Identification,v1.0.0
HIS-KL-0625,LG-KL-0625,2024-02-01,0.21,21.0,LOW,12,Survey,v1.0.0
HIS-MP-0626,LG-MP-0626,2024-02-01,0.79,79.0,HIGH,254,R&R,v1.0.0
HIS-MH-0627,LG-MH-0627,2024-02-01,0.39,39.0,MEDIUM,17,Final Handover,v1.0.0
HIS-MN-0628,LG-MN-0628,2024-02-01,0.08,8.0,LOW,9,R&R,v1.0.0
HIS-ML-0629,LG-ML-0629,2024-02-01,0.18,18.0,LOW,1,R&R,v1.0.0
HIS-MZ-0630,LG-MZ-0630,2024-02-01,0.69,69.0,HIGH,244,Survey,v1.0.0
HIS-NL-0631,LG-NL-0631,2024-02-01,0.11,11.0,LOW,6,Approval,v1.0.0
HIS-OD-0632,LG-OD-0632,2024-02-01,0.91,91.0,CRITICAL,569,Possession,v1.0.0
HIS-PB-0633,LG-PB-0633,2024-02-01,0.76,76.0,HIGH,195,Notification,v1.0.0
HIS-RJ-0634,LG-RJ-0634,2024-02-01,0.35,35.0,MEDIUM,16,Land Identification,v1.0.0
HIS-SK-0635,LG-SK-0635,2024-02-01,0.68,68.0,HIGH,216,Land Identification,v1.0.0
HIS-TN-0636,LG-TN-0636,2024-02-01,0.77,77.0,HIGH,130,Survey,v1.0.0
HIS-TS-0637,LG-TS-0637,2024-02-01,0.14,14.0,LOW,2,R&R,v1.0.0
HIS-TR-0638,LG-TR-0638,2024-02-01,0.39,39.0,MEDIUM,96,Possession,v1.0.0
HIS-UP-0639,LG-UP-0639,2024-02-01,0.69,69.0,HIGH,125,Legal Resolution,v1.0.0
HIS-UK-0640,LG-UK-0640,2024-02-01,0.53,53.0,MEDIUM,7,Compensation,v1.0.0
HIS-WB-0641,LG-WB-0641,2024-02-01,0.29,29.0,LOW,1,Notification,v1.0.0
HIS-AN-0642,LG-AN-0642,2024-02-01,0.37,37.0,MEDIUM,20,Legal Resolution,v1.0.0
HIS-CH-0643,LG-CH-0643,2024-02-01,0.76,76.0,HIGH,246,Approval,v1.0.0
HIS-DH-0644,LG-DH-0644,2024-02-01,0.51,51.0,MEDIUM,12,Documentation,v1.0.0
HIS-DL-0645,LG-DL-0645,2024-02-01,0.49,49.0,MEDIUM,99,Possession,v1.0.0
HIS-JK-0646,LG-JK-0646,2024-02-01,0.82,82.0,CRITICAL,581,Notification,v1.0.0
HIS-LA-0647,LG-LA-0647,2024-02-01,0.5,50.0,MEDIUM,20,Legal Resolution,v1.0.0
HIS-LD-0648,LG-LD-0648,2024-02-01,0.51,51.0,MEDIUM,26,Possession,v1.0.0
HIS-PY-0649,LG-PY-0649,2024-02-01,0.1,10.0,LOW,9,Objection/Hearing,v1.0.0
HIS-AP-0650,LG-AP-0650,2024-02-01,0.37,37.0,MEDIUM,95,Objection/Hearing,v1.0.0
HIS-AR-0651,LG-AR-0651,2024-02-01,0.58,58.0,MEDIUM,3,Compensation,v1.0.0
HIS-AS-0652,LG-AS-0652,2024-02-01,0.25,25.0,LOW,6,Survey,v1.0.0
HIS-BR-0653,LG-BR-0653,2024-02-01,0.61,61.0,HIGH,242,Survey,v1.0.0
HIS-CG-0654,LG-CG-0654,2024-02-01,0.12,12.0,LOW,8,Compensation,v1.0.0
HIS-GA-0655,LG-GA-0655,2024-02-01,0.06,6.0,LOW,10,Possession,v1.0.0
HIS-GJ-0656,LG-GJ-0656,2024-02-01,0.66,66.0,HIGH,145,Survey,v1.0.0
HIS-HR-0657,LG-HR-0657,2024-02-01,0.1,10.0,LOW,9,Final Handover,v1.0.0
HIS-HP-0658,LG-HP-0658,2024-02-01,0.46,46.0,MEDIUM,23,Final Handover,v1.0.0
HIS-JH-0659,LG-JH-0659,2024-02-01,0.15,15.0,LOW,14,Notification,v1.0.0
HIS-KA-0660,LG-KA-0660,2024-02-01,0.78,78.0,HIGH,225,Approval,v1.0.0
HIS-KL-0661,LG-KL-0661,2024-02-01,0.64,64.0,HIGH,176,Approval,v1.0.0
HIS-MP-0662,LG-MP-0662,2024-02-01,0.23,23.0,LOW,15,Legal Resolution,v1.0.0
HIS-MH-0663,LG-MH-0663,2024-02-01,0.71,71.0,HIGH,239,Objection/Hearing,v1.0.0
HIS-MN-0664,LG-MN-0664,2024-02-01,0.08,8.0,LOW,10,Land Identification,v1.0.0
HIS-ML-0665,LG-ML-0665,2024-02-01,0.72,72.0,HIGH,121,Possession,v1.0.0
HIS-MZ-0666,LG-MZ-0666,2024-02-01,0.83,83.0,CRITICAL,309,Survey,v1.0.0
HIS-NL-0667,LG-NL-0667,2024-02-01,0.73,73.0,HIGH,236,Approval,v1.0.0
HIS-OD-0668,LG-OD-0668,2024-02-01,0.93,93.0,CRITICAL,429,Final Handover,v1.0.0
HIS-PB-0669,LG-PB-0669,2024-02-01,0.96,96.0,CRITICAL,288,Approval,v1.0.0
HIS-RJ-0670,LG-RJ-0670,2024-02-01,0.67,67.0,HIGH,207,Land Identification,v1.0.0
HIS-SK-0671,LG-SK-0671,2024-02-01,0.55,55.0,MEDIUM,74,Final Handover,v1.0.0
HIS-TN-0672,LG-TN-0672,2024-02-01,0.17,17.0,LOW,2,R&R,v1.0.0
HIS-TS-0673,LG-TS-0673,2024-02-01,0.29,29.0,LOW,2,Land Identification,v1.0.0
HIS-TR-0674,LG-TR-0674,2024-02-01,0.55,55.0,MEDIUM,40,Final Handover,v1.0.0
HIS-UP-0675,LG-UP-0675,2024-02-01,0.89,89.0,CRITICAL,275,Land Identification,v1.0.0
HIS-UK-0676,LG-UK-0676,2024-02-01,0.25,25.0,LOW,1,Notification,v1.0.0
HIS-WB-0677,LG-WB-0677,2024-02-01,0.66,66.0,HIGH,188,Possession,v1.0.0
HIS-AN-0678,LG-AN-0678,2024-02-01,0.63,63.0,HIGH,147,Notification,v1.0.0
HIS-CH-0679,LG-CH-0679,2024-02-01,0.46,46.0,MEDIUM,17,Survey,v1.0.0
HIS-DH-0680,LG-DH-0680,2024-02-01,0.32,32.0,MEDIUM,89,Objection/Hearing,v1.0.0
HIS-DL-0681,LG-DL-0681,2024-02-01,0.72,72.0,HIGH,220,Documentation,v1.0.0
HIS-JK-0682,LG-JK-0682,2024-02-01,0.39,39.0,MEDIUM,43,Approval,v1.0.0
HIS-LA-0683,LG-LA-0683,2024-02-01,0.47,47.0,MEDIUM,55,Documentation,v1.0.0
HIS-LD-0684,LG-LD-0684,2024-02-01,0.53,53.0,MEDIUM,104,R&R,v1.0.0
HIS-PY-0685,LG-PY-0685,2024-02-01,0.17,17.0,LOW,9,R&R,v1.0.0
HIS-AP-0686,LG-AP-0686,2024-02-01,0.7,70.0,HIGH,222,Legal Resolution,v1.0.0
HIS-AR-0687,LG-AR-0687,2024-02-01,0.57,57.0,MEDIUM,108,Notification,v1.0.0
HIS-AS-0688,LG-AS-0688,2024-02-01,0.95,95.0,CRITICAL,366,Final Handover,v1.0.0
HIS-BR-0689,LG-BR-0689,2024-02-01,0.09,9.0,LOW,8,Legal Resolution,v1.0.0
HIS-CG-0690,LG-CG-0690,2024-02-01,0.37,37.0,MEDIUM,48,Land Identification,v1.0.0
HIS-GA-0691,LG-GA-0691,2024-02-01,0.09,9.0,LOW,13,Notification,v1.0.0
HIS-GJ-0692,LG-GJ-0692,2024-02-01,0.31,31.0,MEDIUM,27,Possession,v1.0.0
HIS-HR-0693,LG-HR-0693,2024-02-01,0.95,95.0,CRITICAL,576,Objection/Hearing,v1.0.0
HIS-HP-0694,LG-HP-0694,2024-02-01,0.51,51.0,MEDIUM,17,R&R,v1.0.0
HIS-JH-0695,LG-JH-0695,2024-02-01,0.7,70.0,HIGH,141,Documentation,v1.0.0
HIS-KA-0696,LG-KA-0696,2024-02-01,0.66,66.0,HIGH,130,Documentation,v1.0.0
HIS-KL-0697,LG-KL-0697,2024-02-01,0.78,78.0,HIGH,251,Land Identification,v1.0.0
HIS-MP-0698,LG-MP-0698,2024-02-01,0.11,11.0,LOW,10,Objection/Hearing,v1.0.0
HIS-MH-0699,LG-MH-0699,2024-02-01,0.77,77.0,HIGH,190,R&R,v1.0.0
HIS-MN-0700,LG-MN-0700,2024-02-01,0.58,58.0,MEDIUM,12,Approval,v1.0.0
HIS-ML-0701,LG-ML-0701,2024-02-01,0.23,23.0,LOW,15,Documentation,v1.0.0
HIS-MZ-0702,LG-MZ-0702,2024-02-01,0.4,40.0,MEDIUM,10,Final Handover,v1.0.0
HIS-NL-0703,LG-NL-0703,2024-02-01,0.33,33.0,MEDIUM,31,Objection/Hearing,v1.0.0
HIS-OD-0704,LG-OD-0704,2024-02-01,0.72,72.0,HIGH,195,Possession,v1.0.0
HIS-PB-0705,LG-PB-0705,2024-02-01,0.38,38.0,MEDIUM,19,Possession,v1.0.0
HIS-RJ-0706,LG-RJ-0706,2024-02-01,0.86,86.0,CRITICAL,483,Possession,v1.0.0
HIS-SK-0707,LG-SK-0707,2024-02-01,0.23,23.0,LOW,8,Notification,v1.0.0
HIS-TN-0708,LG-TN-0708,2024-02-01,0.69,69.0,HIGH,207,Documentation,v1.0.0
HIS-TS-0709,LG-TS-0709,2024-02-01,0.07,7.0,LOW,7,Notification,v1.0.0
HIS-TR-0710,LG-TR-0710,2024-02-01,0.13,13.0,LOW,2,Land Identification,v1.0.0
HIS-UP-0711,LG-UP-0711,2024-02-01,0.55,55.0,MEDIUM,49,Compensation,v1.0.0
HIS-UK-0712,LG-UK-0712,2024-02-01,0.66,66.0,HIGH,129,Survey,v1.0.0
HIS-WB-0713,LG-WB-0713,2024-02-01,0.27,27.0,LOW,12,Objection/Hearing,v1.0.0
HIS-AN-0714,LG-AN-0714,2024-02-01,0.44,44.0,MEDIUM,124,Objection/Hearing,v1.0.0
HIS-CH-0715,LG-CH-0715,2024-02-01,0.83,83.0,CRITICAL,369,R&R,v1.0.0
HIS-DH-0716,LG-DH-0716,2024-02-01,0.74,74.0,HIGH,141,Land Identification,v1.0.0
HIS-DL-0717,LG-DL-0717,2024-02-01,0.57,57.0,MEDIUM,101,Land Identification,v1.0.0
HIS-JK-0718,LG-JK-0718,2024-02-01,0.52,52.0,MEDIUM,118,Possession,v1.0.0
HIS-LA-0719,LG-LA-0719,2024-02-01,0.53,53.0,MEDIUM,117,R&R,v1.0.0
HIS-LD-0720,LG-LD-0720,2024-02-01,0.18,18.0,LOW,15,R&R,v1.0.0
HIS-PY-0721,LG-PY-0721,2024-02-01,0.39,39.0,MEDIUM,43,Documentation,v1.0.0
HIS-AP-0722,LG-AP-0722,2024-02-01,0.31,31.0,MEDIUM,51,Land Identification,v1.0.0
HIS-AR-0723,LG-AR-0723,2024-02-01,0.42,42.0,MEDIUM,41,Objection/Hearing,v1.0.0
HIS-AS-0724,LG-AS-0724,2024-02-01,0.65,65.0,HIGH,166,Legal Resolution,v1.0.0
HIS-BR-0725,LG-BR-0725,2024-02-01,0.51,51.0,MEDIUM,41,Survey,v1.0.0
HIS-CG-0726,LG-CG-0726,2024-02-01,0.92,92.0,CRITICAL,277,Survey,v1.0.0
HIS-GA-0727,LG-GA-0727,2024-02-01,0.07,7.0,LOW,3,Final Handover,v1.0.0
HIS-GJ-0728,LG-GJ-0728,2024-02-01,0.71,71.0,HIGH,153,Documentation,v1.0.0
HIS-HR-0729,LG-HR-0729,2024-02-01,0.57,57.0,MEDIUM,107,Legal Resolution,v1.0.0
HIS-HP-0730,LG-HP-0730,2024-02-01,0.17,17.0,LOW,13,R&R,v1.0.0
HIS-JH-0731,LG-JH-0731,2024-02-01,0.13,13.0,LOW,8,Compensation,v1.0.0
HIS-KA-0732,LG-KA-0732,2024-02-01,0.11,11.0,LOW,4,Documentation,v1.0.0
HIS-KL-0733,LG-KL-0733,2024-02-01,0.65,65.0,HIGH,187,Possession,v1.0.0
HIS-MP-0734,LG-MP-0734,2024-02-01,0.81,81.0,CRITICAL,457,Approval,v1.0.0
HIS-MH-0735,LG-MH-0735,2024-02-01,0.33,33.0,MEDIUM,123,Notification,v1.0.0
HIS-MN-0736,LG-MN-0736,2024-02-01,0.08,8.0,LOW,5,Survey,v1.0.0
HIS-ML-0737,LG-ML-0737,2024-02-01,0.75,75.0,HIGH,174,Final Handover,v1.0.0
HIS-MZ-0738,LG-MZ-0738,2024-02-01,0.09,9.0,LOW,10,Objection/Hearing,v1.0.0
HIS-NL-0739,LG-NL-0739,2024-02-01,0.08,8.0,LOW,14,Final Handover,v1.0.0
HIS-OD-0740,LG-OD-0740,2024-02-01,0.17,17.0,LOW,4,Legal Resolution,v1.0.0
HIS-PB-0741,LG-PB-0741,2024-02-01,0.73,73.0,HIGH,216,Survey,v1.0.0
HIS-RJ-0742,LG-RJ-0742,2024-02-01,0.72,72.0,HIGH,253,Objection/Hearing,v1.0.0
HIS-SK-0743,LG-SK-0743,2024-02-01,0.42,42.0,MEDIUM,6,Land Identification,v1.0.0
HIS-TN-0744,LG-TN-0744,2024-02-01,0.75,75.0,HIGH,233,Survey,v1.0.0
HIS-TS-0745,LG-TS-0745,2024-02-01,0.88,88.0,CRITICAL,431,Objection/Hearing,v1.0.0
HIS-TR-0746,LG-TR-0746,2024-02-01,0.74,74.0,HIGH,244,Approval,v1.0.0
HIS-UP-0747,LG-UP-0747,2024-02-01,0.4,40.0,MEDIUM,11,Notification,v1.0.0
HIS-UK-0748,LG-UK-0748,2024-02-01,0.19,19.0,LOW,14,Compensation,v1.0.0
HIS-WB-0749,LG-WB-0749,2024-02-01,0.28,28.0,LOW,13,Legal Resolution,v1.0.0
HIS-AN-0750,LG-AN-0750,2024-02-01,0.21,21.0,LOW,15,Possession,v1.0.0
HIS-CH-0751,LG-CH-0751,2024-02-01,0.82,82.0,CRITICAL,550,Approval,v1.0.0
HIS-DH-0752,LG-DH-0752,2024-02-01,0.55,55.0,MEDIUM,13,R&R,v1.0.0
HIS-DL-0753,LG-DL-0753,2024-02-01,0.91,91.0,CRITICAL,320,Possession,v1.0.0
HIS-JK-0754,LG-JK-0754,2024-02-01,0.58,58.0,MEDIUM,64,Final Handover,v1.0.0
HIS-LA-0755,LG-LA-0755,2024-02-01,0.48,48.0,MEDIUM,48,Possession,v1.0.0
HIS-LD-0756,LG-LD-0756,2024-02-01,0.98,98.0,CRITICAL,254,Legal Resolution,v1.0.0
HIS-PY-0757,LG-PY-0757,2024-02-01,0.66,66.0,HIGH,197,Final Handover,v1.0.0
HIS-AP-0758,LG-AP-0758,2024-02-01,0.58,58.0,MEDIUM,17,Approval,v1.0.0
HIS-AR-0759,LG-AR-0759,2024-02-01,0.06,6.0,LOW,4,R&R,v1.0.0
HIS-AS-0760,LG-AS-0760,2024-02-01,0.48,48.0,MEDIUM,116,Final Handover,v1.0.0
HIS-BR-0761,LG-BR-0761,2024-02-01,0.16,16.0,LOW,8,Objection/Hearing,v1.0.0
HIS-CG-0762,LG-CG-0762,2024-02-01,0.1,10.0,LOW,7,Land Identification,v1.0.0
HIS-GA-0763,LG-GA-0763,2024-02-01,0.52,52.0,MEDIUM,7,Legal Resolution,v1.0.0
HIS-GJ-0764,LG-GJ-0764,2024-02-01,0.16,16.0,LOW,1,Possession,v1.0.0
HIS-HR-0765,LG-HR-0765,2024-02-01,0.21,21.0,LOW,15,Documentation,v1.0.0
HIS-HP-0766,LG-HP-0766,2024-02-01,0.82,82.0,CRITICAL,293,R&R,v1.0.0
HIS-JH-0767,LG-JH-0767,2024-02-01,0.22,22.0,LOW,8,Land Identification,v1.0.0
HIS-KA-0768,LG-KA-0768,2024-02-01,0.26,26.0,LOW,12,Notification,v1.0.0
HIS-KL-0769,LG-KL-0769,2024-02-01,0.49,49.0,MEDIUM,29,R&R,v1.0.0
HIS-MP-0770,LG-MP-0770,2024-02-01,0.05,5.0,LOW,4,Objection/Hearing,v1.0.0
HIS-MH-0771,LG-MH-0771,2024-02-01,0.22,22.0,LOW,14,Compensation,v1.0.0
HIS-MN-0772,LG-MN-0772,2024-02-01,0.77,77.0,HIGH,256,Land Identification,v1.0.0
HIS-ML-0773,LG-ML-0773,2024-02-01,0.18,18.0,LOW,3,Objection/Hearing,v1.0.0
HIS-MZ-0774,LG-MZ-0774,2024-02-01,0.4,40.0,MEDIUM,115,Legal Resolution,v1.0.0
HIS-NL-0775,LG-NL-0775,2024-02-01,0.07,7.0,LOW,3,Survey,v1.0.0
HIS-OD-0776,LG-OD-0776,2024-02-01,0.14,14.0,LOW,0,Land Identification,v1.0.0
HIS-PB-0777,LG-PB-0777,2024-02-01,0.7,70.0,HIGH,135,Approval,v1.0.0
HIS-RJ-0778,LG-RJ-0778,2024-02-01,0.78,78.0,HIGH,258,Possession,v1.0.0
HIS-SK-0779,LG-SK-0779,2024-02-01,0.7,70.0,HIGH,255,Approval,v1.0.0
HIS-TN-0780,LG-TN-0780,2024-02-01,0.14,14.0,LOW,3,Final Handover,v1.0.0
HIS-TS-0781,LG-TS-0781,2024-02-01,0.67,67.0,HIGH,207,R&R,v1.0.0
HIS-TR-0782,LG-TR-0782,2024-02-01,0.51,51.0,MEDIUM,59,Documentation,v1.0.0
HIS-UP-0783,LG-UP-0783,2024-02-01,0.3,30.0,LOW,3,Legal Resolution,v1.0.0
HIS-UK-0784,LG-UK-0784,2024-02-01,0.55,55.0,MEDIUM,88,Land Identification,v1.0.0
HIS-WB-0785,LG-WB-0785,2024-02-01,0.28,28.0,LOW,4,Possession,v1.0.0
HIS-AN-0786,LG-AN-0786,2024-02-01,0.89,89.0,CRITICAL,471,Approval,v1.0.0
HIS-CH-0787,LG-CH-0787,2024-02-01,0.12,12.0,LOW,15,Survey,v1.0.0
HIS-DH-0788,LG-DH-0788,2024-02-01,0.65,65.0,HIGH,180,Possession,v1.0.0
HIS-DL-0789,LG-DL-0789,2024-02-01,0.12,12.0,LOW,4,Objection/Hearing,v1.0.0
HIS-JK-0790,LG-JK-0790,2024-02-01,0.2,20.0,LOW,7,Survey,v1.0.0
HIS-LA-0791,LG-LA-0791,2024-02-01,0.34,34.0,MEDIUM,96,R&R,v1.0.0
HIS-LD-0792,LG-LD-0792,2024-02-01,0.77,77.0,HIGH,194,Notification,v1.0.0
HIS-PY-0793,LG-PY-0793,2024-02-01,0.68,68.0,HIGH,137,Approval,v1.0.0
HIS-AP-0794,LG-AP-0794,2024-02-01,0.69,69.0,HIGH,211,Compensation,v1.0.0
HIS-AR-0795,LG-AR-0795,2024-02-01,0.29,29.0,LOW,8,Notification,v1.0.0
HIS-AS-0796,LG-AS-0796,2024-02-01,0.52,52.0,MEDIUM,55,Final Handover,v1.0.0
HIS-BR-0797,LG-BR-0797,2024-02-01,0.47,47.0,MEDIUM,113,Legal Resolution,v1.0.0
HIS-CG-0798,LG-CG-0798,2024-02-01,0.63,63.0,HIGH,253,Notification,v1.0.0
HIS-GA-0799,LG-GA-0799,2024-02-01,0.89,89.0,CRITICAL,303,Survey,v1.0.0
HIS-GJ-0800,LG-GJ-0800,2024-02-01,0.72,72.0,HIGH,151,R&R,v1.0.0
HIS-HR-0801,LG-HR-0801,2024-02-01,0.4,40.0,MEDIUM,4,Compensation,v1.0.0
HIS-HP-0802,LG-HP-0802,2024-02-01,0.4,40.0,MEDIUM,89,Approval,v1.0.0
HIS-JH-0803,LG-JH-0803,2024-02-01,0.17,17.0,LOW,7,Objection/Hearing,v1.0.0
HIS-KA-0804,LG-KA-0804,2024-02-01,0.29,29.0,LOW,14,Compensation,v1.0.0
HIS-KL-0805,LG-KL-0805,2024-02-01,0.12,12.0,LOW,3,R&R,v1.0.0
HIS-MP-0806,LG-MP-0806,2024-02-01,0.7,70.0,HIGH,250,Notification,v1.0.0
HIS-MH-0807,LG-MH-0807,2024-02-01,0.84,84.0,CRITICAL,267,Land Identification,v1.0.0
HIS-MN-0808,LG-MN-0808,2024-02-01,0.29,29.0,LOW,13,Notification,v1.0.0
HIS-ML-0809,LG-ML-0809,2024-02-01,0.63,63.0,HIGH,189,Possession,v1.0.0
HIS-MZ-0810,LG-MZ-0810,2024-02-01,0.65,65.0,HIGH,224,Documentation,v1.0.0
HIS-NL-0811,LG-NL-0811,2024-02-01,0.35,35.0,MEDIUM,21,Survey,v1.0.0
HIS-OD-0812,LG-OD-0812,2024-02-01,0.41,41.0,MEDIUM,4,Objection/Hearing,v1.0.0
HIS-PB-0813,LG-PB-0813,2024-02-01,0.78,78.0,HIGH,200,Possession,v1.0.0
HIS-RJ-0814,LG-RJ-0814,2024-02-01,0.64,64.0,HIGH,207,Documentation,v1.0.0
HIS-SK-0815,LG-SK-0815,2024-02-01,0.45,45.0,MEDIUM,20,Documentation,v1.0.0
HIS-TN-0816,LG-TN-0816,2024-02-01,0.95,95.0,CRITICAL,560,Survey,v1.0.0
HIS-TS-0817,LG-TS-0817,2024-02-01,0.39,39.0,MEDIUM,15,R&R,v1.0.0
HIS-TR-0818,LG-TR-0818,2024-02-01,0.19,19.0,LOW,7,Objection/Hearing,v1.0.0
HIS-UP-0819,LG-UP-0819,2024-02-01,0.52,52.0,MEDIUM,115,Documentation,v1.0.0
HIS-UK-0820,LG-UK-0820,2024-02-01,0.31,31.0,MEDIUM,12,Survey,v1.0.0
HIS-WB-0821,LG-WB-0821,2024-02-01,0.34,34.0,MEDIUM,10,Possession,v1.0.0
HIS-AN-0822,LG-AN-0822,2024-02-01,0.57,57.0,MEDIUM,94,Land Identification,v1.0.0
HIS-CH-0823,LG-CH-0823,2024-02-01,0.79,79.0,HIGH,158,R&R,v1.0.0
HIS-DH-0824,LG-DH-0824,2024-02-01,0.3,30.0,LOW,3,Compensation,v1.0.0
HIS-DL-0825,LG-DL-0825,2024-02-01,0.07,7.0,LOW,1,Final Handover,v1.0.0
HIS-JK-0826,LG-JK-0826,2024-02-01,0.4,40.0,MEDIUM,8,Compensation,v1.0.0
HIS-LA-0827,LG-LA-0827,2024-02-01,0.6,60.0,MEDIUM,15,Approval,v1.0.0
HIS-LD-0828,LG-LD-0828,2024-02-01,0.95,95.0,CRITICAL,459,Compensation,v1.0.0
HIS-PY-0829,LG-PY-0829,2024-02-01,0.52,52.0,MEDIUM,9,R&R,v1.0.0
HIS-AP-0830,LG-AP-0830,2024-02-01,0.71,71.0,HIGH,259,Compensation,v1.0.0
HIS-AR-0831,LG-AR-0831,2024-02-01,0.34,34.0,MEDIUM,128,Documentation,v1.0.0
HIS-AS-0832,LG-AS-0832,2024-02-01,0.37,37.0,MEDIUM,1,Compensation,v1.0.0
HIS-BR-0833,LG-BR-0833,2024-02-01,0.06,6.0,LOW,13,Legal Resolution,v1.0.0
HIS-CG-0834,LG-CG-0834,2024-02-01,0.61,61.0,HIGH,150,R&R,v1.0.0
HIS-GA-0835,LG-GA-0835,2024-02-01,0.7,70.0,HIGH,184,R&R,v1.0.0
HIS-GJ-0836,LG-GJ-0836,2024-02-01,0.65,65.0,HIGH,154,R&R,v1.0.0
HIS-HR-0837,LG-HR-0837,2024-02-01,0.63,63.0,HIGH,156,Land Identification,v1.0.0
HIS-HP-0838,LG-HP-0838,2024-02-01,0.66,66.0,HIGH,155,Final Handover,v1.0.0
HIS-JH-0839,LG-JH-0839,2024-02-01,0.4,40.0,MEDIUM,49,Survey,v1.0.0
HIS-KA-0840,LG-KA-0840,2024-02-01,0.76,76.0,HIGH,259,Possession,v1.0.0
HIS-KL-0841,LG-KL-0841,2024-02-01,0.69,69.0,HIGH,191,Land Identification,v1.0.0
HIS-MP-0842,LG-MP-0842,2024-02-01,0.57,57.0,MEDIUM,5,Final Handover,v1.0.0
HIS-MH-0843,LG-MH-0843,2024-02-01,0.5,50.0,MEDIUM,14,Final Handover,v1.0.0
HIS-MN-0844,LG-MN-0844,2024-02-01,0.58,58.0,MEDIUM,86,Documentation,v1.0.0
HIS-ML-0845,LG-ML-0845,2024-02-01,0.44,44.0,MEDIUM,72,Possession,v1.0.0
HIS-MZ-0846,LG-MZ-0846,2024-02-01,0.63,63.0,HIGH,243,Legal Resolution,v1.0.0
HIS-NL-0847,LG-NL-0847,2024-02-01,0.26,26.0,LOW,3,R&R,v1.0.0
HIS-OD-0848,LG-OD-0848,2024-02-01,0.76,76.0,HIGH,175,Notification,v1.0.0
HIS-PB-0849,LG-PB-0849,2024-02-01,0.98,98.0,CRITICAL,471,Documentation,v1.0.0
HIS-RJ-0850,LG-RJ-0850,2024-02-01,0.1,10.0,LOW,15,R&R,v1.0.0
HIS-SK-0851,LG-SK-0851,2024-02-01,0.52,52.0,MEDIUM,14,Objection/Hearing,v1.0.0
HIS-TN-0852,LG-TN-0852,2024-02-01,0.38,38.0,MEDIUM,18,Possession,v1.0.0
HIS-TS-0853,LG-TS-0853,2024-02-01,0.11,11.0,LOW,1,Objection/Hearing,v1.0.0
HIS-TR-0854,LG-TR-0854,2024-02-01,0.24,24.0,LOW,8,Land Identification,v1.0.0
HIS-UP-0855,LG-UP-0855,2024-02-01,0.37,37.0,MEDIUM,18,Approval,v1.0.0
HIS-UK-0856,LG-UK-0856,2024-02-01,0.44,44.0,MEDIUM,35,Compensation,v1.0.0
HIS-WB-0857,LG-WB-0857,2024-02-01,0.66,66.0,HIGH,196,Survey,v1.0.0
HIS-AN-0858,LG-AN-0858,2024-02-01,0.23,23.0,LOW,5,R&R,v1.0.0
HIS-CH-0859,LG-CH-0859,2024-02-01,0.12,12.0,LOW,13,Compensation,v1.0.0
HIS-DH-0860,LG-DH-0860,2024-02-01,0.63,63.0,HIGH,215,Documentation,v1.0.0
HIS-DL-0861,LG-DL-0861,2024-02-01,0.25,25.0,LOW,5,Notification,v1.0.0
HIS-JK-0862,LG-JK-0862,2024-02-01,0.17,17.0,LOW,2,Compensation,v1.0.0
HIS-LA-0863,LG-LA-0863,2024-02-01,0.64,64.0,HIGH,255,Documentation,v1.0.0
HIS-LD-0864,LG-LD-0864,2024-02-01,0.83,83.0,CRITICAL,587,R&R,v1.0.0
HIS-PY-0865,LG-PY-0865,2024-02-01,0.59,59.0,MEDIUM,81,Survey,v1.0.0
HIS-AP-0866,LG-AP-0866,2024-02-01,0.37,37.0,MEDIUM,91,Objection/Hearing,v1.0.0
HIS-AR-0867,LG-AR-0867,2024-02-01,0.19,19.0,LOW,13,Possession,v1.0.0
HIS-AS-0868,LG-AS-0868,2024-02-01,0.72,72.0,HIGH,128,Objection/Hearing,v1.0.0
HIS-BR-0869,LG-BR-0869,2024-02-01,0.56,56.0,MEDIUM,73,Notification,v1.0.0
HIS-CG-0870,LG-CG-0870,2024-02-01,0.51,51.0,MEDIUM,25,R&R,v1.0.0
HIS-GA-0871,LG-GA-0871,2024-02-01,0.52,52.0,MEDIUM,5,Compensation,v1.0.0
HIS-GJ-0872,LG-GJ-0872,2024-02-01,0.53,53.0,MEDIUM,23,Land Identification,v1.0.0
HIS-HR-0873,LG-HR-0873,2024-02-01,0.72,72.0,HIGH,161,Survey,v1.0.0
HIS-HP-0874,LG-HP-0874,2024-02-01,0.18,18.0,LOW,0,Survey,v1.0.0
HIS-JH-0875,LG-JH-0875,2024-02-01,0.73,73.0,HIGH,136,Final Handover,v1.0.0
HIS-KA-0876,LG-KA-0876,2024-02-01,0.73,73.0,HIGH,218,Approval,v1.0.0
HIS-KL-0877,LG-KL-0877,2024-02-01,0.98,98.0,CRITICAL,556,Final Handover,v1.0.0
HIS-MP-0878,LG-MP-0878,2024-02-01,0.16,16.0,LOW,0,Compensation,v1.0.0
HIS-MH-0879,LG-MH-0879,2024-02-01,0.21,21.0,LOW,7,Compensation,v1.0.0
HIS-MN-0880,LG-MN-0880,2024-02-01,0.84,84.0,CRITICAL,402,Notification,v1.0.0
HIS-ML-0881,LG-ML-0881,2024-02-01,0.68,68.0,HIGH,182,Legal Resolution,v1.0.0
HIS-MZ-0882,LG-MZ-0882,2024-02-01,0.66,66.0,HIGH,247,Approval,v1.0.0
HIS-NL-0883,LG-NL-0883,2024-02-01,0.08,8.0,LOW,5,R&R,v1.0.0
HIS-OD-0884,LG-OD-0884,2024-02-01,0.53,53.0,MEDIUM,10,Possession,v1.0.0
HIS-PB-0885,LG-PB-0885,2024-02-01,0.61,61.0,HIGH,223,Notification,v1.0.0
HIS-RJ-0886,LG-RJ-0886,2024-02-01,0.64,64.0,HIGH,202,Notification,v1.0.0
HIS-SK-0887,LG-SK-0887,2024-02-01,0.49,49.0,MEDIUM,74,Land Identification,v1.0.0
HIS-TN-0888,LG-TN-0888,2024-02-01,0.35,35.0,MEDIUM,81,Land Identification,v1.0.0
HIS-TS-0889,LG-TS-0889,2024-02-01,0.07,7.0,LOW,11,Objection/Hearing,v1.0.0
HIS-TR-0890,LG-TR-0890,2024-02-01,0.75,75.0,HIGH,233,Documentation,v1.0.0
HIS-UP-0891,LG-UP-0891,2024-02-01,0.27,27.0,LOW,5,Legal Resolution,v1.0.0
HIS-UK-0892,LG-UK-0892,2024-02-01,0.45,45.0,MEDIUM,20,Survey,v1.0.0
HIS-WB-0893,LG-WB-0893,2024-02-01,0.94,94.0,CRITICAL,332,Approval,v1.0.0
HIS-AN-0894,LG-AN-0894,2024-02-01,0.84,84.0,CRITICAL,317,Objection/Hearing,v1.0.0
HIS-CH-0895,LG-CH-0895,2024-02-01,0.27,27.0,LOW,9,Land Identification,v1.0.0
HIS-DH-0896,LG-DH-0896,2024-02-01,0.09,9.0,LOW,5,Documentation,v1.0.0
HIS-DL-0897,LG-DL-0897,2024-02-01,0.75,75.0,HIGH,206,R&R,v1.0.0
HIS-JK-0898,LG-JK-0898,2024-02-01,0.25,25.0,LOW,15,Land Identification,v1.0.0
HIS-LA-0899,LG-LA-0899,2024-02-01,0.05,5.0,LOW,3,Objection/Hearing,v1.0.0
HIS-LD-0900,LG-LD-0900,2024-02-01,0.56,56.0,MEDIUM,4,Legal Resolution,v1.0.0
HIS-PY-0901,LG-PY-0901,2024-02-01,0.23,23.0,LOW,3,R&R,v1.0.0
HIS-AP-0902,LG-AP-0902,2024-02-01,0.08,8.0,LOW,13,Final Handover,v1.0.0
HIS-AR-0903,LG-AR-0903,2024-02-01,0.54,54.0,MEDIUM,83,Objection/Hearing,v1.0.0
HIS-AS-0904,LG-AS-0904,2024-02-01,0.2,20.0,LOW,14,Possession,v1.0.0
HIS-BR-0905,LG-BR-0905,2024-02-01,0.59,59.0,MEDIUM,90,Approval,v1.0.0
HIS-CG-0906,LG-CG-0906,2024-02-01,0.37,37.0,MEDIUM,4,Final Handover,v1.0.0
HIS-GA-0907,LG-GA-0907,2024-02-01,0.62,62.0,HIGH,156,Possession,v1.0.0
HIS-GJ-0908,LG-GJ-0908,2024-02-01,0.39,39.0,MEDIUM,127,Approval,v1.0.0
HIS-HR-0909,LG-HR-0909,2024-02-01,0.89,89.0,CRITICAL,489,Compensation,v1.0.0
HIS-HP-0910,LG-HP-0910,2024-02-01,0.39,39.0,MEDIUM,20,Land Identification,v1.0.0
HIS-JH-0911,LG-JH-0911,2024-02-01,0.5,50.0,MEDIUM,16,R&R,v1.0.0
HIS-KA-0912,LG-KA-0912,2024-02-01,0.72,72.0,HIGH,185,Approval,v1.0.0
HIS-KL-0913,LG-KL-0913,2024-02-01,0.23,23.0,LOW,5,Compensation,v1.0.0
HIS-MP-0914,LG-MP-0914,2024-02-01,0.88,88.0,CRITICAL,424,Documentation,v1.0.0
HIS-MH-0915,LG-MH-0915,2024-02-01,0.92,92.0,CRITICAL,544,Final Handover,v1.0.0
HIS-MN-0916,LG-MN-0916,2024-02-01,0.42,42.0,MEDIUM,6,Possession,v1.0.0
HIS-ML-0917,LG-ML-0917,2024-02-01,0.6,60.0,MEDIUM,32,Legal Resolution,v1.0.0
HIS-MZ-0918,LG-MZ-0918,2024-02-01,0.12,12.0,LOW,9,Notification,v1.0.0
HIS-NL-0919,LG-NL-0919,2024-02-01,0.32,32.0,MEDIUM,5,Land Identification,v1.0.0
HIS-OD-0920,LG-OD-0920,2024-02-01,0.65,65.0,HIGH,148,Final Handover,v1.0.0
HIS-PB-0921,LG-PB-0921,2024-02-01,0.36,36.0,MEDIUM,20,Legal Resolution,v1.0.0
HIS-RJ-0922,LG-RJ-0922,2024-02-01,0.46,46.0,MEDIUM,56,R&R,v1.0.0
HIS-SK-0923,LG-SK-0923,2024-02-01,0.66,66.0,HIGH,160,R&R,v1.0.0
HIS-TN-0924,LG-TN-0924,2024-02-01,0.63,63.0,HIGH,215,Approval,v1.0.0
HIS-TS-0925,LG-TS-0925,2024-02-01,0.96,96.0,CRITICAL,327,Land Identification,v1.0.0
HIS-TR-0926,LG-TR-0926,2024-02-01,0.7,70.0,HIGH,227,Legal Resolution,v1.0.0
HIS-UP-0927,LG-UP-0927,2024-02-01,0.37,37.0,MEDIUM,72,Objection/Hearing,v1.0.0
HIS-UK-0928,LG-UK-0928,2024-02-01,0.71,71.0,HIGH,145,Final Handover,v1.0.0
HIS-WB-0929,LG-WB-0929,2024-02-01,0.22,22.0,LOW,13,Possession,v1.0.0
HIS-AN-0930,LG-AN-0930,2024-02-01,0.41,41.0,MEDIUM,10,Approval,v1.0.0
HIS-CH-0931,LG-CH-0931,2024-02-01,0.59,59.0,MEDIUM,7,Objection/Hearing,v1.0.0
HIS-DH-0932,LG-DH-0932,2024-02-01,0.59,59.0,MEDIUM,72,Possession,v1.0.0
HIS-DL-0933,LG-DL-0933,2024-02-01,0.2,20.0,LOW,5,Objection/Hearing,v1.0.0
HIS-JK-0934,LG-JK-0934,2024-02-01,0.52,52.0,MEDIUM,100,Final Handover,v1.0.0
HIS-LA-0935,LG-LA-0935,2024-02-01,0.62,62.0,HIGH,228,Survey,v1.0.0
HIS-LD-0936,LG-LD-0936,2024-02-01,0.61,61.0,HIGH,193,Notification,v1.0.0
HIS-PY-0937,LG-PY-0937,2024-02-01,0.72,72.0,HIGH,151,Land Identification,v1.0.0
HIS-AP-0938,LG-AP-0938,2024-02-01,0.23,23.0,LOW,6,Documentation,v1.0.0
HIS-AR-0939,LG-AR-0939,2024-02-01,0.16,16.0,LOW,11,Notification,v1.0.0
HIS-AS-0940,LG-AS-0940,2024-02-01,0.67,67.0,HIGH,143,Final Handover,v1.0.0
HIS-BR-0941,LG-BR-0941,2024-02-01,0.67,67.0,HIGH,120,Approval,v1.0.0
HIS-CG-0942,LG-CG-0942,2024-02-01,0.27,27.0,LOW,4,Survey,v1.0.0
HIS-GA-0943,LG-GA-0943,2024-02-01,0.28,28.0,LOW,2,R&R,v1.0.0
HIS-GJ-0944,LG-GJ-0944,2024-02-01,0.55,55.0,MEDIUM,13,Final Handover,v1.0.0
HIS-HR-0945,LG-HR-0945,2024-02-01,0.83,83.0,CRITICAL,298,Compensation,v1.0.0
HIS-HP-0946,LG-HP-0946,2024-02-01,0.1,10.0,LOW,4,Approval,v1.0.0
HIS-JH-0947,LG-JH-0947,2024-02-01,0.11,11.0,LOW,5,Possession,v1.0.0
HIS-KA-0948,LG-KA-0948,2024-02-01,0.69,69.0,HIGH,183,Legal Resolution,v1.0.0
HIS-KL-0949,LG-KL-0949,2024-02-01,0.94,94.0,CRITICAL,439,Documentation,v1.0.0
HIS-MP-0950,LG-MP-0950,2024-02-01,0.94,94.0,CRITICAL,315,Legal Resolution,v1.0.0
HIS-MH-0951,LG-MH-0951,2024-02-01,0.53,53.0,MEDIUM,84,Documentation,v1.0.0
HIS-MN-0952,LG-MN-0952,2024-02-01,0.22,22.0,LOW,6,Survey,v1.0.0
HIS-ML-0953,LG-ML-0953,2024-02-01,0.59,59.0,MEDIUM,4,Notification,v1.0.0
HIS-MZ-0954,LG-MZ-0954,2024-02-01,0.37,37.0,MEDIUM,21,Final Handover,v1.0.0
HIS-NL-0955,LG-NL-0955,2024-02-01,0.76,76.0,HIGH,209,Land Identification,v1.0.0
HIS-OD-0956,LG-OD-0956,2024-02-01,0.75,75.0,HIGH,142,Final Handover,v1.0.0
HIS-PB-0957,LG-PB-0957,2024-02-01,0.18,18.0,LOW,4,Final Handover,v1.0.0
HIS-RJ-0958,LG-RJ-0958,2024-02-01,0.74,74.0,HIGH,135,Notification,v1.0.0
HIS-SK-0959,LG-SK-0959,2024-02-01,0.3,30.0,LOW,0,Survey,v1.0.0
HIS-TN-0960,LG-TN-0960,2024-02-01,0.17,17.0,LOW,11,Notification,v1.0.0
HIS-TS-0961,LG-TS-0961,2024-02-01,0.1,10.0,LOW,10,Possession,v1.0.0
HIS-TR-0962,LG-TR-0962,2024-02-01,0.18,18.0,LOW,8,Notification,v1.0.0
HIS-UP-0963,LG-UP-0963,2024-02-01,0.52,52.0,MEDIUM,101,Objection/Hearing,v1.0.0
HIS-UK-0964,LG-UK-0964,2024-02-01,0.94,94.0,CRITICAL,270,Notification,v1.0.0
HIS-WB-0965,LG-WB-0965,2024-02-01,0.09,9.0,LOW,5,Survey,v1.0.0
HIS-AN-0966,LG-AN-0966,2024-02-01,0.27,27.0,LOW,11,Possession,v1.0.0
HIS-CH-0967,LG-CH-0967,2024-02-01,0.53,53.0,MEDIUM,19,Final Handover,v1.0.0
HIS-DH-0968,LG-DH-0968,2024-02-01,0.52,52.0,MEDIUM,56,Notification,v1.0.0
HIS-DL-0969,LG-DL-0969,2024-02-01,0.97,97.0,CRITICAL,378,Final Handover,v1.0.0
HIS-JK-0970,LG-JK-0970,2024-02-01,0.42,42.0,MEDIUM,21,Notification,v1.0.0
HIS-LA-0971,LG-LA-0971,2024-02-01,0.52,52.0,MEDIUM,15,Survey,v1.0.0
HIS-LD-0972,LG-LD-0972,2024-02-01,0.63,63.0,HIGH,198,Documentation,v1.0.0
HIS-PY-0973,LG-PY-0973,2024-02-01,0.74,74.0,HIGH,206,Legal Resolution,v1.0.0
HIS-AP-0974,LG-AP-0974,2024-02-01,0.2,20.0,LOW,5,Compensation,v1.0.0
HIS-AR-0975,LG-AR-0975,2024-02-01,0.71,71.0,HIGH,160,Approval,v1.0.0
HIS-AS-0976,LG-AS-0976,2024-02-01,0.36,36.0,MEDIUM,38,Legal Resolution,v1.0.0
HIS-BR-0977,LG-BR-0977,2024-02-01,0.17,17.0,LOW,14,Approval,v1.0.0
HIS-CG-0978,LG-CG-0978,2024-02-01,0.62,62.0,HIGH,207,Objection/Hearing,v1.0.0
HIS-GA-0979,LG-GA-0979,2024-02-01,0.15,15.0,LOW,0,Possession,v1.0.0
HIS-GJ-0980,LG-GJ-0980,2024-02-01,0.32,32.0,MEDIUM,1,R&R,v1.0.0
HIS-HR-0981,LG-HR-0981,2024-02-01,0.5,50.0,MEDIUM,15,Possession,v1.0.0
HIS-HP-0982,LG-HP-0982,2024-02-01,0.07,7.0,LOW,11,Compensation,v1.0.0
HIS-JH-0983,LG-JH-0983,2024-02-01,0.34,34.0,MEDIUM,126,Compensation,v1.0.0
HIS-KA-0984,LG-KA-0984,2024-02-01,0.73,73.0,HIGH,125,Final Handover,v1.0.0
HIS-KL-0985,LG-KL-0985,2024-02-01,0.12,12.0,LOW,0,Documentation,v1.0.0
HIS-MP-0986,LG-MP-0986,2024-02-01,0.33,33.0,MEDIUM,60,Survey,v1.0.0
HIS-MH-0987,LG-MH-0987,2024-02-01,0.18,18.0,LOW,9,Land Identification,v1.0.0
HIS-MN-0988,LG-MN-0988,2024-02-01,0.92,92.0,CRITICAL,421,R&R,v1.0.0
HIS-ML-0989,LG-ML-0989,2024-02-01,0.57,57.0,MEDIUM,3,Documentation,v1.0.0
HIS-MZ-0990,LG-MZ-0990,2024-02-01,0.07,7.0,LOW,10,Land Identification,v1.0.0
HIS-NL-0991,LG-NL-0991,2024-02-01,0.19,19.0,LOW,14,Possession,v1.0.0
HIS-OD-0992,LG-OD-0992,2024-02-01,0.94,94.0,CRITICAL,546,Compensation,v1.0.0
HIS-PB-0993,LG-PB-0993,2024-02-01,0.36,36.0,MEDIUM,9,Objection/Hearing,v1.0.0
HIS-RJ-0994,LG-RJ-0994,2024-02-01,0.53,53.0,MEDIUM,15,R&R,v1.0.0
HIS-SK-0995,LG-SK-0995,2024-02-01,0.21,21.0,LOW,0,Survey,v1.0.0
HIS-TN-0996,LG-TN-0996,2024-02-01,0.35,35.0,MEDIUM,8,Legal Resolution,v1.0.0
HIS-TS-0997,LG-TS-0997,2024-02-01,0.69,69.0,HIGH,236,Compensation,v1.0.0
HIS-TR-0998,LG-TR-0998,2024-02-01,0.66,66.0,HIGH,186,Final Handover,v1.0.0
HIS-UP-0999,LG-UP-0999,2024-02-01,0.18,18.0,LOW,0,Survey,v1.0.0
HIS-UK-1000,LG-UK-1000,2024-02-01,0.38,38.0,MEDIUM,69,Objection/Hearing,v1.0.0
HIS-WB-1001,LG-WB-1001,2024-02-01,0.35,35.0,MEDIUM,105,Final Handover,v1.0.0
HIS-AN-1002,LG-AN-1002,2024-02-01,0.23,23.0,LOW,6,Survey,v1.0.0
HIS-CH-1003,LG-CH-1003,2024-02-01,0.5,50.0,MEDIUM,16,R&R,v1.0.0
HIS-DH-1004,LG-DH-1004,2024-02-01,0.51,51.0,MEDIUM,4,Final Handover,v1.0.0
HIS-DL-1005,LG-DL-1005,2024-02-01,0.96,96.0,CRITICAL,254,Approval,v1.0.0
HIS-JK-1006,LG-JK-1006,2024-02-01,0.16,16.0,LOW,15,Compensation,v1.0.0
HIS-LA-1007,LG-LA-1007,2024-02-01,0.1,10.0,LOW,5,Objection/Hearing,v1.0.0
HIS-LD-1008,LG-LD-1008,2024-02-01,0.4,40.0,MEDIUM,4,Documentation,v1.0.0
HIS-PY-1009,LG-PY-1009,2024-02-01,0.47,47.0,MEDIUM,81,R&R,v1.0.0
HIS-AP-1010,LG-AP-1010,2024-02-01,0.55,55.0,MEDIUM,91,Notification,v1.0.0
HIS-AR-1011,LG-AR-1011,2024-02-01,0.36,36.0,MEDIUM,5,Land Identification,v1.0.0
HIS-AS-1012,LG-AS-1012,2024-02-01,0.79,79.0,HIGH,240,Documentation,v1.0.0
HIS-BR-1013,LG-BR-1013,2024-02-01,0.1,10.0,LOW,11,Final Handover,v1.0.0
HIS-CG-1014,LG-CG-1014,2024-02-01,0.65,65.0,HIGH,246,R&R,v1.0.0
HIS-GA-1015,LG-GA-1015,2024-02-01,0.8,80.0,HIGH,230,Approval,v1.0.0
HIS-GJ-1016,LG-GJ-1016,2024-02-01,0.69,69.0,HIGH,239,Legal Resolution,v1.0.0
HIS-HR-1017,LG-HR-1017,2024-02-01,0.41,41.0,MEDIUM,46,Objection/Hearing,v1.0.0
HIS-HP-1018,LG-HP-1018,2024-02-01,0.27,27.0,LOW,5,Survey,v1.0.0
HIS-JH-1019,LG-JH-1019,2024-02-01,0.34,34.0,MEDIUM,10,R&R,v1.0.0
HIS-KA-1020,LG-KA-1020,2024-02-01,0.52,52.0,MEDIUM,112,Survey,v1.0.0
HIS-KL-1021,LG-KL-1021,2024-02-01,0.88,88.0,CRITICAL,287,Possession,v1.0.0
HIS-MP-1022,LG-MP-1022,2024-02-01,0.86,86.0,CRITICAL,586,Survey,v1.0.0
HIS-MH-1023,LG-MH-1023,2024-02-01,0.57,57.0,MEDIUM,44,Documentation,v1.0.0
HIS-MN-1024,LG-MN-1024,2024-02-01,0.78,78.0,HIGH,219,Legal Resolution,v1.0.0
HIS-ML-1025,LG-ML-1025,2024-02-01,0.22,22.0,LOW,6,Approval,v1.0.0
HIS-MZ-1026,LG-MZ-1026,2024-02-01,0.45,45.0,MEDIUM,17,Possession,v1.0.0
HIS-NL-1027,LG-NL-1027,2024-02-01,0.71,71.0,HIGH,137,Approval,v1.0.0
HIS-OD-1028,LG-OD-1028,2024-02-01,0.32,32.0,MEDIUM,5,Approval,v1.0.0
HIS-PB-1029,LG-PB-1029,2024-02-01,0.21,21.0,LOW,9,Final Handover,v1.0.0
HIS-RJ-1030,LG-RJ-1030,2024-02-01,0.57,57.0,MEDIUM,3,Notification,v1.0.0
HIS-SK-1031,LG-SK-1031,2024-02-01,0.24,24.0,LOW,13,Survey,v1.0.0
HIS-TN-1032,LG-TN-1032,2024-02-01,0.1,10.0,LOW,4,Legal Resolution,v1.0.0
HIS-TS-1033,LG-TS-1033,2024-02-01,0.57,57.0,MEDIUM,46,Survey,v1.0.0
HIS-TR-1034,LG-TR-1034,2024-02-01,0.24,24.0,LOW,2,Approval,v1.0.0
HIS-UP-1035,LG-UP-1035,2024-02-01,0.12,12.0,LOW,5,Land Identification,v1.0.0
HIS-UK-1036,LG-UK-1036,2024-02-01,0.28,28.0,LOW,5,R&R,v1.0.0
HIS-WB-1037,LG-WB-1037,2024-02-01,0.48,48.0,MEDIUM,5,Survey,v1.0.0
HIS-AN-1038,LG-AN-1038,2024-02-01,0.63,63.0,HIGH,132,Survey,v1.0.0
HIS-CH-1039,LG-CH-1039,2024-02-01,0.11,11.0,LOW,1,Survey,v1.0.0
HIS-DH-1040,LG-DH-1040,2024-02-01,0.76,76.0,HIGH,232,Documentation,v1.0.0
HIS-DL-1041,LG-DL-1041,2024-02-01,0.07,7.0,LOW,8,Documentation,v1.0.0
HIS-JK-1042,LG-JK-1042,2024-02-01,0.21,21.0,LOW,4,Objection/Hearing,v1.0.0
HIS-LA-1043,LG-LA-1043,2024-02-01,0.29,29.0,LOW,9,Possession,v1.0.0
HIS-LD-1044,LG-LD-1044,2024-02-01,0.67,67.0,HIGH,199,Land Identification,v1.0.0
HIS-PY-1045,LG-PY-1045,2024-02-01,0.31,31.0,MEDIUM,55,Possession,v1.0.0
HIS-AP-1046,LG-AP-1046,2024-02-01,0.62,62.0,HIGH,138,Documentation,v1.0.0
HIS-AR-1047,LG-AR-1047,2024-02-01,0.77,77.0,HIGH,143,Compensation,v1.0.0
HIS-AS-1048,LG-AS-1048,2024-02-01,0.45,45.0,MEDIUM,46,Final Handover,v1.0.0
HIS-BR-1049,LG-BR-1049,2024-02-01,0.39,39.0,MEDIUM,97,Possession,v1.0.0
HIS-CG-1050,LG-CG-1050,2024-02-01,0.12,12.0,LOW,10,Compensation,v1.0.0
HIS-GA-1051,LG-GA-1051,2024-02-01,0.49,49.0,MEDIUM,8,Possession,v1.0.0
HIS-GJ-1052,LG-GJ-1052,2024-02-01,0.65,65.0,HIGH,166,Objection/Hearing,v1.0.0
HIS-HR-1053,LG-HR-1053,2024-02-01,0.54,54.0,MEDIUM,10,Possession,v1.0.0
HIS-HP-1054,LG-HP-1054,2024-02-01,0.4,40.0,MEDIUM,45,Compensation,v1.0.0
HIS-JH-1055,LG-JH-1055,2024-02-01,0.16,16.0,LOW,15,Possession,v1.0.0
HIS-KA-1056,LG-KA-1056,2024-02-01,0.22,22.0,LOW,2,Final Handover,v1.0.0
HIS-KL-1057,LG-KL-1057,2024-02-01,0.45,45.0,MEDIUM,124,Objection/Hearing,v1.0.0
HIS-MP-1058,LG-MP-1058,2024-02-01,0.97,97.0,CRITICAL,261,Notification,v1.0.0
HIS-MH-1059,LG-MH-1059,2024-02-01,0.41,41.0,MEDIUM,70,Approval,v1.0.0
HIS-MN-1060,LG-MN-1060,2024-02-01,0.96,96.0,CRITICAL,264,Final Handover,v1.0.0
HIS-ML-1061,LG-ML-1061,2024-02-01,0.69,69.0,HIGH,190,Possession,v1.0.0
HIS-MZ-1062,LG-MZ-1062,2024-02-01,0.68,68.0,HIGH,223,Compensation,v1.0.0
HIS-NL-1063,LG-NL-1063,2024-02-01,0.56,56.0,MEDIUM,6,Notification,v1.0.0
HIS-OD-1064,LG-OD-1064,2024-02-01,0.76,76.0,HIGH,177,Legal Resolution,v1.0.0
HIS-PB-1065,LG-PB-1065,2024-02-01,0.94,94.0,CRITICAL,464,Approval,v1.0.0
HIS-RJ-1066,LG-RJ-1066,2024-02-01,0.13,13.0,LOW,12,Possession,v1.0.0
HIS-SK-1067,LG-SK-1067,2024-02-01,0.78,78.0,HIGH,199,R&R,v1.0.0
HIS-TN-1068,LG-TN-1068,2024-02-01,0.97,97.0,CRITICAL,277,Notification,v1.0.0
HIS-TS-1069,LG-TS-1069,2024-02-01,0.34,34.0,MEDIUM,58,Compensation,v1.0.0
HIS-TR-1070,LG-TR-1070,2024-02-01,0.35,35.0,MEDIUM,8,Survey,v1.0.0
HIS-UP-1071,LG-UP-1071,2024-02-01,0.61,61.0,HIGH,120,Possession,v1.0.0
HIS-UK-1072,LG-UK-1072,2024-02-01,0.23,23.0,LOW,15,Approval,v1.0.0
HIS-WB-1073,LG-WB-1073,2024-02-01,0.85,85.0,CRITICAL,343,Land Identification,v1.0.0
HIS-AN-1074,LG-AN-1074,2024-02-01,0.35,35.0,MEDIUM,123,R&R,v1.0.0
HIS-CH-1075,LG-CH-1075,2024-02-01,0.42,42.0,MEDIUM,17,Survey,v1.0.0
HIS-DH-1076,LG-DH-1076,2024-02-01,0.54,54.0,MEDIUM,78,Notification,v1.0.0
HIS-DL-1077,LG-DL-1077,2024-02-01,0.68,68.0,HIGH,204,Approval,v1.0.0
HIS-JK-1078,LG-JK-1078,2024-02-01,0.17,17.0,LOW,13,Approval,v1.0.0
HIS-LA-1079,LG-LA-1079,2024-02-01,0.2,20.0,LOW,10,Legal Resolution,v1.0.0
HIS-LD-1080,LG-LD-1080,2024-02-01,0.4,40.0,MEDIUM,120,Compensation,v1.0.0
HIS-PY-1081,LG-PY-1081,2024-02-01,0.73,73.0,HIGH,241,Approval,v1.0.0
HIS-AP-1082,LG-AP-1082,2024-02-01,0.54,54.0,MEDIUM,21,R&R,v1.0.0
HIS-AR-1083,LG-AR-1083,2024-02-01,0.96,96.0,CRITICAL,498,Legal Resolution,v1.0.0
HIS-AS-1084,LG-AS-1084,2024-02-01,0.57,57.0,MEDIUM,112,Objection/Hearing,v1.0.0
HIS-BR-1085,LG-BR-1085,2024-02-01,0.41,41.0,MEDIUM,126,Possession,v1.0.0
HIS-CG-1086,LG-CG-1086,2024-02-01,0.44,44.0,MEDIUM,76,Final Handover,v1.0.0
HIS-GA-1087,LG-GA-1087,2024-02-01,0.95,95.0,CRITICAL,251,Notification,v1.0.0
HIS-GJ-1088,LG-GJ-1088,2024-02-01,0.11,11.0,LOW,8,Final Handover,v1.0.0
HIS-HR-1089,LG-HR-1089,2024-02-01,0.42,42.0,MEDIUM,17,Final Handover,v1.0.0
HIS-HP-1090,LG-HP-1090,2024-02-01,0.53,53.0,MEDIUM,6,Survey,v1.0.0
HIS-JH-1091,LG-JH-1091,2024-02-01,0.14,14.0,LOW,9,Approval,v1.0.0
HIS-KA-1092,LG-KA-1092,2024-02-01,0.67,67.0,HIGH,255,Survey,v1.0.0
HIS-KL-1093,LG-KL-1093,2024-02-01,0.83,83.0,CRITICAL,315,Compensation,v1.0.0
HIS-MP-1094,LG-MP-1094,2024-02-01,0.55,55.0,MEDIUM,118,Notification,v1.0.0
HIS-MH-1095,LG-MH-1095,2024-02-01,0.78,78.0,HIGH,180,Final Handover,v1.0.0
HIS-MN-1096,LG-MN-1096,2024-02-01,0.25,25.0,LOW,15,Documentation,v1.0.0
HIS-ML-1097,LG-ML-1097,2024-02-01,0.42,42.0,MEDIUM,6,Approval,v1.0.0
HIS-MZ-1098,LG-MZ-1098,2024-02-01,0.74,74.0,HIGH,186,Survey,v1.0.0
HIS-NL-1099,LG-NL-1099,2024-02-01,0.63,63.0,HIGH,231,R&R,v1.0.0
HIS-OD-1100,LG-OD-1100,2024-02-01,0.25,25.0,LOW,12,Legal Resolution,v1.0.0
HIS-PB-1101,LG-PB-1101,2024-02-01,0.25,25.0,LOW,8,Survey,v1.0.0
HIS-RJ-1102,LG-RJ-1102,2024-02-01,0.08,8.0,LOW,5,R&R,v1.0.0
HIS-SK-1103,LG-SK-1103,2024-02-01,0.71,71.0,HIGH,214,Land Identification,v1.0.0
HIS-TN-1104,LG-TN-1104,2024-02-01,0.57,57.0,MEDIUM,4,Objection/Hearing,v1.0.0
HIS-TS-1105,LG-TS-1105,2024-02-01,0.86,86.0,CRITICAL,543,Survey,v1.0.0
HIS-TR-1106,LG-TR-1106,2024-02-01,0.38,38.0,MEDIUM,55,Legal Resolution,v1.0.0
HIS-UP-1107,LG-UP-1107,2024-02-01,0.96,96.0,CRITICAL,523,Legal Resolution,v1.0.0
HIS-UK-1108,LG-UK-1108,2024-02-01,0.63,63.0,HIGH,146,Legal Resolution,v1.0.0
HIS-WB-1109,LG-WB-1109,2024-02-01,0.71,71.0,HIGH,217,Documentation,v1.0.0
HIS-AN-1110,LG-AN-1110,2024-02-01,0.42,42.0,MEDIUM,38,Legal Resolution,v1.0.0
HIS-CH-1111,LG-CH-1111,2024-02-01,0.37,37.0,MEDIUM,4,R&R,v1.0.0
HIS-DH-1112,LG-DH-1112,2024-02-01,0.45,45.0,MEDIUM,51,Land Identification,v1.0.0
HIS-DL-1113,LG-DL-1113,2024-02-01,0.38,38.0,MEDIUM,10,Survey,v1.0.0
HIS-JK-1114,LG-JK-1114,2024-02-01,0.19,19.0,LOW,10,Possession,v1.0.0
HIS-LA-1115,LG-LA-1115,2024-02-01,0.38,38.0,MEDIUM,21,Notification,v1.0.0
HIS-LD-1116,LG-LD-1116,2024-02-01,0.7,70.0,HIGH,255,Documentation,v1.0.0
HIS-PY-1117,LG-PY-1117,2024-02-01,0.47,47.0,MEDIUM,114,Final Handover,v1.0.0
HIS-AP-1118,LG-AP-1118,2024-02-01,0.49,49.0,MEDIUM,19,Survey,v1.0.0
HIS-AR-1119,LG-AR-1119,2024-02-01,0.26,26.0,LOW,0,Survey,v1.0.0
HIS-AS-1120,LG-AS-1120,2024-02-01,0.4,40.0,MEDIUM,43,Possession,v1.0.0
HIS-BR-1121,LG-BR-1121,2024-02-01,0.21,21.0,LOW,6,Legal Resolution,v1.0.0
HIS-CG-1122,LG-CG-1122,2024-02-01,0.73,73.0,HIGH,256,Notification,v1.0.0
HIS-GA-1123,LG-GA-1123,2024-02-01,0.48,48.0,MEDIUM,53,Legal Resolution,v1.0.0
HIS-GJ-1124,LG-GJ-1124,2024-02-01,0.27,27.0,LOW,0,Survey,v1.0.0
HIS-HR-1125,LG-HR-1125,2024-02-01,0.44,44.0,MEDIUM,5,Final Handover,v1.0.0
HIS-HP-1126,LG-HP-1126,2024-02-01,0.5,50.0,MEDIUM,53,Final Handover,v1.0.0
HIS-JH-1127,LG-JH-1127,2024-02-01,0.46,46.0,MEDIUM,42,Possession,v1.0.0
HIS-KA-1128,LG-KA-1128,2024-02-01,0.28,28.0,LOW,15,Final Handover,v1.0.0
HIS-KL-1129,LG-KL-1129,2024-02-01,0.25,25.0,LOW,1,Documentation,v1.0.0
HIS-MP-1130,LG-MP-1130,2024-02-01,0.26,26.0,LOW,2,Objection/Hearing,v1.0.0
HIS-MH-1131,LG-MH-1131,2024-02-01,0.32,32.0,MEDIUM,51,Objection/Hearing,v1.0.0
HIS-MN-1132,LG-MN-1132,2024-02-01,0.4,40.0,MEDIUM,29,Compensation,v1.0.0
HIS-ML-1133,LG-ML-1133,2024-02-01,0.58,58.0,MEDIUM,12,Land Identification,v1.0.0
HIS-MZ-1134,LG-MZ-1134,2024-02-01,0.55,55.0,MEDIUM,40,Possession,v1.0.0
HIS-NL-1135,LG-NL-1135,2024-02-01,0.08,8.0,LOW,11,Land Identification,v1.0.0
HIS-OD-1136,LG-OD-1136,2024-02-01,0.43,43.0,MEDIUM,125,R&R,v1.0.0
HIS-PB-1137,LG-PB-1137,2024-02-01,0.51,51.0,MEDIUM,83,R&R,v1.0.0
HIS-RJ-1138,LG-RJ-1138,2024-02-01,0.56,56.0,MEDIUM,18,Objection/Hearing,v1.0.0
HIS-SK-1139,LG-SK-1139,2024-02-01,0.3,30.0,LOW,7,Approval,v1.0.0
HIS-TN-1140,LG-TN-1140,2024-02-01,0.06,6.0,LOW,12,Approval,v1.0.0
HIS-TS-1141,LG-TS-1141,2024-02-01,0.24,24.0,LOW,5,Documentation,v1.0.0
HIS-TR-1142,LG-TR-1142,2024-02-01,0.4,40.0,MEDIUM,58,Notification,v1.0.0
HIS-UP-1143,LG-UP-1143,2024-02-01,0.35,35.0,MEDIUM,120,Survey,v1.0.0
HIS-UK-1144,LG-UK-1144,2024-02-01,0.82,82.0,CRITICAL,398,Objection/Hearing,v1.0.0
HIS-WB-1145,LG-WB-1145,2024-02-01,0.89,89.0,CRITICAL,409,Land Identification,v1.0.0
HIS-AN-1146,LG-AN-1146,2024-02-01,0.16,16.0,LOW,4,Survey,v1.0.0
HIS-CH-1147,LG-CH-1147,2024-02-01,0.43,43.0,MEDIUM,20,Legal Resolution,v1.0.0
HIS-DH-1148,LG-DH-1148,2024-02-01,0.15,15.0,LOW,9,Legal Resolution,v1.0.0
HIS-DL-1149,LG-DL-1149,2024-02-01,0.76,76.0,HIGH,223,R&R,v1.0.0
HIS-JK-1150,LG-JK-1150,2024-02-01,0.51,51.0,MEDIUM,18,Possession,v1.0.0
HIS-LA-1151,LG-LA-1151,2024-02-01,0.14,14.0,LOW,10,Compensation,v1.0.0
HIS-LD-1152,LG-LD-1152,2024-02-01,0.65,65.0,HIGH,236,Possession,v1.0.0
HIS-PY-1153,LG-PY-1153,2024-02-01,0.51,51.0,MEDIUM,8,Objection/Hearing,v1.0.0
HIS-AP-1154,LG-AP-1154,2024-02-01,0.51,51.0,MEDIUM,12,Final Handover,v1.0.0
HIS-AR-1155,LG-AR-1155,2024-02-01,0.59,59.0,MEDIUM,70,Objection/Hearing,v1.0.0
HIS-AS-1156,LG-AS-1156,2024-02-01,0.72,72.0,HIGH,169,Final Handover,v1.0.0
HIS-BR-1157,LG-BR-1157,2024-02-01,0.66,66.0,HIGH,135,Possession,v1.0.0
HIS-CG-1158,LG-CG-1158,2024-02-01,0.24,24.0,LOW,6,Survey,v1.0.0
HIS-GA-1159,LG-GA-1159,2024-02-01,0.12,12.0,LOW,13,Compensation,v1.0.0
HIS-GJ-1160,LG-GJ-1160,2024-02-01,0.79,79.0,HIGH,162,Final Handover,v1.0.0
HIS-HR-1161,LG-HR-1161,2024-02-01,0.55,55.0,MEDIUM,30,Survey,v1.0.0
HIS-HP-1162,LG-HP-1162,2024-02-01,0.15,15.0,LOW,3,Objection/Hearing,v1.0.0
HIS-JH-1163,LG-JH-1163,2024-02-01,0.62,62.0,HIGH,208,Legal Resolution,v1.0.0
HIS-KA-1164,LG-KA-1164,2024-02-01,0.32,32.0,MEDIUM,6,Documentation,v1.0.0
HIS-KL-1165,LG-KL-1165,2024-02-01,0.75,75.0,HIGH,210,Approval,v1.0.0
HIS-MP-1166,LG-MP-1166,2024-02-01,0.67,67.0,HIGH,210,Survey,v1.0.0
HIS-MH-1167,LG-MH-1167,2024-02-01,0.05,5.0,LOW,7,Land Identification,v1.0.0
HIS-MN-1168,LG-MN-1168,2024-02-01,0.75,75.0,HIGH,240,R&R,v1.0.0
HIS-ML-1169,LG-ML-1169,2024-02-01,0.17,17.0,LOW,3,Legal Resolution,v1.0.0
HIS-MZ-1170,LG-MZ-1170,2024-02-01,0.51,51.0,MEDIUM,7,Compensation,v1.0.0
HIS-NL-1171,LG-NL-1171,2024-02-01,0.94,94.0,CRITICAL,418,Notification,v1.0.0
HIS-OD-1172,LG-OD-1172,2024-02-01,0.08,8.0,LOW,15,Land Identification,v1.0.0
HIS-PB-1173,LG-PB-1173,2024-02-01,0.72,72.0,HIGH,246,Notification,v1.0.0
HIS-RJ-1174,LG-RJ-1174,2024-02-01,0.76,76.0,HIGH,129,Notification,v1.0.0
HIS-SK-1175,LG-SK-1175,2024-02-01,0.68,68.0,HIGH,191,Survey,v1.0.0
HIS-TN-1176,LG-TN-1176,2024-02-01,0.23,23.0,LOW,11,Land Identification,v1.0.0
HIS-TS-1177,LG-TS-1177,2024-02-01,0.34,34.0,MEDIUM,55,Final Handover,v1.0.0
HIS-TR-1178,LG-TR-1178,2024-02-01,0.7,70.0,HIGH,133,Possession,v1.0.0
HIS-UP-1179,LG-UP-1179,2024-02-01,0.92,92.0,CRITICAL,583,R&R,v1.0.0
HIS-UK-1180,LG-UK-1180,2024-02-01,0.08,8.0,LOW,10,Possession,v1.0.0
HIS-WB-1181,LG-WB-1181,2024-02-01,0.17,17.0,LOW,8,Objection/Hearing,v1.0.0
HIS-AN-1182,LG-AN-1182,2024-02-01,0.19,19.0,LOW,11,Documentation,v1.0.0
HIS-CH-1183,LG-CH-1183,2024-02-01,0.4,40.0,MEDIUM,69,Objection/Hearing,v1.0.0
HIS-DH-1184,LG-DH-1184,2024-02-01,0.6,60.0,MEDIUM,129,Land Identification,v1.0.0
HIS-DL-1185,LG-DL-1185,2024-02-01,0.63,63.0,HIGH,222,Documentation,v1.0.0
HIS-JK-1186,LG-JK-1186,2024-02-01,0.48,48.0,MEDIUM,7,Approval,v1.0.0
HIS-LA-1187,LG-LA-1187,2024-02-01,0.13,13.0,LOW,1,Land Identification,v1.0.0
HIS-LD-1188,LG-LD-1188,2024-02-01,0.91,91.0,CRITICAL,507,Land Identification,v1.0.0
HIS-PY-1189,LG-PY-1189,2024-02-01,0.05,5.0,LOW,8,Notification,v1.0.0
HIS-AP-1190,LG-AP-1190,2024-02-01,0.34,34.0,MEDIUM,52,Documentation,v1.0.0
HIS-AR-1191,LG-AR-1191,2024-02-01,0.7,70.0,HIGH,156,Approval,v1.0.0
HIS-AS-1192,LG-AS-1192,2024-02-01,0.28,28.0,LOW,0,Compensation,v1.0.0
HIS-BR-1193,LG-BR-1193,2024-02-01,0.73,73.0,HIGH,158,Land Identification,v1.0.0
HIS-CG-1194,LG-CG-1194,2024-02-01,0.62,62.0,HIGH,164,Objection/Hearing,v1.0.0
HIS-GA-1195,LG-GA-1195,2024-02-01,0.14,14.0,LOW,5,Objection/Hearing,v1.0.0
HIS-GJ-1196,LG-GJ-1196,2024-02-01,0.24,24.0,LOW,12,Survey,v1.0.0
HIS-HR-1197,LG-HR-1197,2024-02-01,0.18,18.0,LOW,1,Possession,v1.0.0
HIS-HP-1198,LG-HP-1198,2024-02-01,0.51,51.0,MEDIUM,122,Documentation,v1.0.0
HIS-JH-1199,LG-JH-1199,2024-02-01,0.64,64.0,HIGH,159,Survey,v1.0.0
HIS-KA-1200,LG-KA-1200,2024-02-01,0.79,79.0,HIGH,240,Possession,v1.0.0
HIS-KL-1201,LG-KL-1201,2024-02-01,0.21,21.0,LOW,4,Documentation,v1.0.0
HIS-MP-1202,LG-MP-1202,2024-02-01,0.98,98.0,CRITICAL,462,Legal Resolution,v1.0.0
HIS-MH-1203,LG-MH-1203,2024-02-01,0.79,79.0,HIGH,150,Documentation,v1.0.0
HIS-MN-1204,LG-MN-1204,2024-02-01,0.33,33.0,MEDIUM,7,Possession,v1.0.0
HIS-ML-1205,LG-ML-1205,2024-02-01,0.19,19.0,LOW,15,Objection/Hearing,v1.0.0
HIS-MZ-1206,LG-MZ-1206,2024-02-01,0.58,58.0,MEDIUM,2,Objection/Hearing,v1.0.0
HIS-NL-1207,LG-NL-1207,2024-02-01,0.77,77.0,HIGH,176,R&R,v1.0.0
HIS-OD-1208,LG-OD-1208,2024-02-01,0.7,70.0,HIGH,167,Notification,v1.0.0
HIS-PB-1209,LG-PB-1209,2024-02-01,0.17,17.0,LOW,11,Land Identification,v1.0.0
HIS-RJ-1210,LG-RJ-1210,2024-02-01,0.58,58.0,MEDIUM,124,Objection/Hearing,v1.0.0
HIS-SK-1211,LG-SK-1211,2024-02-01,0.94,94.0,CRITICAL,434,Final Handover,v1.0.0
HIS-TN-1212,LG-TN-1212,2024-02-01,0.47,47.0,MEDIUM,65,Notification,v1.0.0
HIS-TS-1213,LG-TS-1213,2024-02-01,0.11,11.0,LOW,1,Compensation,v1.0.0
HIS-TR-1214,LG-TR-1214,2024-02-01,0.69,69.0,HIGH,203,Objection/Hearing,v1.0.0
HIS-UP-1215,LG-UP-1215,2024-02-01,0.96,96.0,CRITICAL,263,Legal Resolution,v1.0.0
HIS-UK-1216,LG-UK-1216,2024-02-01,0.5,50.0,MEDIUM,12,Approval,v1.0.0
HIS-WB-1217,LG-WB-1217,2024-02-01,0.55,55.0,MEDIUM,6,Documentation,v1.0.0
HIS-AN-1218,LG-AN-1218,2024-02-01,0.14,14.0,LOW,1,Compensation,v1.0.0
HIS-CH-1219,LG-CH-1219,2024-02-01,0.54,54.0,MEDIUM,8,Approval,v1.0.0
HIS-DH-1220,LG-DH-1220,2024-02-01,0.63,63.0,HIGH,130,Documentation,v1.0.0
HIS-DL-1221,LG-DL-1221,2024-02-01,0.79,79.0,HIGH,220,Approval,v1.0.0
HIS-JK-1222,LG-JK-1222,2024-02-01,0.12,12.0,LOW,15,Survey,v1.0.0
HIS-LA-1223,LG-LA-1223,2024-02-01,0.14,14.0,LOW,4,Legal Resolution,v1.0.0
HIS-LD-1224,LG-LD-1224,2024-02-01,0.75,75.0,HIGH,168,Survey,v1.0.0
HIS-PY-1225,LG-PY-1225,2024-02-01,0.77,77.0,HIGH,253,Compensation,v1.0.0
HIS-AP-1226,LG-AP-1226,2024-02-01,0.17,17.0,LOW,7,R&R,v1.0.0
HIS-AR-1227,LG-AR-1227,2024-02-01,0.24,24.0,LOW,5,Objection/Hearing,v1.0.0
HIS-AS-1228,LG-AS-1228,2024-02-01,0.18,18.0,LOW,8,R&R,v1.0.0
HIS-BR-1229,LG-BR-1229,2024-02-01,0.25,25.0,LOW,8,Legal Resolution,v1.0.0
HIS-CG-1230,LG-CG-1230,2024-02-01,0.68,68.0,HIGH,189,Land Identification,v1.0.0
HIS-GA-1231,LG-GA-1231,2024-02-01,0.06,6.0,LOW,13,Notification,v1.0.0
HIS-GJ-1232,LG-GJ-1232,2024-02-01,0.95,95.0,CRITICAL,449,Possession,v1.0.0
HIS-HR-1233,LG-HR-1233,2024-02-01,0.26,26.0,LOW,8,Possession,v1.0.0
HIS-HP-1234,LG-HP-1234,2024-02-01,0.53,53.0,MEDIUM,98,Legal Resolution,v1.0.0
HIS-JH-1235,LG-JH-1235,2024-02-01,0.53,53.0,MEDIUM,109,Land Identification,v1.0.0
HIS-KA-1236,LG-KA-1236,2024-02-01,0.92,92.0,CRITICAL,575,Survey,v1.0.0
HIS-KL-1237,LG-KL-1237,2024-02-01,0.43,43.0,MEDIUM,130,Final Handover,v1.0.0
HIS-MP-1238,LG-MP-1238,2024-02-01,0.45,45.0,MEDIUM,0,Objection/Hearing,v1.0.0
HIS-MH-1239,LG-MH-1239,2024-02-01,0.1,10.0,LOW,15,R&R,v1.0.0
HIS-MN-1240,LG-MN-1240,2024-02-01,0.43,43.0,MEDIUM,5,Final Handover,v1.0.0
HIS-ML-1241,LG-ML-1241,2024-02-01,0.84,84.0,CRITICAL,257,Possession,v1.0.0
HIS-MZ-1242,LG-MZ-1242,2024-02-01,0.65,65.0,HIGH,251,Compensation,v1.0.0
HIS-NL-1243,LG-NL-1243,2024-02-01,0.63,63.0,HIGH,190,Land Identification,v1.0.0
HIS-OD-1244,LG-OD-1244,2024-02-01,0.22,22.0,LOW,12,Documentation,v1.0.0
HIS-PB-1245,LG-PB-1245,2024-02-01,0.52,52.0,MEDIUM,10,Compensation,v1.0.0
HIS-RJ-1246,LG-RJ-1246,2024-02-01,0.57,57.0,MEDIUM,37,Documentation,v1.0.0
HIS-SK-1247,LG-SK-1247,2024-02-01,0.37,37.0,MEDIUM,45,Land Identification,v1.0.0
HIS-TN-1248,LG-TN-1248,2024-02-01,0.17,17.0,LOW,3,Notification,v1.0.0
HIS-TS-1249,LG-TS-1249,2024-02-01,0.59,59.0,MEDIUM,20,Final Handover,v1.0.0
HIS-TR-1250,LG-TR-1250,2024-02-01,0.91,91.0,CRITICAL,298,Possession,v1.0.0
