stakeholder_id,project_id,objections_received,objections_resolved,pending_objections,public_hearing_status,stakeholder_response_index
STK-TN-0042,LG-TN-0042,85,30,55,OBJECTED,38.0
STK-AP-0002,LG-AP-0002,102,93,9,HELD,92.0
STK-AR-0003,LG-AR-0003,103,90,13,HELD,87.6
STK-AS-0004,LG-AS-0004,112,101,11,HELD,90.7
STK-BR-0005,LG-BR-0005,22,10,12,PENDING,49.9
STK-CG-0006,LG-CG-0006,63,23,40,PENDING,37.0
STK-GA-0007,LG-GA-0007,98,53,45,HELD,54.8
STK-GJ-0008,LG-GJ-0008,33,9,24,PENDING,30.0
STK-HR-0009,LG-HR-0009,50,39,11,HELD,78.2
STK-HP-0010,LG-HP-0010,26,17,9,HELD,66.1
STK-JH-0011,LG-JH-0011,70,48,22,HELD,69.5
STK-KA-0012,LG-KA-0012,84,58,26,HELD,69.7
STK-KL-0013,LG-KL-0013,41,30,11,HELD,73.3
STK-MP-0014,LG-MP-0014,79,70,9,HELD,88.8
STK-MH-0015,LG-MH-0015,39,15,24,PENDING,40.0
STK-MN-0016,LG-MN-0016,19,16,3,HELD,85.6
STK-ML-0017,LG-ML-0017,89,71,18,HELD,80.0
STK-MZ-0018,LG-MZ-0018,106,47,59,PENDING,45.0
STK-NL-0019,LG-NL-0019,36,26,10,HELD,74.2
STK-OD-0020,LG-OD-0020,119,40,79,PENDING,34.0
STK-PB-0021,LG-PB-0021,58,49,9,HELD,84.6
STK-RJ-0022,LG-RJ-0022,55,29,26,HELD,53.7
STK-SK-0023,LG-SK-0023,30,21,9,HELD,72.1
STK-TN-0024,LG-TN-0024,94,61,33,HELD,65.4
STK-TS-0025,LG-TS-0025,60,32,28,HELD,54.2
STK-TR-0026,LG-TR-0026,57,39,18,HELD,68.9
STK-UP-0027,LG-UP-0027,32,22,10,HELD,71.8
STK-UK-0028,LG-UK-0028,66,42,24,HELD,63.9
STK-WB-0029,LG-WB-0029,43,40,3,HELD,95.3
STK-AN-0030,LG-AN-0030,38,33,5,HELD,89.4
STK-CH-0031,LG-CH-0031,15,13,2,HELD,88.8
STK-DH-0032,LG-DH-0032,47,25,22,HELD,53.8
STK-DL-0033,LG-DL-0033,39,28,11,HELD,73.1
STK-JK-0034,LG-JK-0034,111,91,20,HELD,82.3
STK-LA-0035,LG-LA-0035,75,37,38,HELD,50.7
STK-LD-0036,LG-LD-0036,6,1,5,PENDING,20.9
STK-PY-0037,LG-PY-0037,16,10,6,HELD,62.7
STK-AP-0038,LG-AP-0038,37,24,13,HELD,66.2
STK-AR-0039,LG-AR-0039,40,32,8,HELD,82.1
STK-AS-0040,LG-AS-0040,42,32,10,HELD,78.6
STK-BR-0041,LG-BR-0041,63,40,23,HELD,64.6
STK-CG-0042,LG-CG-0042,118,35,83,PENDING,30.2
STK-GA-0043,LG-GA-0043,16,9,7,HELD,58.7
STK-GJ-0044,LG-GJ-0044,107,102,5,HELD,95.8
STK-HR-0045,LG-HR-0045,87,48,39,HELD,55.3
STK-HP-0046,LG-HP-0046,62,45,17,HELD,74.0
STK-JH-0047,LG-JH-0047,20,7,13,PENDING,38.5
STK-KA-0048,LG-KA-0048,39,19,20,HELD,50.6
STK-KL-0049,LG-KL-0049,91,79,12,HELD,87.4
STK-MP-0050,LG-MP-0050,20,11,9,HELD,57.0
STK-MH-0051,LG-MH-0051,107,94,13,HELD,88.1
STK-MN-0052,LG-MN-0052,23,10,13,PENDING,47.3
STK-ML-0053,LG-ML-0053,12,6,6,HELD,57.5
STK-MZ-0054,LG-MZ-0054,108,83,25,HELD,77.1
STK-NL-0055,LG-NL-0055,15,11,4,HELD,74.7
STK-OD-0056,LG-OD-0056,29,15,14,HELD,53.5
STK-PB-0057,LG-PB-0057,34,27,7,HELD,80.9
STK-RJ-0058,LG-RJ-0058,25,16,9,HELD,65.8
STK-SK-0059,LG-SK-0059,111,89,22,HELD,80.6
STK-TN-0060,LG-TN-0060,96,20,76,PENDING,21.2
STK-TS-0061,LG-TS-0061,22,15,7,HELD,70.8
STK-TR-0062,LG-TR-0062,115,99,16,HELD,86.2
STK-UP-0063,LG-UP-0063,62,47,15,HELD,75.9
STK-UK-0064,LG-UK-0064,13,5,8,PENDING,40.0
STK-WB-0065,LG-WB-0065,93,63,30,HELD,67.8
STK-AN-0066,LG-AN-0066,68,53,15,HELD,78.9
STK-CH-0067,LG-CH-0067,24,13,11,HELD,55.3
STK-DH-0068,LG-DH-0068,77,27,50,PENDING,36.0
STK-DL-0069,LG-DL-0069,115,76,39,HELD,66.1
STK-JK-0070,LG-JK-0070,117,91,26,HELD,78.0
STK-LA-0071,LG-LA-0071,75,56,19,HELD,75.9
STK-LD-0072,LG-LD-0072,83,39,44,PENDING,47.7
STK-PY-0073,LG-PY-0073,79,59,20,HELD,75.9
STK-AP-0074,LG-AP-0074,45,33,12,HELD,74.2
STK-AR-0075,LG-AR-0075,20,15,5,HELD,79.7
STK-AS-0076,LG-AS-0076,11,2,9,PENDING,26.8
STK-BR-0077,LG-BR-0077,27,10,17,PENDING,38.9
STK-CG-0078,LG-CG-0078,29,28,1,HELD,99.8
STK-GA-0079,LG-GA-0079,35,26,9,HELD,75.0
STK-GJ-0080,LG-GJ-0080,100,74,26,HELD,74.6
STK-HR-0081,LG-HR-0081,96,75,21,HELD,78.5
STK-HP-0082,LG-HP-0082,57,30,27,HELD,53.5
STK-JH-0083,LG-JH-0083,97,54,43,HELD,55.7
STK-KA-0084,LG-KA-0084,74,34,40,PENDING,47.0
STK-KL-0085,LG-KL-0085,49,42,7,HELD,86.0
STK-MP-0086,LG-MP-0086,16,11,5,HELD,73.4
STK-MH-0087,LG-MH-0087,46,36,10,HELD,79.4
STK-MN-0088,LG-MN-0088,77,18,59,PENDING,23.6
STK-ML-0089,LG-ML-0089,5,3,2,HELD,62.8
STK-MZ-0090,LG-MZ-0090,17,10,7,HELD,59.4
STK-NL-0091,LG-NL-0091,94,34,60,PENDING,36.2
STK-OD-0092,LG-OD-0092,14,12,2,HELD,91.3
STK-PB-0093,LG-PB-0093,34,20,14,HELD,60.4
STK-RJ-0094,LG-RJ-0094,60,39,21,HELD,66.4
STK-SK-0095,LG-SK-0095,43,42,1,HELD,99.6
STK-TN-0096,LG-TN-0096,46,32,14,HELD,70.0
STK-TS-0097,LG-TS-0097,111,75,36,HELD,68.0
STK-TR-0098,LG-TR-0098,103,101,2,HELD,98.5
STK-UP-0099,LG-UP-0099,8,7,1,HELD,91.6
STK-UK-0100,LG-UK-0100,75,52,23,HELD,69.5
STK-WB-0101,LG-WB-0101,90,68,22,HELD,75.6
STK-AN-0102,LG-AN-0102,54,27,27,HELD,51.1
STK-CH-0103,LG-CH-0103,42,13,29,PENDING,32.4
STK-DH-0104,LG-DH-0104,49,23,26,PENDING,47.0
STK-DL-0105,LG-DL-0105,22,16,6,HELD,73.0
STK-JK-0106,LG-JK-0106,46,30,16,HELD,66.1
STK-LA-0107,LG-LA-0107,85,28,57,PENDING,33.7
STK-LD-0108,LG-LD-0108,95,67,28,HELD,70.6
STK-PY-0109,LG-PY-0109,72,59,13,HELD,82.1
STK-AP-0110,LG-AP-0110,113,57,56,HELD,51.3
STK-AR-0111,LG-AR-0111,80,63,17,HELD,79.0
STK-AS-0112,LG-AS-0112,98,77,21,HELD,78.8
STK-BR-0113,LG-BR-0113,103,93,10,HELD,90.5
STK-CG-0114,LG-CG-0114,24,18,6,HELD,75.1
STK-GA-0115,LG-GA-0115,75,59,16,HELD,79.7
STK-GJ-0116,LG-GJ-0116,31,16,15,HELD,51.9
STK-HR-0117,LG-HR-0117,38,18,20,PENDING,47.7
STK-HP-0118,LG-HP-0118,25,21,4,HELD,87.2
STK-JH-0119,LG-JH-0119,12,9,3,HELD,77.8
STK-KA-0120,LG-KA-0120,97,39,58,PENDING,40.7
STK-KL-0121,LG-KL-0121,105,72,33,HELD,69.2
STK-MP-0122,LG-MP-0122,50,23,27,PENDING,47.0
STK-MH-0123,LG-MH-0123,48,31,17,HELD,65.6
STK-MN-0124,LG-MN-0124,95,26,69,PENDING,27.5
STK-ML-0125,LG-ML-0125,68,67,1,HELD,99.9
STK-MZ-0126,LG-MZ-0126,68,55,13,HELD,82.2
STK-NL-0127,LG-NL-0127,8,2,6,PENDING,33.7
STK-OD-0128,LG-OD-0128,110,100,10,HELD,91.0
STK-PB-0129,LG-PB-0129,39,30,9,HELD,78.3
STK-RJ-0130,LG-RJ-0130,69,68,1,HELD,98.7
STK-SK-0131,LG-SK-0131,76,73,3,HELD,96.5
STK-TN-0132,LG-TN-0132,54,49,5,HELD,91.3
STK-TS-0133,LG-TS-0133,43,26,17,HELD,61.3
STK-TR-0134,LG-TR-0134,9,5,4,HELD,59.2
STK-UP-0135,LG-UP-0135,87,67,20,HELD,77.6
STK-UK-0136,LG-UK-0136,37,31,6,HELD,86.1
STK-WB-0137,LG-WB-0137,71,49,22,HELD,69.1
STK-AN-0138,LG-AN-0138,17,12,5,HELD,75.7
STK-CH-0139,LG-CH-0139,11,8,3,HELD,74.5
STK-DH-0140,LG-DH-0140,86,59,27,HELD,69.1
STK-DL-0141,LG-DL-0141,110,95,15,HELD,86.9
STK-JK-0142,LG-JK-0142,96,90,6,HELD,94.5
STK-LA-0143,LG-LA-0143,58,48,10,HELD,83.1
STK-LD-0144,LG-LD-0144,111,47,64,PENDING,42.8
STK-PY-0145,LG-PY-0145,89,83,6,HELD,93.5
STK-AP-0146,LG-AP-0146,80,33,47,PENDING,42.2
STK-AR-0147,LG-AR-0147,89,24,65,PENDING,27.9
STK-AS-0148,LG-AS-0148,35,24,11,HELD,69.8
STK-BR-0149,LG-BR-0149,76,55,21,HELD,73.4
STK-CG-0150,LG-CG-0150,63,47,16,HELD,75.8
STK-GA-0151,LG-GA-0151,18,8,10,PENDING,46.0
STK-GJ-0152,LG-GJ-0152,95,69,26,HELD,73.2
STK-HR-0153,LG-HR-0153,37,16,21,PENDING,45.5
STK-HP-0154,LG-HP-0154,111,70,41,HELD,63.5
STK-JH-0155,LG-JH-0155,64,54,10,HELD,85.6
STK-KA-0156,LG-KA-0156,51,39,12,HELD,76.8
STK-KL-0157,LG-KL-0157,42,16,26,PENDING,38.1
STK-MP-0158,LG-MP-0158,14,10,4,HELD,75.5
STK-MH-0159,LG-MH-0159,102,75,27,HELD,73.8
STK-MN-0160,LG-MN-0160,75,32,43,PENDING,43.7
STK-ML-0161,LG-ML-0161,30,19,11,HELD,63.6
STK-MZ-0162,LG-MZ-0162,51,40,11,HELD,79.4
STK-NL-0163,LG-NL-0163,80,50,30,HELD,62.7
STK-OD-0164,LG-OD-0164,50,38,12,HELD,77.7
STK-PB-0165,LG-PB-0165,88,38,50,PENDING,44.2
STK-RJ-0166,LG-RJ-0166,34,15,19,PENDING,46.5
STK-SK-0167,LG-SK-0167,65,44,21,HELD,68.9
STK-TN-0168,LG-TN-0168,24,12,12,HELD,52.7
STK-TS-0169,LG-TS-0169,22,16,6,HELD,77.0
STK-TR-0170,LG-TR-0170,40,26,14,HELD,66.6
STK-UP-0171,LG-UP-0171,54,32,22,HELD,60.7
STK-UK-0172,LG-UK-0172,6,5,1,HELD,85.7
STK-WB-0173,LG-WB-0173,16,13,3,HELD,85.5
STK-AN-0174,LG-AN-0174,53,45,8,HELD,85.9
STK-CH-0175,LG-CH-0175,75,41,34,HELD,55.3
STK-DH-0176,LG-DH-0176,114,59,55,HELD,52.1
STK-DL-0177,LG-DL-0177,63,13,50,PENDING,21.4
STK-JK-0178,LG-JK-0178,21,15,6,HELD,72.5
STK-LA-0179,LG-LA-0179,109,66,43,HELD,60.7
STK-LD-0180,LG-LD-0180,118,109,9,HELD,93.0
STK-PY-0181,LG-PY-0181,26,22,4,HELD,85.3
STK-AP-0182,LG-AP-0182,44,39,5,HELD,90.5
STK-AR-0183,LG-AR-0183,49,38,11,HELD,79.2
STK-AS-0184,LG-AS-0184,75,67,8,HELD,89.5
STK-BR-0185,LG-BR-0185,63,47,16,HELD,76.1
STK-CG-0186,LG-CG-0186,94,75,19,HELD,80.3
STK-GA-0187,LG-GA-0187,54,29,25,HELD,53.9
STK-GJ-0188,LG-GJ-0188,81,28,53,PENDING,34.6
STK-HR-0189,LG-HR-0189,22,15,7,HELD,69.8
STK-HP-0190,LG-HP-0190,98,88,10,HELD,90.6
STK-JH-0191,LG-JH-0191,67,44,23,HELD,66.7
STK-KA-0192,LG-KA-0192,98,90,8,HELD,92.8
STK-KL-0193,LG-KL-0193,48,35,13,HELD,73.6
STK-MP-0194,LG-MP-0194,41,22,19,HELD,56.0
STK-MH-0195,LG-MH-0195,98,65,33,HELD,67.3
STK-MN-0196,LG-MN-0196,72,16,56,PENDING,23.0
STK-ML-0197,LG-ML-0197,102,67,35,HELD,66.2
STK-MZ-0198,LG-MZ-0198,61,56,5,HELD,91.9
STK-NL-0199,LG-NL-0199,98,44,54,PENDING,45.5
STK-OD-0200,LG-OD-0200,70,55,15,HELD,78.7
STK-PB-0201,LG-PB-0201,85,31,54,PENDING,37.1
STK-RJ-0202,LG-RJ-0202,115,27,88,PENDING,23.8
STK-SK-0203,LG-SK-0203,61,59,2,HELD,97.6
STK-TN-0204,LG-TN-0204,28,22,6,HELD,80.5
STK-TS-0205,LG-TS-0205,104,67,37,HELD,64.7
STK-TR-0206,LG-TR-0206,61,53,8,HELD,87.9
STK-UP-0207,LG-UP-0207,63,40,23,HELD,63.8
STK-UK-0208,LG-UK-0208,47,44,3,HELD,94.5
STK-WB-0209,LG-WB-0209,89,61,28,HELD,68.8
STK-AN-0210,LG-AN-0210,58,54,4,HELD,93.3
STK-CH-0211,LG-CH-0211,83,39,44,PENDING,47.7
STK-DH-0212,LG-DH-0212,29,16,13,HELD,57.3
STK-DL-0213,LG-DL-0213,55,47,8,HELD,86.2
STK-JK-0214,LG-JK-0214,31,27,4,HELD,89.2
STK-LA-0215,LG-LA-0215,52,31,21,HELD,60.0
STK-LD-0216,LG-LD-0216,31,27,4,HELD,89.7
STK-PY-0217,LG-PY-0217,90,46,44,HELD,51.2
STK-AP-0218,LG-AP-0218,55,44,11,HELD,81.0
STK-AR-0219,LG-AR-0219,34,32,2,HELD,96.3
STK-AS-0220,LG-AS-0220,106,73,33,HELD,69.2
STK-BR-0221,LG-BR-0221,110,64,46,HELD,58.3
STK-CG-0222,LG-CG-0222,60,19,41,PENDING,33.3
STK-GA-0223,LG-GA-0223,65,38,27,HELD,59.0
STK-GJ-0224,LG-GJ-0224,63,52,11,HELD,82.7
STK-HR-0225,LG-HR-0225,71,52,19,HELD,73.5
STK-HP-0226,LG-HP-0226,12,6,6,HELD,53.4
STK-JH-0227,LG-JH-0227,105,96,9,HELD,92.1
STK-KA-0228,LG-KA-0228,43,26,17,HELD,61.8
STK-KL-0229,LG-KL-0229,39,36,3,HELD,93.7
STK-MP-0230,LG-MP-0230,9,6,3,HELD,77.5
STK-MH-0231,LG-MH-0231,104,74,30,HELD,72.0
STK-MN-0232,LG-MN-0232,62,46,16,HELD,74.7
STK-ML-0233,LG-ML-0233,47,36,11,HELD,76.7
STK-MZ-0234,LG-MZ-0234,9,8,1,HELD,93.9
STK-NL-0235,LG-NL-0235,14,11,3,HELD,84.2
STK-OD-0236,LG-OD-0236,92,70,22,HELD,77.0
STK-PB-0237,LG-PB-0237,5,3,2,HELD,60.8
STK-RJ-0238,LG-RJ-0238,58,46,12,HELD,80.8
STK-SK-0239,LG-SK-0239,41,40,1,HELD,99.4
STK-TN-0240,LG-TN-0240,53,40,13,HELD,76.2
STK-TS-0241,LG-TS-0241,102,60,42,HELD,58.8
STK-TR-0242,LG-TR-0242,98,55,43,HELD,56.6
STK-UP-0243,LG-UP-0243,64,59,5,HELD,93.4
STK-UK-0244,LG-UK-0244,118,113,5,HELD,95.9
STK-WB-0245,LG-WB-0245,11,3,8,PENDING,34.5
STK-AN-0246,LG-AN-0246,40,21,19,HELD,54.2
STK-CH-0247,LG-CH-0247,90,61,29,HELD,68.5
STK-DH-0248,LG-DH-0248,19,9,10,PENDING,48.2
STK-DL-0249,LG-DL-0249,65,46,19,HELD,71.1
STK-JK-0250,LG-JK-0250,7,5,2,HELD,81.8
STK-LA-0251,LG-LA-0251,61,42,19,HELD,70.2
STK-LD-0252,LG-LD-0252,28,10,18,PENDING,36.0
STK-PY-0253,LG-PY-0253,79,57,22,HELD,72.4
STK-AP-0254,LG-AP-0254,42,34,8,HELD,83.3
STK-AR-0255,LG-AR-0255,25,13,12,HELD,52.0
STK-AS-0256,LG-AS-0256,21,14,7,HELD,69.6
STK-BR-0257,LG-BR-0257,16,12,4,HELD,75.0
STK-CG-0258,LG-CG-0258,51,50,1,HELD,99.3
STK-GA-0259,LG-GA-0259,63,32,31,HELD,52.2
STK-GJ-0260,LG-GJ-0260,119,35,84,PENDING,29.9
STK-HR-0261,LG-HR-0261,37,21,16,HELD,57.1
STK-HP-0262,LG-HP-0262,38,28,10,HELD,74.9
STK-JH-0263,LG-JH-0263,76,50,26,HELD,67.0
STK-KA-0264,LG-KA-0264,49,46,3,HELD,95.3
STK-KL-0265,LG-KL-0265,67,50,17,HELD,75.4
STK-MP-0266,LG-MP-0266,39,32,7,HELD,84.5
STK-MH-0267,LG-MH-0267,77,56,21,HELD,73.2
STK-MN-0268,LG-MN-0268,36,20,16,HELD,57.9
STK-ML-0269,LG-ML-0269,55,34,21,HELD,62.9
STK-MZ-0270,LG-MZ-0270,40,23,17,HELD,59.7
STK-NL-0271,LG-NL-0271,94,60,34,HELD,64.3
STK-OD-0272,LG-OD-0272,115,95,20,HELD,83.2
STK-PB-0273,LG-PB-0273,5,4,1,HELD,89.1
STK-RJ-0274,LG-RJ-0274,55,26,29,PENDING,48.5
STK-SK-0275,LG-SK-0275,96,88,8,HELD,92.0
STK-TN-0276,LG-TN-0276,38,23,15,HELD,61.5
STK-TS-0277,LG-TS-0277,37,17,20,PENDING,46.2
STK-TR-0278,LG-TR-0278,60,14,46,PENDING,23.5
STK-UP-0279,LG-UP-0279,10,4,6,PENDING,49.6
STK-UK-0280,LG-UK-0280,14,13,1,HELD,93.3
STK-WB-0281,LG-WB-0281,98,90,8,HELD,92.6
STK-AN-0282,LG-AN-0282,101,42,59,PENDING,41.6
STK-CH-0283,LG-CH-0283,10,8,2,HELD,88.5
STK-DH-0284,LG-DH-0284,64,44,20,HELD,69.4
STK-DL-0285,LG-DL-0285,15,13,2,HELD,89.1
STK-JK-0286,LG-JK-0286,6,3,3,HELD,57.4
STK-LA-0287,LG-LA-0287,79,65,14,HELD,82.3
STK-LD-0288,LG-LD-0288,78,42,36,HELD,54.7
STK-PY-0289,LG-PY-0289,97,81,16,HELD,84.4
STK-AP-0290,LG-AP-0290,50,23,27,PENDING,47.0
STK-AR-0291,LG-AR-0291,110,85,25,HELD,77.8
STK-AS-0292,LG-AS-0292,69,33,36,PENDING,49.0
STK-BR-0293,LG-BR-0293,48,25,23,HELD,52.2
STK-CG-0294,LG-CG-0294,94,34,60,PENDING,37.0
STK-GA-0295,LG-GA-0295,101,91,10,HELD,90.4
STK-GJ-0296,LG-GJ-0296,43,38,5,HELD,89.0
STK-HR-0297,LG-HR-0297,116,102,14,HELD,88.5
STK-HP-0298,LG-HP-0298,52,37,15,HELD,71.8
STK-JH-0299,LG-JH-0299,62,47,15,HELD,76.1
STK-KA-0300,LG-KA-0300,76,34,42,PENDING,45.9
STK-KL-0301,LG-KL-0301,60,18,42,PENDING,31.1
STK-MP-0302,LG-MP-0302,119,61,58,HELD,51.5
STK-MH-0303,LG-MH-0303,102,21,81,PENDING,20.7
STK-MN-0304,LG-MN-0304,39,7,32,PENDING,20.0
STK-ML-0305,LG-ML-0305,89,60,29,HELD,68.2
STK-MZ-0306,LG-MZ-0306,109,66,43,HELD,60.7
STK-NL-0307,LG-NL-0307,30,17,13,HELD,59.4
STK-OD-0308,LG-OD-0308,5,4,1,HELD,91.4
STK-PB-0309,LG-PB-0309,93,66,27,HELD,71.3
STK-RJ-0310,LG-RJ-0310,85,54,31,HELD,64.2
STK-SK-0311,LG-SK-0311,54,37,17,HELD,69.4
STK-TN-0312,LG-TN-0312,36,30,6,HELD,83.9
STK-TS-0313,LG-TS-0313,48,34,14,HELD,72.6
STK-TR-0314,LG-TR-0314,99,79,20,HELD,80.1
STK-UP-0315,LG-UP-0315,30,19,11,HELD,65.4
STK-UK-0316,LG-UK-0316,73,72,1,HELD,100.0
STK-WB-0317,LG-WB-0317,70,69,1,HELD,99.4
STK-AN-0318,LG-AN-0318,37,29,8,HELD,78.4
STK-CH-0319,LG-CH-0319,34,24,10,HELD,71.6
STK-DH-0320,LG-DH-0320,110,108,2,HELD,98.2
STK-DL-0321,LG-DL-0321,22,15,7,HELD,69.7
STK-JK-0322,LG-JK-0322,73,33,40,PENDING,45.6
STK-LA-0323,LG-LA-0323,46,38,8,HELD,84.7
STK-LD-0324,LG-LD-0324,110,70,40,HELD,63.8
STK-PY-0325,LG-PY-0325,94,45,49,PENDING,48.6
STK-AP-0326,LG-AP-0326,8,3,5,PENDING,39.2
STK-AR-0327,LG-AR-0327,112,37,75,PENDING,33.7
STK-AS-0328,LG-AS-0328,81,65,16,HELD,81.0
STK-BR-0329,LG-BR-0329,74,35,39,PENDING,48.3
STK-CG-0330,LG-CG-0330,37,30,7,HELD,81.3
STK-GA-0331,LG-GA-0331,35,32,3,HELD,92.8
STK-GJ-0332,LG-GJ-0332,8,2,6,PENDING,27.9
STK-HR-0333,LG-HR-0333,69,32,37,PENDING,46.4
STK-HP-0334,LG-HP-0334,59,49,10,HELD,83.4
STK-JH-0335,LG-JH-0335,54,43,11,HELD,80.1
STK-KA-0336,LG-KA-0336,94,55,39,HELD,58.9
STK-KL-0337,LG-KL-0337,44,29,15,HELD,67.8
STK-MP-0338,LG-MP-0338,28,16,12,HELD,60.5
STK-MH-0339,LG-MH-0339,66,15,51,PENDING,24.2
STK-MN-0340,LG-MN-0340,83,61,22,HELD,74.1
STK-ML-0341,LG-ML-0341,51,37,14,HELD,74.3
STK-MZ-0342,LG-MZ-0342,91,22,69,PENDING,24.9
STK-NL-0343,LG-NL-0343,90,77,13,HELD,86.5
STK-OD-0344,LG-OD-0344,78,53,25,HELD,68.4
STK-PB-0345,LG-PB-0345,92,48,44,HELD,52.9
STK-RJ-0346,LG-RJ-0346,43,30,13,HELD,70.0
STK-SK-0347,LG-SK-0347,94,65,29,HELD,69.9
STK-TN-0348,LG-TN-0348,85,27,58,PENDING,31.8
STK-TS-0349,LG-TS-0349,7,6,1,HELD,93.1
STK-TR-0350,LG-TR-0350,101,76,25,HELD,75.5
STK-UP-0351,LG-UP-0351,10,5,5,HELD,55.1
STK-UK-0352,LG-UK-0352,21,14,7,HELD,67.1
STK-WB-0353,LG-WB-0353,110,39,71,PENDING,35.8
STK-AN-0354,LG-AN-0354,98,67,31,HELD,68.4
STK-CH-0355,LG-CH-0355,95,63,32,HELD,66.9
STK-DH-0356,LG-DH-0356,26,11,15,PENDING,43.7
STK-DL-0357,LG-DL-0357,82,60,22,HELD,74.2
STK-JK-0358,LG-JK-0358,85,66,19,HELD,77.8
STK-LA-0359,LG-LA-0359,20,17,3,HELD,87.1
STK-LD-0360,LG-LD-0360,55,52,3,HELD,94.9
STK-PY-0361,LG-PY-0361,49,29,20,HELD,59.8
STK-AP-0362,LG-AP-0362,65,55,10,HELD,85.0
STK-AR-0363,LG-AR-0363,59,40,19,HELD,68.0
STK-AS-0364,LG-AS-0364,47,42,5,HELD,89.4
STK-BR-0365,LG-BR-0365,17,14,3,HELD,82.6
STK-CG-0366,LG-CG-0366,77,16,61,PENDING,21.7
STK-GA-0367,LG-GA-0367,114,83,31,HELD,73.6
STK-GJ-0368,LG-GJ-0368,95,79,16,HELD,84.2
STK-HR-0369,LG-HR-0369,33,31,2,HELD,94.9
STK-HP-0370,LG-HP-0370,82,64,18,HELD,79.2
STK-JH-0371,LG-JH-0371,22,16,6,HELD,76.6
STK-KA-0372,LG-KA-0372,54,52,2,HELD,97.7
STK-KL-0373,LG-KL-0373,84,77,7,HELD,92.1
STK-MP-0374,LG-MP-0374,46,29,17,HELD,64.5
STK-MH-0375,LG-MH-0375,16,8,8,HELD,55.7
STK-MN-0376,LG-MN-0376,20,12,8,HELD,62.1
STK-ML-0377,LG-ML-0377,57,55,2,HELD,96.6
STK-MZ-0378,LG-MZ-0378,16,15,1,HELD,96.6
STK-NL-0379,LG-NL-0379,51,31,20,HELD,61.5
STK-OD-0380,LG-OD-0380,101,74,27,HELD,73.5
STK-PB-0381,LG-PB-0381,108,84,24,HELD,77.8
STK-RJ-0382,LG-RJ-0382,68,43,25,HELD,64.2
STK-SK-0383,LG-SK-0383,114,49,65,PENDING,43.5
STK-TN-0384,LG-TN-0384,64,42,22,HELD,66.6
STK-TS-0385,LG-TS-0385,32,24,8,HELD,76.1
STK-TR-0386,LG-TR-0386,90,42,48,PENDING,46.7
STK-UP-0387,LG-UP-0387,24,17,7,HELD,73.6
STK-UK-0388,LG-UK-0388,109,73,36,HELD,67.8
STK-WB-0389,LG-WB-0389,84,56,28,HELD,67.7
STK-AN-0390,LG-AN-0390,20,19,1,HELD,97.0
STK-CH-0391,LG-CH-0391,26,20,6,HELD,78.6
STK-DH-0392,LG-DH-0392,102,31,71,PENDING,30.9
STK-DL-0393,LG-DL-0393,73,55,18,HELD,76.0
STK-JK-0394,LG-JK-0394,67,33,34,HELD,50.2
STK-LA-0395,LG-LA-0395,71,57,14,HELD,80.6
STK-LD-0396,LG-LD-0396,29,19,10,HELD,68.0
STK-PY-0397,LG-PY-0397,9,6,3,HELD,74.1
STK-AP-0398,LG-AP-0398,120,98,22,HELD,82.4
STK-AR-0399,LG-AR-0399,62,42,20,HELD,68.0
STK-AS-0400,LG-AS-0400,45,36,9,HELD,80.8
STK-BR-0401,LG-BR-0401,93,44,49,PENDING,47.8
STK-CG-0402,LG-CG-0402,89,42,47,PENDING,48.0
STK-GA-0403,LG-GA-0403,44,28,16,HELD,65.2
STK-GJ-0404,LG-GJ-0404,119,74,45,HELD,62.4
STK-HR-0405,LG-HR-0405,82,61,21,HELD,74.7
STK-HP-0406,LG-HP-0406,26,22,4,HELD,88.1
STK-JH-0407,LG-JH-0407,117,104,13,HELD,89.1
STK-KA-0408,LG-KA-0408,37,22,15,HELD,60.5
STK-KL-0409,LG-KL-0409,117,75,42,HELD,64.5
STK-MP-0410,LG-MP-0410,64,61,3,HELD,95.9
STK-MH-0411,LG-MH-0411,16,13,3,HELD,87.0
STK-MN-0412,LG-MN-0412,44,29,15,HELD,67.6
STK-ML-0413,LG-ML-0413,36,10,26,PENDING,30.3
STK-MZ-0414,LG-MZ-0414,71,43,28,HELD,61.4
STK-NL-0415,LG-NL-0415,56,27,29,PENDING,49.9
STK-OD-0416,LG-OD-0416,64,32,32,HELD,50.8
STK-PB-0417,LG-PB-0417,120,86,34,HELD,71.9
STK-RJ-0418,LG-RJ-0418,94,60,34,HELD,64.3
STK-SK-0419,LG-SK-0419,9,3,6,PENDING,42.5
STK-TN-0420,LG-TN-0420,108,82,26,HELD,76.1
STK-TS-0421,LG-TS-0421,15,8,7,HELD,56.2
STK-TR-0422,LG-TR-0422,38,27,11,HELD,73.6
STK-UP-0423,LG-UP-0423,75,29,46,PENDING,39.1
STK-UK-0424,LG-UK-0424,21,6,15,PENDING,29.5
STK-WB-0425,LG-WB-0425,14,13,1,HELD,97.8
STK-AN-0426,LG-AN-0426,88,52,36,HELD,59.7
STK-CH-0427,LG-CH-0427,7,1,6,PENDING,23.1
STK-DH-0428,LG-DH-0428,111,59,52,HELD,53.6
STK-DL-0429,LG-DL-0429,6,4,2,HELD,75.8
STK-JK-0430,LG-JK-0430,9,4,5,HELD,51.4
STK-LA-0431,LG-LA-0431,10,7,3,HELD,74.5
STK-LD-0432,LG-LD-0432,117,99,18,HELD,84.7
STK-PY-0433,LG-PY-0433,53,42,11,HELD,80.5
STK-AP-0434,LG-AP-0434,36,26,10,HELD,74.9
STK-AR-0435,LG-AR-0435,48,34,14,HELD,71.3
STK-AS-0436,LG-AS-0436,70,57,13,HELD,82.5
STK-BR-0437,LG-BR-0437,103,81,22,HELD,78.7
STK-CG-0438,LG-CG-0438,109,76,33,HELD,70.1
STK-GA-0439,LG-GA-0439,31,26,5,HELD,85.2
STK-GJ-0440,LG-GJ-0440,50,31,19,HELD,63.4
STK-HR-0441,LG-HR-0441,33,20,13,HELD,60.9
STK-HP-0442,LG-HP-0442,117,88,29,HELD,75.3
STK-JH-0443,LG-JH-0443,92,25,67,PENDING,28.0
STK-KA-0444,LG-KA-0444,85,65,20,HELD,77.3
STK-KL-0445,LG-KL-0445,57,27,30,PENDING,49.0
STK-MP-0446,LG-MP-0446,14,11,3,HELD,85.4
STK-MH-0447,LG-MH-0447,42,39,3,HELD,94.9
STK-MN-0448,LG-MN-0448,23,4,19,PENDING,20.6
STK-ML-0449,LG-ML-0449,39,27,12,HELD,69.7
STK-MZ-0450,LG-MZ-0450,59,19,40,PENDING,33.0
STK-NL-0451,LG-NL-0451,72,52,20,HELD,72.8
STK-OD-0452,LG-OD-0452,41,34,7,HELD,83.1
STK-PB-0453,LG-PB-0453,31,28,3,HELD,91.3
STK-RJ-0454,LG-RJ-0454,15,10,5,HELD,66.8
STK-SK-0455,LG-SK-0455,27,20,7,HELD,76.6
STK-TN-0456,LG-TN-0456,82,17,65,PENDING,21.1
STK-TS-0457,LG-TS-0457,112,90,22,HELD,81.2
STK-TR-0458,LG-TR-0458,44,36,8,HELD,83.5
STK-UP-0459,LG-UP-0459,11,7,4,HELD,70.6
STK-UK-0460,LG-UK-0460,73,42,31,HELD,57.8
STK-WB-0461,LG-WB-0461,80,58,22,HELD,72.8
STK-AN-0462,LG-AN-0462,48,34,14,HELD,71.8
STK-CH-0463,LG-CH-0463,55,40,15,HELD,73.5
STK-DH-0464,LG-DH-0464,17,9,8,HELD,54.4
STK-DL-0465,LG-DL-0465,14,13,1,HELD,97.7
STK-JK-0466,LG-JK-0466,108,81,27,HELD,75.2
STK-LA-0467,LG-LA-0467,91,68,23,HELD,75.7
STK-LD-0468,LG-LD-0468,42,39,3,HELD,93.7
STK-PY-0469,LG-PY-0469,14,12,2,HELD,86.9
STK-AP-0470,LG-AP-0470,52,37,15,HELD,71.5
STK-AR-0471,LG-AR-0471,33,28,5,HELD,85.5
STK-AS-0472,LG-AS-0472,67,50,17,HELD,75.5
STK-BR-0473,LG-BR-0473,82,70,12,HELD,85.7
STK-CG-0474,LG-CG-0474,110,77,33,HELD,70.4
STK-GA-0475,LG-GA-0475,92,68,24,HELD,74.3
STK-GJ-0476,LG-GJ-0476,69,17,52,PENDING,25.2
STK-HR-0477,LG-HR-0477,55,34,21,HELD,62.7
STK-HP-0478,LG-HP-0478,38,18,20,PENDING,49.2
STK-JH-0479,LG-JH-0479,100,94,6,HELD,94.3
STK-KA-0480,LG-KA-0480,53,48,5,HELD,92.4
STK-KL-0481,LG-KL-0481,51,47,4,HELD,93.0
STK-MP-0482,LG-MP-0482,100,74,26,HELD,74.8
STK-MH-0483,LG-MH-0483,77,51,26,HELD,66.7
STK-MN-0484,LG-MN-0484,19,15,4,HELD,79.3
STK-ML-0485,LG-ML-0485,91,62,29,HELD,68.2
STK-MZ-0486,LG-MZ-0486,59,36,23,HELD,61.7
STK-NL-0487,LG-NL-0487,114,51,63,PENDING,45.5
STK-OD-0488,LG-OD-0488,117,101,16,HELD,86.9
STK-PB-0489,LG-PB-0489,64,42,22,HELD,67.1
STK-RJ-0490,LG-RJ-0490,99,55,44,HELD,56.3
STK-SK-0491,LG-SK-0491,72,22,50,PENDING,31.3
STK-TN-0492,LG-TN-0492,17,12,5,HELD,74.8
STK-TS-0493,LG-TS-0493,62,48,14,HELD,78.2
STK-TR-0494,LG-TR-0494,70,61,9,HELD,88.3
STK-UP-0495,LG-UP-0495,113,45,68,PENDING,40.3
STK-UK-0496,LG-UK-0496,44,34,10,HELD,79.5
STK-WB-0497,LG-WB-0497,64,52,12,HELD,82.0
STK-AN-0498,LG-AN-0498,41,31,10,HELD,77.8
STK-CH-0499,LG-CH-0499,86,53,33,HELD,62.0
STK-DH-0500,LG-DH-0500,17,11,6,HELD,69.2
STK-DL-0501,LG-DL-0501,109,96,13,HELD,88.7
STK-JK-0502,LG-JK-0502,40,26,14,HELD,66.5
STK-LA-0503,LG-LA-0503,55,54,1,HELD,99.2
STK-LD-0504,LG-LD-0504,89,44,45,HELD,50.5
STK-PY-0505,LG-PY-0505,116,90,26,HELD,78.1
STK-AP-0506,LG-AP-0506,76,50,26,HELD,66.5
STK-AR-0507,LG-AR-0507,114,111,3,HELD,98.1
STK-AS-0508,LG-AS-0508,105,89,16,HELD,85.1
STK-BR-0509,LG-BR-0509,56,31,25,HELD,55.8
STK-CG-0510,LG-CG-0510,16,6,10,PENDING,37.5
STK-GA-0511,LG-GA-0511,33,22,11,HELD,68.7
STK-GJ-0512,LG-GJ-0512,52,17,35,PENDING,34.4
STK-HR-0513,LG-HR-0513,39,25,14,HELD,66.6
STK-HP-0514,LG-HP-0514,55,35,20,HELD,64.1
STK-JH-0515,LG-JH-0515,111,85,26,HELD,76.6
STK-KA-0516,LG-KA-0516,49,33,16,HELD,67.7
STK-KL-0517,LG-KL-0517,28,24,4,HELD,86.1
STK-MP-0518,LG-MP-0518,49,47,2,HELD,97.8
STK-MH-0519,LG-MH-0519,112,78,34,HELD,70.5
STK-MN-0520,LG-MN-0520,18,12,6,HELD,68.0
STK-ML-0521,LG-ML-0521,99,45,54,PENDING,46.0
STK-MZ-0522,LG-MZ-0522,112,84,28,HELD,75.3
STK-NL-0523,LG-NL-0523,89,60,29,HELD,67.8
STK-OD-0524,LG-OD-0524,65,43,22,HELD,66.8
STK-PB-0525,LG-PB-0525,64,38,26,HELD,59.5
STK-RJ-0526,LG-RJ-0526,97,46,51,PENDING,47.9
STK-SK-0527,LG-SK-0527,62,49,13,HELD,80.4
STK-TN-0528,LG-TN-0528,57,35,22,HELD,62.6
STK-TS-0529,LG-TS-0529,98,51,47,HELD,53.0
STK-TR-0530,LG-TR-0530,54,36,18,HELD,68.3
STK-UP-0531,LG-UP-0531,6,5,1,HELD,98.7
STK-UK-0532,LG-UK-0532,76,51,25,HELD,67.6
STK-WB-0533,LG-WB-0533,13,9,4,HELD,73.8
STK-AN-0534,LG-AN-0534,120,75,45,HELD,62.8
STK-CH-0535,LG-CH-0535,51,33,18,HELD,65.3
STK-DH-0536,LG-DH-0536,27,26,1,HELD,97.2
STK-DL-0537,LG-DL-0537,28,24,4,HELD,86.6
STK-JK-0538,LG-JK-0538,38,21,17,HELD,56.8
STK-LA-0539,LG-LA-0539,13,7,6,HELD,61.5
STK-LD-0540,LG-LD-0540,100,75,25,HELD,75.9
STK-PY-0541,LG-PY-0541,24,14,10,HELD,62.5
STK-AP-0542,LG-AP-0542,95,93,2,HELD,98.9
STK-AR-0543,LG-AR-0543,62,36,26,HELD,59.5
STK-AS-0544,LG-AS-0544,70,44,26,HELD,63.2
STK-BR-0545,LG-BR-0545,105,80,25,HELD,76.7
STK-CG-0546,LG-CG-0546,64,28,36,PENDING,45.2
STK-GA-0547,LG-GA-0547,87,41,46,PENDING,47.5
STK-GJ-0548,LG-GJ-0548,48,45,3,HELD,94.3
STK-HR-0549,LG-HR-0549,116,52,64,PENDING,45.5
STK-HP-0550,LG-HP-0550,24,19,5,HELD,80.1
STK-JH-0551,LG-JH-0551,116,83,33,HELD,71.7
STK-KA-0552,LG-KA-0552,55,37,18,HELD,68.2
STK-KL-0553,LG-KL-0553,40,9,31,PENDING,24.0
STK-MP-0554,LG-MP-0554,94,21,73,PENDING,22.8
STK-MH-0555,LG-MH-0555,90,85,5,HELD,95.4
STK-MN-0556,LG-MN-0556,99,73,26,HELD,74.0
STK-ML-0557,LG-ML-0557,69,48,21,HELD,70.0
STK-MZ-0558,LG-MZ-0558,46,25,21,HELD,56.5
STK-NL-0559,LG-NL-0559,56,44,12,HELD,79.5
STK-OD-0560,LG-OD-0560,84,67,17,HELD,80.2
STK-PB-0561,LG-PB-0561,37,23,14,HELD,64.0
STK-RJ-0562,LG-RJ-0562,107,80,27,HELD,75.3
STK-SK-0563,LG-SK-0563,34,23,11,HELD,68.7
STK-TN-0564,LG-TN-0564,38,25,13,HELD,66.6
STK-TS-0565,LG-TS-0565,94,32,62,PENDING,34.6
STK-TR-0566,LG-TR-0566,90,28,62,PENDING,32.0
STK-UP-0567,LG-UP-0567,83,57,26,HELD,69.8
STK-UK-0568,LG-UK-0568,65,46,19,HELD,70.9
STK-WB-0569,LG-WB-0569,44,37,7,HELD,84.6
STK-AN-0570,LG-AN-0570,81,68,13,HELD,84.1
STK-CH-0571,LG-CH-0571,75,74,1,HELD,99.7
STK-DH-0572,LG-DH-0572,119,78,41,HELD,66.1
STK-DL-0573,LG-DL-0573,99,66,33,HELD,67.6
STK-JK-0574,LG-JK-0574,61,56,5,HELD,92.0
STK-LA-0575,LG-LA-0575,40,30,10,HELD,75.6
STK-LD-0576,LG-LD-0576,26,17,9,HELD,66.3
STK-PY-0577,LG-PY-0577,116,80,36,HELD,69.4
STK-AP-0578,LG-AP-0578,6,4,2,HELD,76.7
STK-AR-0579,LG-AR-0579,63,29,34,PENDING,47.2
STK-AS-0580,LG-AS-0580,43,29,14,HELD,68.1
STK-BR-0581,LG-BR-0581,23,12,11,HELD,53.0
STK-CG-0582,LG-CG-0582,8,5,3,HELD,67.9
STK-GA-0583,LG-GA-0583,96,43,53,PENDING,45.7
STK-GJ-0584,LG-GJ-0584,38,9,29,PENDING,23.8
STK-HR-0585,LG-HR-0585,60,16,44,PENDING,28.2
STK-HP-0586,LG-HP-0586,43,35,8,HELD,83.1
STK-JH-0587,LG-JH-0587,36,16,20,PENDING,44.9
STK-KA-0588,LG-KA-0588,26,16,10,HELD,65.0
STK-KL-0589,LG-KL-0589,68,62,6,HELD,92.3
STK-MP-0590,LG-MP-0590,18,8,10,PENDING,49.2
STK-MH-0591,LG-MH-0591,112,61,51,HELD,54.5
STK-MN-0592,LG-MN-0592,118,73,45,HELD,62.4
STK-ML-0593,LG-ML-0593,103,72,31,HELD,70.0
STK-MZ-0594,LG-MZ-0594,55,28,27,HELD,51.3
STK-NL-0595,LG-NL-0595,19,10,9,HELD,57.8
STK-OD-0596,LG-OD-0596,17,6,11,PENDING,36.4
STK-PB-0597,LG-PB-0597,50,25,25,HELD,51.8
STK-RJ-0598,LG-RJ-0598,108,96,12,HELD,89.6
STK-SK-0599,LG-SK-0599,90,26,64,PENDING,29.2
STK-TN-0600,LG-TN-0600,114,87,27,HELD,77.2
STK-TS-0601,LG-TS-0601,17,11,6,HELD,69.3
STK-TR-0602,LG-TR-0602,16,8,8,HELD,55.9
STK-UP-0603,LG-UP-0603,57,38,19,HELD,67.5
STK-UK-0604,LG-UK-0604,19,9,10,HELD,50.8
STK-WB-0605,LG-WB-0605,18,4,14,PENDING,25.5
STK-AN-0606,LG-AN-0606,37,34,3,HELD,93.3
STK-CH-0607,LG-CH-0607,39,34,5,HELD,89.1
STK-DH-0608,LG-DH-0608,35,34,1,HELD,97.2
STK-DL-0609,LG-DL-0609,90,53,37,HELD,59.7
STK-JK-0610,LG-JK-0610,73,47,26,HELD,65.2
STK-LA-0611,LG-LA-0611,93,73,20,HELD,78.9
STK-LD-0612,LG-LD-0612,29,22,7,HELD,76.3
STK-PY-0613,LG-PY-0613,5,3,2,HELD,76.3
STK-AP-0614,LG-AP-0614,59,37,22,HELD,63.0
STK-AR-0615,LG-AR-0615,55,45,10,HELD,82.3
STK-AS-0616,LG-AS-0616,67,37,30,HELD,55.5
STK-BR-0617,LG-BR-0617,93,56,37,HELD,60.3
STK-CG-0618,LG-CG-0618,110,75,35,HELD,68.9
STK-GA-0619,LG-GA-0619,107,59,48,HELD,55.3
STK-GJ-0620,LG-GJ-0620,37,28,9,HELD,76.8
STK-HR-0621,LG-HR-0621,26,13,13,HELD,53.0
STK-HP-0622,LG-HP-0622,101,50,51,HELD,50.0
STK-JH-0623,LG-JH-0623,98,85,13,HELD,87.5
STK-KA-0624,LG-KA-0624,55,34,21,HELD,63.3
STK-KL-0625,LG-KL-0625,114,95,19,HELD,84.0
STK-MP-0626,LG-MP-0626,65,33,32,HELD,51.7
STK-MH-0627,LG-MH-0627,66,43,23,HELD,66.1
STK-MN-0628,LG-MN-0628,111,94,17,HELD,85.1
STK-ML-0629,LG-ML-0629,55,54,1,HELD,98.9
STK-MZ-0630,LG-MZ-0630,72,35,37,PENDING,48.7
STK-NL-0631,LG-NL-0631,18,16,2,HELD,90.6
STK-OD-0632,LG-OD-0632,16,4,12,PENDING,30.1
STK-PB-0633,LG-PB-0633,76,35,41,PENDING,47.2
STK-RJ-0634,LG-RJ-0634,109,74,35,HELD,68.3
STK-SK-0635,LG-SK-0635,76,40,36,HELD,53.7
STK-TN-0636,LG-TN-0636,5,3,2,HELD,60.5
STK-TS-0637,LG-TS-0637,42,40,2,HELD,96.5
STK-TR-0638,LG-TR-0638,62,42,20,HELD,69.1
STK-UP-0639,LG-UP-0639,29,16,13,HELD,57.0
STK-UK-0640,LG-UK-0640,64,42,22,HELD,66.2
STK-WB-0641,LG-WB-0641,41,39,2,HELD,97.3
STK-AN-0642,LG-AN-0642,78,61,17,HELD,78.4
STK-CH-0643,LG-CH-0643,92,45,47,PENDING,49.6
STK-DH-0644,LG-DH-0644,74,55,19,HELD,74.4
STK-DL-0645,LG-DL-0645,21,15,6,HELD,73.0
STK-JK-0646,LG-JK-0646,74,26,48,PENDING,35.2
STK-LA-0647,LG-LA-0647,54,38,16,HELD,71.8
STK-LD-0648,LG-LD-0648,53,34,19,HELD,65.0
STK-PY-0649,LG-PY-0649,106,88,18,HELD,83.9
STK-AP-0650,LG-AP-0650,18,12,6,HELD,70.2
STK-AR-0651,LG-AR-0651,11,7,4,HELD,68.4
STK-AS-0652,LG-AS-0652,107,101,6,HELD,94.6
STK-BR-0653,LG-BR-0653,113,62,51,HELD,55.5
STK-CG-0654,LG-CG-0654,95,90,5,HELD,95.1
STK-GA-0655,LG-GA-0655,24,23,1,HELD,96.2
STK-GJ-0656,LG-GJ-0656,80,39,41,PENDING,49.1
STK-HR-0657,LG-HR-0657,95,89,6,HELD,94.1
STK-HP-0658,LG-HP-0658,95,68,27,HELD,72.3
STK-JH-0659,LG-JH-0659,55,50,5,HELD,92.4
STK-KA-0660,LG-KA-0660,46,22,24,PENDING,48.1
STK-KL-0661,LG-KL-0661,7,3,4,HELD,54.8
STK-MP-0662,LG-MP-0662,22,20,2,HELD,93.3
STK-MH-0663,LG-MH-0663,92,42,50,PENDING,45.9
STK-MN-0664,LG-MN-0664,31,29,2,HELD,96.3
STK-ML-0665,LG-ML-0665,92,50,42,HELD,55.2
STK-MZ-0666,LG-MZ-0666,28,9,19,PENDING,35.1
STK-NL-0667,LG-NL-0667,102,50,52,PENDING,49.2
STK-OD-0668,LG-OD-0668,96,33,63,PENDING,34.8
STK-PB-0669,LG-PB-0669,66,15,51,PENDING,23.3
STK-RJ-0670,LG-RJ-0670,94,44,50,PENDING,47.6
STK-SK-0671,LG-SK-0671,112,84,28,HELD,75.2
STK-TN-0672,LG-TN-0672,71,58,13,HELD,82.0
STK-TS-0673,LG-TS-0673,67,59,8,HELD,89.2
STK-TR-0674,LG-TR-0674,118,86,32,HELD,73.4
STK-UP-0675,LG-UP-0675,37,7,30,PENDING,20.6
STK-UK-0676,LG-UK-0676,105,87,18,HELD,83.4
STK-WB-0677,LG-WB-0677,28,14,14,HELD,50.7
STK-AN-0678,LG-AN-0678,90,41,49,PENDING,46.0
STK-CH-0679,LG-CH-0679,89,69,20,HELD,78.5
STK-DH-0680,LG-DH-0680,90,58,32,HELD,65.2
STK-DL-0681,LG-DL-0681,10,5,5,HELD,56.2
STK-JK-0682,LG-JK-0682,86,60,26,HELD,70.7
STK-LA-0683,LG-LA-0683,39,30,9,HELD,79.0
STK-LD-0684,LG-LD-0684,96,65,31,HELD,68.2
STK-PY-0685,LG-PY-0685,59,51,8,HELD,87.2
STK-AP-0686,LG-AP-0686,39,22,17,HELD,57.6
STK-AR-0687,LG-AR-0687,80,58,22,HELD,73.2
STK-AS-0688,LG-AS-0688,58,12,46,PENDING,21.8
STK-BR-0689,LG-BR-0689,92,79,13,HELD,86.0
STK-CG-0690,LG-CG-0690,21,13,8,HELD,65.4
STK-GA-0691,LG-GA-0691,24,19,5,HELD,81.1
STK-GJ-0692,LG-GJ-0692,65,51,14,HELD,78.7
STK-HR-0693,LG-HR-0693,19,7,12,PENDING,38.0
STK-HP-0694,LG-HP-0694,51,40,11,HELD,79.2
STK-JH-0695,LG-JH-0695,90,58,32,HELD,64.7
STK-KA-0696,LG-KA-0696,82,38,44,PENDING,46.3
STK-KL-0697,LG-KL-0697,40,24,16,HELD,62.5
STK-MP-0698,LG-MP-0698,73,59,14,HELD,82.1
STK-MH-0699,LG-MH-0699,34,20,14,HELD,59.1
STK-MN-0700,LG-MN-0700,71,56,15,HELD,79.8
STK-ML-0701,LG-ML-0701,109,88,21,HELD,80.9
STK-MZ-0702,LG-MZ-0702,9,6,3,HELD,76.7
STK-NL-0703,LG-NL-0703,116,92,24,HELD,79.6
STK-OD-0704,LG-OD-0704,54,32,22,HELD,60.2
STK-PB-0705,LG-PB-0705,60,39,21,HELD,66.2
STK-RJ-0706,LG-RJ-0706,42,18,24,PENDING,44.3
STK-SK-0707,LG-SK-0707,18,16,2,HELD,89.0
STK-TN-0708,LG-TN-0708,32,14,18,PENDING,46.0
STK-TS-0709,LG-TS-0709,74,69,5,HELD,93.8
STK-TR-0710,LG-TR-0710,100,97,3,HELD,97.7
STK-UP-0711,LG-UP-0711,80,58,22,HELD,73.6
STK-UK-0712,LG-UK-0712,104,63,41,HELD,61.2
STK-WB-0713,LG-WB-0713,100,83,17,HELD,83.0
STK-AN-0714,LG-AN-0714,51,37,14,HELD,73.1
STK-CH-0715,LG-CH-0715,104,21,83,PENDING,20.7
STK-DH-0716,LG-DH-0716,28,14,14,HELD,51.3
STK-DL-0717,LG-DL-0717,41,30,11,HELD,74.8
STK-JK-0718,LG-JK-0718,40,28,12,HELD,70.9
STK-LA-0719,LG-LA-0719,10,7,3,HELD,74.2
STK-LD-0720,LG-LD-0720,77,72,5,HELD,93.9
STK-PY-0721,LG-PY-0721,79,63,16,HELD,79.8
STK-AP-0722,LG-AP-0722,55,35,20,HELD,65.1
STK-AR-0723,LG-AR-0723,90,66,24,HELD,73.9
STK-AS-0724,LG-AS-0724,106,65,41,HELD,61.8
STK-BR-0725,LG-BR-0725,71,55,16,HELD,78.2
STK-CG-0726,LG-CG-0726,97,38,59,PENDING,40.1
STK-GA-0727,LG-GA-0727,91,86,5,HELD,94.6
STK-GJ-0728,LG-GJ-0728,11,5,6,PENDING,49.9
STK-HR-0729,LG-HR-0729,53,39,14,HELD,75.3
STK-HP-0730,LG-HP-0730,56,54,2,HELD,97.4
STK-JH-0731,LG-JH-0731,55,50,5,HELD,91.6
STK-KA-0732,LG-KA-0732,88,72,16,HELD,82.3
STK-KL-0733,LG-KL-0733,118,72,46,HELD,61.4
STK-MP-0734,LG-MP-0734,104,39,65,PENDING,37.7
STK-MH-0735,LG-MH-0735,15,11,4,HELD,79.9
STK-MN-0736,LG-MN-0736,116,102,14,HELD,87.9
STK-ML-0737,LG-ML-0737,33,16,17,HELD,51.0
STK-MZ-0738,LG-MZ-0738,60,58,2,HELD,98.3
STK-NL-0739,LG-NL-0739,57,48,9,HELD,84.5
STK-OD-0740,LG-OD-0740,44,43,1,HELD,99.7
STK-PB-0741,LG-PB-0741,104,65,39,HELD,63.2
STK-RJ-0742,LG-RJ-0742,51,31,20,HELD,61.3
STK-SK-0743,LG-SK-0743,20,14,6,HELD,70.8
STK-TN-0744,LG-TN-0744,32,19,13,HELD,60.6
STK-TS-0745,LG-TS-0745,118,43,75,PENDING,37.1
STK-TR-0746,LG-TR-0746,20,10,10,HELD,50.5
STK-UP-0747,LG-UP-0747,27,18,9,HELD,69.7
STK-UK-0748,LG-UK-0748,66,65,1,HELD,99.7
STK-WB-0749,LG-WB-0749,73,66,7,HELD,91.4
STK-AN-0750,LG-AN-0750,112,97,15,HELD,86.8
STK-CH-0751,LG-CH-0751,108,24,84,PENDING,23.1
STK-DH-0752,LG-DH-0752,93,68,25,HELD,73.6
STK-DL-0753,LG-DL-0753,31,13,18,PENDING,42.1
STK-JK-0754,LG-JK-0754,43,31,12,HELD,74.3
STK-LA-0755,LG-LA-0755,7,5,2,HELD,79.2
STK-LD-0756,LG-LD-0756,12,3,9,PENDING,26.7
STK-PY-0757,LG-PY-0757,13,6,7,PENDING,47.5
STK-AP-0758,LG-AP-0758,13,9,4,HELD,73.7
STK-AR-0759,LG-AR-0759,63,52,11,HELD,83.2
STK-AS-0760,LG-AS-0760,108,84,24,HELD,78.5
STK-BR-0761,LG-BR-0761,101,84,17,HELD,83.3
STK-CG-0762,LG-CG-0762,13,12,1,HELD,97.6
STK-GA-0763,LG-GA-0763,26,19,7,HELD,74.6
STK-GJ-0764,LG-GJ-0764,98,84,14,HELD,85.9
STK-HR-0765,LG-HR-0765,24,21,3,HELD,88.8
STK-HP-0766,LG-HP-0766,63,13,50,PENDING,21.9
STK-JH-0767,LG-JH-0767,68,59,9,HELD,87.1
STK-KA-0768,LG-KA-0768,93,79,14,HELD,85.2
STK-KL-0769,LG-KL-0769,92,62,30,HELD,67.5
STK-MP-0770,LG-MP-0770,74,61,13,HELD,83.4
STK-MH-0771,LG-MH-0771,110,96,14,HELD,88.0
STK-MN-0772,LG-MN-0772,109,65,44,HELD,60.2
STK-ML-0773,LG-ML-0773,44,37,7,HELD,86.0
STK-MZ-0774,LG-MZ-0774,21,16,5,HELD,79.4
STK-NL-0775,LG-NL-0775,110,98,12,HELD,89.7
STK-OD-0776,LG-OD-0776,29,24,5,HELD,83.4
STK-PB-0777,LG-PB-0777,110,63,47,HELD,57.3
STK-RJ-0778,LG-RJ-0778,63,29,34,PENDING,46.7
STK-SK-0779,LG-SK-0779,66,34,32,HELD,52.0
STK-TN-0780,LG-TN-0780,74,65,9,HELD,88.2
STK-TS-0781,LG-TS-0781,60,29,31,PENDING,49.1
STK-TR-0782,LG-TR-0782,92,65,27,HELD,70.9
STK-UP-0783,LG-UP-0783,42,39,3,HELD,94.7
STK-UK-0784,LG-UK-0784,5,3,2,HELD,78.5
STK-WB-0785,LG-WB-0785,11,10,1,HELD,99.7
STK-AN-0786,LG-AN-0786,88,30,58,PENDING,34.1
STK-CH-0787,LG-CH-0787,109,100,9,HELD,91.9
STK-DH-0788,LG-DH-0788,38,18,20,PENDING,48.6
STK-DL-0789,LG-DL-0789,26,23,3,HELD,89.8
STK-JK-0790,LG-JK-0790,75,66,9,HELD,88.5
STK-LA-0791,LG-LA-0791,39,28,11,HELD,72.9
STK-LD-0792,LG-LD-0792,47,30,17,HELD,64.6
STK-PY-0793,LG-PY-0793,65,35,30,HELD,55.3
STK-AP-0794,LG-AP-0794,40,24,16,HELD,60.7
STK-AR-0795,LG-AR-0795,93,81,12,HELD,87.5
STK-AS-0796,LG-AS-0796,101,70,31,HELD,69.4
STK-BR-0797,LG-BR-0797,72,47,25,HELD,65.8
STK-CG-0798,LG-CG-0798,31,19,12,HELD,62.5
STK-GA-0799,LG-GA-0799,45,16,29,PENDING,36.4
STK-GJ-0800,LG-GJ-0800,36,17,19,PENDING,47.5
STK-HR-0801,LG-HR-0801,13,9,4,HELD,75.8
STK-HP-0802,LG-HP-0802,86,66,20,HELD,77.0
STK-JH-0803,LG-JH-0803,114,106,8,HELD,93.2
STK-KA-0804,LG-KA-0804,73,59,14,HELD,82.1
STK-KL-0805,LG-KL-0805,19,15,4,HELD,84.2
STK-MP-0806,LG-MP-0806,19,10,9,HELD,55.1
STK-MH-0807,LG-MH-0807,31,9,22,PENDING,29.6
STK-MN-0808,LG-MN-0808,22,19,3,HELD,87.0
STK-ML-0809,LG-ML-0809,52,24,28,PENDING,46.3
STK-MZ-0810,LG-MZ-0810,68,37,31,HELD,54.5
STK-NL-0811,LG-NL-0811,12,7,5,HELD,66.5
STK-OD-0812,LG-OD-0812,107,74,33,HELD,69.7
STK-PB-0813,LG-PB-0813,68,32,36,PENDING,47.4
STK-RJ-0814,LG-RJ-0814,15,7,8,PENDING,46.9
STK-SK-0815,LG-SK-0815,22,15,7,HELD,68.4
STK-TN-0816,LG-TN-0816,76,25,51,PENDING,33.5
STK-TS-0817,LG-TS-0817,60,44,16,HELD,73.4
STK-TR-0818,LG-TR-0818,40,32,8,HELD,80.8
STK-UP-0819,LG-UP-0819,80,52,28,HELD,65.3
STK-UK-0820,LG-UK-0820,112,76,36,HELD,68.0
STK-WB-0821,LG-WB-0821,47,32,15,HELD,68.7
STK-AN-0822,LG-AN-0822,61,42,19,HELD,69.8
STK-CH-0823,LG-CH-0823,72,45,27,HELD,63.4
STK-DH-0824,LG-DH-0824,18,15,3,HELD,85.9
STK-DL-0825,LG-DL-0825,63,53,10,HELD,85.3
STK-JK-0826,LG-JK-0826,27,20,7,HELD,76.0
STK-LA-0827,LG-LA-0827,45,30,15,HELD,67.2
STK-LD-0828,LG-LD-0828,65,28,37,PENDING,43.9
STK-PY-0829,LG-PY-0829,24,18,6,HELD,78.0
STK-AP-0830,LG-AP-0830,36,21,15,HELD,59.2
STK-AR-0831,LG-AR-0831,16,11,5,HELD,71.1
STK-AS-0832,LG-AS-0832,81,53,28,HELD,66.5
STK-BR-0833,LG-BR-0833,102,91,11,HELD,89.3
STK-CG-0834,LG-CG-0834,100,51,49,HELD,51.8
STK-GA-0835,LG-GA-0835,48,30,18,HELD,62.6
STK-GJ-0836,LG-GJ-0836,110,55,55,HELD,50.1
STK-HR-0837,LG-HR-0837,119,59,60,PENDING,49.9
STK-HP-0838,LG-HP-0838,8,3,5,PENDING,47.3
STK-JH-0839,LG-JH-0839,46,32,14,HELD,71.1
STK-KA-0840,LG-KA-0840,108,65,43,HELD,60.3
STK-KL-0841,LG-KL-0841,9,5,4,HELD,60.7
STK-MP-0842,LG-MP-0842,69,49,20,HELD,72.3
STK-MH-0843,LG-MH-0843,66,47,19,HELD,71.7
STK-MN-0844,LG-MN-0844,27,19,8,HELD,71.1
STK-ML-0845,LG-ML-0845,95,65,30,HELD,68.9
STK-MZ-0846,LG-MZ-0846,52,25,27,PENDING,48.5
STK-NL-0847,LG-NL-0847,79,63,16,HELD,80.6
STK-OD-0848,LG-OD-0848,29,18,11,HELD,62.4
STK-PB-0849,LG-PB-0849,77,18,59,PENDING,24.0
STK-RJ-0850,LG-RJ-0850,110,103,7,HELD,94.0
STK-SK-0851,LG-SK-0851,109,75,34,HELD,69.0
STK-TN-0852,LG-TN-0852,36,24,12,HELD,68.6
STK-TS-0853,LG-TS-0853,84,80,4,HELD,95.9
STK-TR-0854,LG-TR-0854,61,50,11,HELD,82.5
STK-UP-0855,LG-UP-0855,106,75,31,HELD,70.8
STK-UK-0856,LG-UK-0856,78,51,27,HELD,66.5
STK-WB-0857,LG-WB-0857,80,47,33,HELD,59.4
STK-AN-0858,LG-AN-0858,68,67,1,HELD,98.6
STK-CH-0859,LG-CH-0859,99,93,6,HELD,94.3
STK-DH-0860,LG-DH-0860,76,48,28,HELD,63.5
STK-DL-0861,LG-DL-0861,41,38,3,HELD,92.9
STK-JK-0862,LG-JK-0862,96,83,13,HELD,87.2
STK-LA-0863,LG-LA-0863,56,32,24,HELD,58.9
STK-LD-0864,LG-LD-0864,116,31,85,PENDING,26.8
STK-PY-0865,LG-PY-0865,93,66,27,HELD,72.0
STK-AP-0866,LG-AP-0866,14,10,4,HELD,75.5
STK-AR-0867,LG-AR-0867,27,23,4,HELD,87.6
STK-AS-0868,LG-AS-0868,14,7,7,HELD,50.6
STK-BR-0869,LG-BR-0869,34,27,7,HELD,79.4
STK-CG-0870,LG-CG-0870,42,27,15,HELD,66.6
STK-GA-0871,LG-GA-0871,78,50,28,HELD,65.3
STK-GJ-0872,LG-GJ-0872,7,5,2,HELD,75.4
STK-HR-0873,LG-HR-0873,108,66,42,HELD,61.8
STK-HP-0874,LG-HP-0874,56,47,9,HELD,84.7
STK-JH-0875,LG-JH-0875,5,2,3,HELD,54.0
STK-KA-0876,LG-KA-0876,19,8,11,PENDING,47.2
STK-KL-0877,LG-KL-0877,62,24,38,PENDING,39.4
STK-MP-0878,LG-MP-0878,87,75,12,HELD,86.5
STK-MH-0879,LG-MH-0879,58,52,6,HELD,90.6
STK-MN-0880,LG-MN-0880,81,31,50,PENDING,38.4
STK-ML-0881,LG-ML-0881,50,26,24,HELD,54.0
STK-MZ-0882,LG-MZ-0882,57,29,28,HELD,52.0
STK-NL-0883,LG-NL-0883,82,73,9,HELD,89.7
STK-OD-0884,LG-OD-0884,95,72,23,HELD,76.1
STK-PB-0885,LG-PB-0885,43,25,18,HELD,60.3
STK-RJ-0886,LG-RJ-0886,9,4,5,PENDING,47.4
STK-SK-0887,LG-SK-0887,120,92,28,HELD,77.5
STK-TN-0888,LG-TN-0888,36,25,11,HELD,71.1
STK-TS-0889,LG-TS-0889,10,8,2,HELD,81.5
STK-TR-0890,LG-TR-0890,21,12,9,HELD,60.6
STK-UP-0891,LG-UP-0891,39,36,3,HELD,93.9
STK-UK-0892,LG-UK-0892,41,28,13,HELD,68.7
STK-WB-0893,LG-WB-0893,110,40,70,PENDING,37.0
STK-AN-0894,LG-AN-0894,38,9,29,PENDING,25.1
STK-CH-0895,LG-CH-0895,92,75,17,HELD,81.9
STK-DH-0896,LG-DH-0896,91,78,13,HELD,85.9
STK-DL-0897,LG-DL-0897,117,54,63,PENDING,46.3
STK-JK-0898,LG-JK-0898,54,46,8,HELD,86.0
STK-LA-0899,LG-LA-0899,26,22,4,HELD,85.3
STK-LD-0900,LG-LD-0900,109,71,38,HELD,65.6
STK-PY-0901,LG-PY-0901,85,77,8,HELD,91.1
STK-AP-0902,LG-AP-0902,74,64,10,HELD,87.6
STK-AR-0903,LG-AR-0903,49,33,16,HELD,68.5
STK-AS-0904,LG-AS-0904,78,63,15,HELD,81.9
STK-BR-0905,LG-BR-0905,103,74,29,HELD,72.4
STK-CG-0906,LG-CG-0906,10,6,4,HELD,67.8
STK-GA-0907,LG-GA-0907,78,37,41,PENDING,48.2
STK-GJ-0908,LG-GJ-0908,12,8,4,HELD,72.2
STK-HR-0909,LG-HR-0909,118,28,90,PENDING,23.8
STK-HP-0910,LG-HP-0910,95,64,31,HELD,67.5
STK-JH-0911,LG-JH-0911,106,69,37,HELD,65.2
STK-KA-0912,LG-KA-0912,80,49,31,HELD,61.8
STK-KL-0913,LG-KL-0913,47,41,6,HELD,87.6
STK-MP-0914,LG-MP-0914,113,31,82,PENDING,27.5
STK-MH-0915,LG-MH-0915,100,44,56,PENDING,44.7
STK-MN-0916,LG-MN-0916,74,57,17,HELD,77.8
STK-ML-0917,LG-ML-0917,60,45,15,HELD,76.3
STK-MZ-0918,LG-MZ-0918,5,4,1,HELD,83.1
STK-NL-0919,LG-NL-0919,83,57,26,HELD,69.0
STK-OD-0920,LG-OD-0920,43,21,22,HELD,50.5
STK-PB-0921,LG-PB-0921,23,17,6,HELD,74.4
STK-RJ-0922,LG-RJ-0922,51,33,18,HELD,66.4
STK-SK-0923,LG-SK-0923,8,4,4,HELD,61.1
STK-TN-0924,LG-TN-0924,74,42,32,HELD,56.8
STK-TS-0925,LG-TS-0925,110,25,85,PENDING,23.0
STK-TR-0926,LG-TR-0926,109,54,55,HELD,50.2
STK-UP-0927,LG-UP-0927,92,71,21,HELD,77.4
STK-UK-0928,LG-UK-0928,5,2,3,HELD,57.9
STK-WB-0929,LG-WB-0929,36,33,3,HELD,94.1
STK-AN-0930,LG-AN-0930,91,69,22,HELD,76.5
STK-CH-0931,LG-CH-0931,56,44,12,HELD,79.3
STK-DH-0932,LG-DH-0932,102,75,27,HELD,74.4
STK-DL-0933,LG-DL-0933,18,17,1,HELD,98.9
STK-JK-0934,LG-JK-0934,107,83,24,HELD,77.8
STK-LA-0935,LG-LA-0935,25,14,11,HELD,59.8
STK-LD-0936,LG-LD-0936,41,20,21,PENDING,49.1
STK-PY-0937,LG-PY-0937,60,29,31,PENDING,48.8
STK-AP-0938,LG-AP-0938,67,54,13,HELD,80.8
STK-AR-0939,LG-AR-0939,109,93,16,HELD,86.1
STK-AS-0940,LG-AS-0940,114,66,48,HELD,58.7
STK-BR-0941,LG-BR-0941,37,17,20,PENDING,48.6
STK-CG-0942,LG-CG-0942,79,76,3,HELD,96.5
STK-GA-0943,LG-GA-0943,66,55,11,HELD,84.1
STK-GJ-0944,LG-GJ-0944,52,36,16,HELD,71.1
STK-HR-0945,LG-HR-0945,57,24,33,PENDING,42.9
STK-HP-0946,LG-HP-0946,53,45,8,HELD,86.4
STK-JH-0947,LG-JH-0947,111,110,1,HELD,99.5
STK-KA-0948,LG-KA-0948,40,19,21,PENDING,48.5
STK-KL-0949,LG-KL-0949,58,18,40,PENDING,32.2
STK-MP-0950,LG-MP-0950,24,8,16,PENDING,34.0
STK-MH-0951,LG-MH-0951,105,71,34,HELD,68.2
STK-MN-0952,LG-MN-0952,7,6,1,HELD,87.9
STK-ML-0953,LG-ML-0953,80,53,27,HELD,67.1
STK-MZ-0954,LG-MZ-0954,90,61,29,HELD,67.9
STK-NL-0955,LG-NL-0955,56,26,30,PENDING,47.1
STK-OD-0956,LG-OD-0956,81,41,40,HELD,50.6
STK-PB-0957,LG-PB-0957,56,46,10,HELD,83.2
STK-RJ-0958,LG-RJ-0958,112,55,57,PENDING,49.2
STK-SK-0959,LG-SK-0959,25,21,4,HELD,86.2
STK-TN-0960,LG-TN-0960,82,72,10,HELD,88.7
STK-TS-0961,LG-TS-0961,89,72,17,HELD,81.5
STK-TR-0962,LG-TR-0962,82,80,2,HELD,98.7
STK-UP-0963,LG-UP-0963,56,40,16,HELD,72.6
STK-UK-0964,LG-UK-0964,117,51,66,PENDING,44.0
STK-WB-0965,LG-WB-0965,27,25,2,HELD,94.4
STK-AN-0966,LG-AN-0966,49,45,4,HELD,92.1
STK-CH-0967,LG-CH-0967,21,15,6,HELD,75.5
STK-DH-0968,LG-DH-0968,15,10,5,HELD,68.9
STK-DL-0969,LG-DL-0969,45,16,29,PENDING,36.7
STK-JK-0970,LG-JK-0970,58,38,20,HELD,65.7
STK-LA-0971,LG-LA-0971,83,56,27,HELD,68.3
STK-LD-0972,LG-LD-0972,116,52,64,PENDING,45.6
STK-PY-0973,LG-PY-0973,33,21,12,HELD,64.9
STK-AP-0974,LG-AP-0974,16,13,3,HELD,82.0
STK-AR-0975,LG-AR-0975,28,18,10,HELD,64.4
STK-AS-0976,LG-AS-0976,94,69,25,HELD,73.7
STK-BR-0977,LG-BR-0977,47,39,8,HELD,84.7
STK-CG-0978,LG-CG-0978,13,7,6,HELD,55.0
STK-GA-0979,LG-GA-0979,47,42,5,HELD,90.9
STK-GJ-0980,LG-GJ-0980,103,80,23,HELD,77.7
STK-HR-0981,LG-HR-0981,48,36,12,HELD,76.3
STK-HP-0982,LG-HP-0982,40,38,2,HELD,95.9
STK-JH-0983,LG-JH-0983,22,14,8,HELD,67.4
STK-KA-0984,LG-KA-0984,92,52,40,HELD,56.9
STK-KL-0985,LG-KL-0985,114,107,7,HELD,94.0
STK-MP-0986,LG-MP-0986,103,76,27,HELD,74.7
STK-MH-0987,LG-MH-0987,109,107,2,HELD,99.0
STK-MN-0988,LG-MN-0988,60,13,47,PENDING,22.1
STK-ML-0989,LG-ML-0989,65,50,15,HELD,77.4
STK-MZ-0990,LG-MZ-0990,71,61,10,HELD,87.0
STK-NL-0991,LG-NL-0991,24,21,3,HELD,88.9
STK-OD-0992,LG-OD-0992,25,10,15,PENDING,40.7
STK-PB-0993,LG-PB-0993,64,43,21,HELD,68.7
STK-RJ-0994,LG-RJ-0994,45,32,13,HELD,72.7
STK-SK-0995,LG-SK-0995,106,96,10,HELD,91.3
STK-TN-0996,LG-TN-0996,32,25,7,HELD,78.6
STK-TS-0997,LG-TS-0997,29,15,14,HELD,53.7
STK-TR-0998,LG-TR-0998,7,3,4,PENDING,48.6
STK-UP-0999,LG-UP-0999,76,74,2,HELD,98.2
STK-UK-1000,LG-UK-1000,114,83,31,HELD,73.6
STK-WB-1001,LG-WB-1001,93,64,29,HELD,69.0
STK-AN-1002,LG-AN-1002,120,98,22,HELD,82.3
STK-CH-1003,LG-CH-1003,13,9,4,HELD,69.6
STK-DH-1004,LG-DH-1004,114,85,29,HELD,74.6
STK-DL-1005,LG-DL-1005,30,7,23,PENDING,25.3
STK-JK-1006,LG-JK-1006,55,52,3,HELD,95.1
STK-LA-1007,LG-LA-1007,70,68,2,HELD,98.5
STK-LD-1008,LG-LD-1008,64,47,17,HELD,73.7
STK-PY-1009,LG-PY-1009,22,14,8,HELD,66.6
STK-AP-1010,LG-AP-1010,11,7,4,HELD,67.8
STK-AR-1011,LG-AR-1011,31,23,8,HELD,76.3
STK-AS-1012,LG-AS-1012,108,65,43,HELD,61.1
STK-BR-1013,LG-BR-1013,53,46,7,HELD,87.2
STK-CG-1014,LG-CG-1014,35,18,17,HELD,53.6
STK-GA-1015,LG-GA-1015,8,4,4,HELD,61.6
STK-GJ-1016,LG-GJ-1016,80,48,32,HELD,60.2
STK-HR-1017,LG-HR-1017,81,56,25,HELD,70.2
STK-HP-1018,LG-HP-1018,112,109,3,HELD,97.4
STK-JH-1019,LG-JH-1019,111,85,26,HELD,77.0
STK-KA-1020,LG-KA-1020,118,88,30,HELD,75.0
STK-KL-1021,LG-KL-1021,47,9,38,PENDING,20.5
STK-MP-1022,LG-MP-1022,52,10,42,PENDING,21.0
STK-MH-1023,LG-MH-1023,43,30,13,HELD,70.0
STK-MN-1024,LG-MN-1024,62,39,23,HELD,64.0
STK-ML-1025,LG-ML-1025,103,83,20,HELD,81.5
STK-MZ-1026,LG-MZ-1026,32,25,7,HELD,79.8
STK-NL-1027,LG-NL-1027,74,43,31,HELD,58.8
STK-OD-1028,LG-OD-1028,98,71,27,HELD,73.0
STK-PB-1029,LG-PB-1029,10,9,1,HELD,92.0
STK-RJ-1030,LG-RJ-1030,38,25,13,HELD,68.3
STK-SK-1031,LG-SK-1031,56,52,4,HELD,93.7
STK-TN-1032,LG-TN-1032,43,42,1,HELD,99.9
STK-TS-1033,LG-TS-1033,8,5,3,HELD,69.4
STK-TR-1034,LG-TR-1034,104,87,17,HELD,84.6
STK-UP-1035,LG-UP-1035,16,14,2,HELD,90.9
STK-UK-1036,LG-UK-1036,20,18,2,HELD,92.5
STK-WB-1037,LG-WB-1037,109,74,35,HELD,68.6
STK-AN-1038,LG-AN-1038,14,7,7,HELD,56.7
STK-CH-1039,LG-CH-1039,52,49,3,HELD,95.1
STK-DH-1040,LG-DH-1040,76,46,30,HELD,60.5
STK-DL-1041,LG-DL-1041,34,31,3,HELD,91.4
STK-JK-1042,LG-JK-1042,63,60,3,HELD,95.8
STK-LA-1043,LG-LA-1043,88,78,10,HELD,89.6
STK-LD-1044,LG-LD-1044,75,33,42,PENDING,45.3
STK-PY-1045,LG-PY-1045,44,31,13,HELD,72.7
STK-AP-1046,LG-AP-1046,45,27,18,HELD,61.5
STK-AR-1047,LG-AR-1047,111,55,56,PENDING,49.6
STK-AS-1048,LG-AS-1048,120,87,33,HELD,73.1
STK-BR-1049,LG-BR-1049,77,50,27,HELD,65.3
STK-CG-1050,LG-CG-1050,40,32,8,HELD,80.8
STK-GA-1051,LG-GA-1051,102,79,23,HELD,78.0
STK-GJ-1052,LG-GJ-1052,78,41,37,HELD,52.7
STK-HR-1053,LG-HR-1053,113,86,27,HELD,76.9
STK-HP-1054,LG-HP-1054,97,74,23,HELD,76.4
STK-JH-1055,LG-JH-1055,11,9,2,HELD,82.9
STK-KA-1056,LG-KA-1056,52,44,8,HELD,84.9
STK-KL-1057,LG-KL-1057,92,65,27,HELD,70.9
STK-MP-1058,LG-MP-1058,50,13,37,PENDING,27.0
STK-MH-1059,LG-MH-1059,100,69,31,HELD,69.2
STK-MN-1060,LG-MN-1060,12,4,8,PENDING,41.5
STK-ML-1061,LG-ML-1061,65,35,30,HELD,55.0
STK-MZ-1062,LG-MZ-1062,72,43,29,HELD,59.8
STK-NL-1063,LG-NL-1063,9,6,3,HELD,67.3
STK-OD-1064,LG-OD-1064,50,23,27,PENDING,47.1
STK-PB-1065,LG-PB-1065,31,8,23,PENDING,28.9
STK-RJ-1066,LG-RJ-1066,63,51,12,HELD,81.5
STK-SK-1067,LG-SK-1067,64,31,33,PENDING,48.8
STK-TN-1068,LG-TN-1068,29,12,17,PENDING,42.1
STK-TS-1069,LG-TS-1069,80,62,18,HELD,77.6
STK-TR-1070,LG-TR-1070,58,38,20,HELD,66.4
STK-UP-1071,LG-UP-1071,89,50,39,HELD,56.5
STK-UK-1072,LG-UK-1072,20,17,3,HELD,85.3
STK-WB-1073,LG-WB-1073,43,9,34,PENDING,21.1
STK-AN-1074,LG-AN-1074,70,54,16,HELD,78.5
STK-CH-1075,LG-CH-1075,90,58,32,HELD,65.3
STK-DH-1076,LG-DH-1076,44,32,12,HELD,73.5
STK-DL-1077,LG-DL-1077,104,62,42,HELD,60.2
STK-JK-1078,LG-JK-1078,83,73,10,HELD,88.5
STK-LA-1079,LG-LA-1079,73,63,10,HELD,86.4
STK-LD-1080,LG-LD-1080,118,82,36,HELD,70.0
STK-PY-1081,LG-PY-1081,23,14,9,HELD,61.7
STK-AP-1082,LG-AP-1082,14,10,4,HELD,77.1
STK-AR-1083,LG-AR-1083,22,5,17,PENDING,23.9
STK-AS-1084,LG-AS-1084,7,4,3,HELD,67.6
STK-BR-1085,LG-BR-1085,63,46,17,HELD,73.4
STK-CG-1086,LG-CG-1086,45,33,12,HELD,74.7
STK-GA-1087,LG-GA-1087,56,16,40,PENDING,30.3
STK-GJ-1088,LG-GJ-1088,22,18,4,HELD,84.6
STK-HR-1089,LG-HR-1089,111,82,29,HELD,74.3
STK-HP-1090,LG-HP-1090,43,28,15,HELD,66.8
STK-JH-1091,LG-JH-1091,64,57,7,HELD,90.4
STK-KA-1092,LG-KA-1092,95,53,42,HELD,55.9
STK-KL-1093,LG-KL-1093,104,31,73,PENDING,30.2
STK-MP-1094,LG-MP-1094,7,5,2,HELD,78.8
STK-MH-1095,LG-MH-1095,23,14,9,HELD,62.0
STK-MN-1096,LG-MN-1096,108,88,20,HELD,81.7
STK-ML-1097,LG-ML-1097,7,5,2,HELD,77.0
STK-MZ-1098,LG-MZ-1098,46,21,25,PENDING,47.7
STK-NL-1099,LG-NL-1099,53,23,30,PENDING,45.2
STK-OD-1100,LG-OD-1100,118,109,9,HELD,93.1
STK-PB-1101,LG-PB-1101,87,69,18,HELD,80.4
STK-RJ-1102,LG-RJ-1102,81,80,1,HELD,99.1
STK-SK-1103,LG-SK-1103,92,56,36,HELD,61.9
STK-TN-1104,LG-TN-1104,78,52,26,HELD,67.4
STK-TS-1105,LG-TS-1105,94,28,66,PENDING,30.3
STK-TR-1106,LG-TR-1106,112,84,28,HELD,75.0
STK-UP-1107,LG-UP-1107,97,38,59,PENDING,39.5
STK-UK-1108,LG-UK-1108,44,26,18,HELD,61.1
STK-WB-1109,LG-WB-1109,112,54,58,PENDING,49.1
STK-AN-1110,LG-AN-1110,117,84,33,HELD,72.0
STK-CH-1111,LG-CH-1111,40,26,14,HELD,67.5
STK-DH-1112,LG-DH-1112,115,77,38,HELD,67.1
STK-DL-1113,LG-DL-1113,21,14,7,HELD,70.3
STK-JK-1114,LG-JK-1114,74,72,2,HELD,98.0
STK-LA-1115,LG-LA-1115,5,3,2,HELD,73.7
STK-LD-1116,LG-LD-1116,116,74,42,HELD,63.9
STK-PY-1117,LG-PY-1117,78,55,23,HELD,71.0
STK-AP-1118,LG-AP-1118,10,6,4,HELD,69.0
STK-AR-1119,LG-AR-1119,79,65,14,HELD,83.0
STK-AS-1120,LG-AS-1120,25,19,6,HELD,79.0
STK-BR-1121,LG-BR-1121,84,82,2,HELD,97.6
STK-CG-1122,LG-CG-1122,65,29,36,PENDING,45.9
STK-GA-1123,LG-GA-1123,105,83,22,HELD,79.5
STK-GJ-1124,LG-GJ-1124,83,82,1,HELD,99.2
STK-HR-1125,LG-HR-1125,98,64,34,HELD,66.2
STK-HP-1126,LG-HP-1126,87,62,25,HELD,71.8
STK-JH-1127,LG-JH-1127,63,43,20,HELD,69.2
STK-KA-1128,LG-KA-1128,96,80,16,HELD,83.6
STK-KL-1129,LG-KL-1129,24,20,4,HELD,86.5
STK-MP-1130,LG-MP-1130,96,91,5,HELD,95.4
STK-MH-1131,LG-MH-1131,57,41,16,HELD,72.7
STK-MN-1132,LG-MN-1132,69,48,21,HELD,70.4
STK-ML-1133,LG-ML-1133,70,47,23,HELD,68.1
STK-MZ-1134,LG-MZ-1134,62,45,17,HELD,72.9
STK-NL-1135,LG-NL-1135,82,75,7,HELD,91.7
STK-OD-1136,LG-OD-1136,101,70,31,HELD,69.6
STK-PB-1137,LG-PB-1137,112,76,36,HELD,68.6
STK-RJ-1138,LG-RJ-1138,71,46,25,HELD,65.5
STK-SK-1139,LG-SK-1139,61,56,5,HELD,92.3
STK-TN-1140,LG-TN-1140,9,8,1,HELD,89.0
STK-TS-1141,LG-TS-1141,13,10,3,HELD,82.0
STK-TR-1142,LG-TR-1142,107,71,36,HELD,67.1
STK-UP-1143,LG-UP-1143,54,38,16,HELD,70.7
STK-UK-1144,LG-UK-1144,15,5,10,PENDING,34.0
STK-WB-1145,LG-WB-1145,5,2,3,PENDING,41.8
STK-AN-1146,LG-AN-1146,63,56,7,HELD,89.5
STK-CH-1147,LG-CH-1147,111,88,23,HELD,79.5
STK-DH-1148,LG-DH-1148,33,30,3,HELD,92.1
STK-DL-1149,LG-DL-1149,119,65,54,HELD,55.3
STK-JK-1150,LG-JK-1150,40,26,14,HELD,66.7
STK-LA-1151,LG-LA-1151,66,60,6,HELD,91.3
STK-LD-1152,LG-LD-1152,102,53,49,HELD,52.7
STK-PY-1153,LG-PY-1153,30,22,8,HELD,74.9
STK-AP-1154,LG-AP-1154,117,88,29,HELD,75.8
STK-AR-1155,LG-AR-1155,46,30,16,HELD,67.0
STK-AS-1156,LG-AS-1156,16,8,8,HELD,53.5
STK-BR-1157,LG-BR-1157,91,44,47,PENDING,48.9
STK-CG-1158,LG-CG-1158,20,19,1,HELD,97.6
STK-GA-1159,LG-GA-1159,105,85,20,HELD,81.3
STK-GJ-1160,LG-GJ-1160,102,51,51,HELD,50.2
STK-HR-1161,LG-HR-1161,91,68,23,HELD,75.6
STK-HP-1162,LG-HP-1162,32,31,1,HELD,99.1
STK-JH-1163,LG-JH-1163,39,20,19,HELD,52.2
STK-KA-1164,LG-KA-1164,55,43,12,HELD,79.2
STK-KL-1165,LG-KL-1165,28,13,15,PENDING,48.4
STK-MP-1166,LG-MP-1166,118,60,58,HELD,51.5
STK-MH-1167,LG-MH-1167,117,94,23,HELD,80.8
STK-MN-1168,LG-MN-1168,31,19,12,HELD,61.8
STK-ML-1169,LG-ML-1169,111,89,22,HELD,80.5
STK-MZ-1170,LG-MZ-1170,69,53,16,HELD,77.5
STK-NL-1171,LG-NL-1171,92,19,73,PENDING,21.2
STK-OD-1172,LG-OD-1172,107,96,11,HELD,90.1
STK-PB-1173,LG-PB-1173,105,59,46,HELD,56.3
STK-RJ-1174,LG-RJ-1174,28,18,10,HELD,64.6
STK-SK-1175,LG-SK-1175,98,44,54,PENDING,45.1
STK-TN-1176,LG-TN-1176,74,72,2,HELD,97.7
STK-TS-1177,LG-TS-1177,79,55,24,HELD,69.7
STK-TR-1178,LG-TR-1178,69,40,29,HELD,58.0
STK-UP-1179,LG-UP-1179,17,6,11,PENDING,37.3
STK-UK-1180,LG-UK-1180,98,83,15,HELD,84.7
STK-WB-1181,LG-WB-1181,106,87,19,HELD,82.8
STK-AN-1182,LG-AN-1182,103,88,15,HELD,86.2
STK-CH-1183,LG-CH-1183,90,65,25,HELD,73.1
STK-DH-1184,LG-DH-1184,91,62,29,HELD,68.2
STK-DL-1185,LG-DL-1185,87,46,41,HELD,53.9
STK-JK-1186,LG-JK-1186,105,74,31,HELD,70.7
STK-LA-1187,LG-LA-1187,99,84,15,HELD,85.6
STK-LD-1188,LG-LD-1188,57,15,42,PENDING,26.5
STK-PY-1189,LG-PY-1189,45,40,5,HELD,89.4
STK-AP-1190,LG-AP-1190,30,23,7,HELD,79.8
STK-AR-1191,LG-AR-1191,20,11,9,HELD,56.5
STK-AS-1192,LG-AS-1192,93,84,9,HELD,91.1
STK-BR-1193,LG-BR-1193,90,53,37,HELD,59.6
STK-CG-1194,LG-CG-1194,120,65,55,HELD,54.5
STK-GA-1195,LG-GA-1195,12,11,1,HELD,95.0
STK-GJ-1196,LG-GJ-1196,73,69,4,HELD,95.8
STK-HR-1197,LG-HR-1197,26,23,3,HELD,90.2
STK-HP-1198,LG-HP-1198,91,60,31,HELD,66.7
STK-JH-1199,LG-JH-1199,49,31,18,HELD,63.7
STK-KA-1200,LG-KA-1200,44,21,23,PENDING,47.8
STK-KL-1201,LG-KL-1201,115,110,5,HELD,96.2
STK-MP-1202,LG-MP-1202,60,20,40,PENDING,34.5
STK-MH-1203,LG-MH-1203,75,44,31,HELD,59.4
STK-MN-1204,LG-MN-1204,118,89,29,HELD,75.6
STK-ML-1205,LG-ML-1205,120,101,19,HELD,84.2
STK-MZ-1206,LG-MZ-1206,79,57,22,HELD,73.3
STK-NL-1207,LG-NL-1207,106,54,52,HELD,51.6
STK-OD-1208,LG-OD-1208,8,5,3,HELD,63.9
STK-PB-1209,LG-PB-1209,29,25,4,HELD,86.9
STK-RJ-1210,LG-RJ-1210,95,70,25,HELD,74.5
STK-SK-1211,LG-SK-1211,116,26,90,PENDING,22.6
STK-TN-1212,LG-TN-1212,89,58,31,HELD,66.1
STK-TS-1213,LG-TS-1213,35,28,7,HELD,81.2
STK-TR-1214,LG-TR-1214,88,43,45,PENDING,49.4
STK-UP-1215,LG-UP-1215,22,7,15,PENDING,35.3
STK-UK-1216,LG-UK-1216,16,12,4,HELD,79.0
STK-WB-1217,LG-WB-1217,97,73,24,HELD,76.0
STK-AN-1218,LG-AN-1218,78,65,13,HELD,83.5
STK-CH-1219,LG-CH-1219,30,23,7,HELD,76.7
STK-DH-1220,LG-DH-1220,9,5,4,HELD,59.2
STK-DL-1221,LG-DL-1221,24,11,13,PENDING,46.4
STK-JK-1222,LG-JK-1222,35,28,7,HELD,81.8
STK-LA-1223,LG-LA-1223,14,13,1,HELD,94.3
STK-LD-1224,LG-LD-1224,103,60,43,HELD,58.8
STK-PY-1225,LG-PY-1225,40,18,22,PENDING,46.2
STK-AP-1226,LG-AP-1226,28,25,3,HELD,92.5
STK-AR-1227,LG-AR-1227,74,73,1,HELD,99.3
STK-AS-1228,LG-AS-1228,55,47,8,HELD,86.2
STK-BR-1229,LG-BR-1229,74,60,14,HELD,82.2
STK-CG-1230,LG-CG-1230,99,44,55,PENDING,45.4
STK-GA-1231,LG-GA-1231,16,13,3,HELD,87.1
STK-GJ-1232,LG-GJ-1232,105,41,64,PENDING,39.1
STK-HR-1233,LG-HR-1233,109,88,21,HELD,81.4
STK-HP-1234,LG-HP-1234,22,14,8,HELD,67.7
STK-JH-1235,LG-JH-1235,45,32,13,HELD,71.7
STK-KA-1236,LG-KA-1236,99,43,56,PENDING,44.1
STK-KL-1237,LG-KL-1237,31,22,9,HELD,72.3
STK-MP-1238,LG-MP-1238,58,43,15,HELD,75.1
STK-MH-1239,LG-MH-1239,35,33,2,HELD,95.3
STK-MN-1240,LG-MN-1240,90,68,22,HELD,75.9
STK-ML-1241,LG-ML-1241,101,33,68,PENDING,33.2
STK-MZ-1242,LG-MZ-1242,24,14,10,HELD,61.0
STK-NL-1243,LG-NL-1243,62,29,33,PENDING,47.7
STK-OD-1244,LG-OD-1244,52,43,9,HELD,84.5
STK-PB-1245,LG-PB-1245,12,8,4,HELD,71.0
STK-RJ-1246,LG-RJ-1246,28,18,10,HELD,67.4
STK-SK-1247,LG-SK-1247,73,47,26,HELD,65.5
STK-TN-1248,LG-TN-1248,119,104,15,HELD,87.4
STK-TS-1249,LG-TS-1249,72,50,22,HELD,69.8
STK-TR-1250,LG-TR-1250,107,39,68,PENDING,37.3
