user_id,username,password_hash,full_name,role,scope_type,state_code,state_name,district_code,district_name,assigned_project_ids,status,created_at,last_login
USR-ADM-01,admin,$pbkdf2-sha256$29000$cy4FgLCWcq6VkjJG6D3HmA$ujmkGSTVx84EOBD3ooA5iIDRVZVlLmIMteTnjr1LkP4,National Administrator 1,ADMIN,NATIONAL,,,,,,ACTIVE,2024-01-01 00:00:00,2024-02-25 10:30:00
USR-ADM-02,admin2,$pbkdf2-sha256$29000$cy4FgLCWcq6VkjJG6D3HmA$ujmkGSTVx84EOBD3ooA5iIDRVZVlLmIMteTnjr1LkP4,National Administrator 2,ADMIN,NATIONAL,,,,,,ACTIVE,2024-01-01 00:00:00,2024-02-25 10:30:00
USR-ADM-03,admin3,$pbkdf2-sha256$29000$cy4FgLCWcq6VkjJG6D3HmA$ujmkGSTVx84EOBD3ooA5iIDRVZVlLmIMteTnjr1LkP4,National Administrator 3,ADMIN,NATIONAL,,,,,,ACTIVE,2024-01-01 00:00:00,2024-02-25 10:30:00
USR-ADM-04,admin4,$pbkdf2-sha256$29000$cy4FgLCWcq6VkjJG6D3HmA$ujmkGSTVx84EOBD3ooA5iIDRVZVlLmIMteTnjr1LkP4,National Administrator 4,ADMIN,NATIONAL,,,,,,ACTIVE,2024-01-01 00:00:00,2024-02-25 10:30:00
USR-ADM-05,admin5,$pbkdf2-sha256$29000$cy4FgLCWcq6VkjJG6D3HmA$ujmkGSTVx84EOBD3ooA5iIDRVZVlLmIMteTnjr1LkP4,National Administrator 5,ADMIN,NATIONAL,,,,,,ACTIVE,2024-01-01 00:00:00,2024-02-25 10:30:00
USR-ADM-06,admin6,$pbkdf2-sha256$29000$cy4FgLCWcq6VkjJG6D3HmA$ujmkGSTVx84EOBD3ooA5iIDRVZVlLmIMteTnjr1LkP4,National Administrator 6,ADMIN,NATIONAL,,,,,,ACTIVE,2024-01-01 00:00:00,2024-02-25 10:30:00
USR-ADM-07,admin7,$pbkdf2-sha256$29000$cy4FgLCWcq6VkjJG6D3HmA$ujmkGSTVx84EOBD3ooA5iIDRVZVlLmIMteTnjr1LkP4,National Administrator 7,ADMIN,NATIONAL,,,,,,ACTIVE,2024-01-01 00:00:00,2024-02-25 10:30:00
USR-ADM-08,admin8,$pbkdf2-sha256$29000$cy4FgLCWcq6VkjJG6D3HmA$ujmkGSTVx84EOBD3ooA5iIDRVZVlLmIMteTnjr1LkP4,National Administrator 8,ADMIN,NATIONAL,,,,,,ACTIVE,2024-01-01 00:00:00,2024-02-25 10:30:00
USR-ADM-09,admin9,$pbkdf2-sha256$29000$cy4FgLCWcq6VkjJG6D3HmA$ujmkGSTVx84EOBD3ooA5iIDRVZVlLmIMteTnjr1LkP4,National Administrator 9,ADMIN,NATIONAL,,,,,,ACTIVE,2024-01-01 00:00:00,2024-02-25 10:30:00
USR-ADM-10,admin10,$pbkdf2-sha256$29000$cy4FgLCWcq6VkjJG6D3HmA$ujmkGSTVx84EOBD3ooA5iIDRVZVlLmIMteTnjr1LkP4,National Administrator 10,ADMIN,NATIONAL,,,,,,ACTIVE,2024-01-01 00:00:00,2024-02-25 10:30:00
USR-ADM-11,admin11,$pbkdf2-sha256$29000$cy4FgLCWcq6VkjJG6D3HmA$ujmkGSTVx84EOBD3ooA5iIDRVZVlLmIMteTnjr1LkP4,National Administrator 11,ADMIN,NATIONAL,,,,,,ACTIVE,2024-01-01 00:00:00,2024-02-25 10:30:00
USR-ADM-12,admin12,$pbkdf2-sha256$29000$cy4FgLCWcq6VkjJG6D3HmA$ujmkGSTVx84EOBD3ooA5iIDRVZVlLmIMteTnjr1LkP4,National Administrator 12,ADMIN,NATIONAL,,,,,,ACTIVE,2024-01-01 00:00:00,2024-02-25 10:30:00
USR-STO-001,state_ap,$pbkdf2-sha256$29000$.F8rRYhRyplzjrEWopSy9g$QPxhoMcSoQC04fXvfKYoVKNd9vy/4gcZ31vLCK2rj8g,State Nodal Officer (Andhra Pradesh),STATE_OFFICER,STATE,AP,Andhra Pradesh,,,,ACTIVE,2024-01-01 00:00:00,2024-02-24 14:15:00
USR-STO-002,state_ar,$pbkdf2-sha256$29000$.F8rRYhRyplzjrEWopSy9g$QPxhoMcSoQC04fXvfKYoVKNd9vy/4gcZ31vLCK2rj8g,State Nodal Officer (Arunachal Pradesh),STATE_OFFICER,STATE,AR,Arunachal Pradesh,,,,ACTIVE,2024-01-01 00:00:00,2024-02-24 14:15:00
USR-STO-003,state_as,$pbkdf2-sha256$29000$.F8rRYhRyplzjrEWopSy9g$QPxhoMcSoQC04fXvfKYoVKNd9vy/4gcZ31vLCK2rj8g,State Nodal Officer (Assam),STATE_OFFICER,STATE,AS,Assam,,,,ACTIVE,2024-01-01 00:00:00,2024-02-24 14:15:00
USR-STO-004,state_br,$pbkdf2-sha256$29000$.F8rRYhRyplzjrEWopSy9g$QPxhoMcSoQC04fXvfKYoVKNd9vy/4gcZ31vLCK2rj8g,State Nodal Officer (Bihar),STATE_OFFICER,STATE,BR,Bihar,,,,ACTIVE,2024-01-01 00:00:00,2024-02-24 14:15:00
USR-STO-005,state_cg,$pbkdf2-sha256$29000$.F8rRYhRyplzjrEWopSy9g$QPxhoMcSoQC04fXvfKYoVKNd9vy/4gcZ31vLCK2rj8g,State Nodal Officer (Chhattisgarh),STATE_OFFICER,STATE,CG,Chhattisgarh,,,,ACTIVE,2024-01-01 00:00:00,2024-02-24 14:15:00
USR-STO-006,state_ga,$pbkdf2-sha256$29000$.F8rRYhRyplzjrEWopSy9g$QPxhoMcSoQC04fXvfKYoVKNd9vy/4gcZ31vLCK2rj8g,State Nodal Officer (Goa),STATE_OFFICER,STATE,GA,Goa,,,,ACTIVE,2024-01-01 00:00:00,2024-02-24 14:15:00
USR-STO-007,state_gj,$pbkdf2-sha256$29000$.F8rRYhRyplzjrEWopSy9g$QPxhoMcSoQC04fXvfKYoVKNd9vy/4gcZ31vLCK2rj8g,State Nodal Officer (Gujarat),STATE_OFFICER,STATE,GJ,Gujarat,,,,ACTIVE,2024-01-01 00:00:00,2024-02-24 14:15:00
USR-STO-008,state_hr,$pbkdf2-sha256$29000$.F8rRYhRyplzjrEWopSy9g$QPxhoMcSoQC04fXvfKYoVKNd9vy/4gcZ31vLCK2rj8g,State Nodal Officer (Haryana),STATE_OFFICER,STATE,HR,Haryana,,,,ACTIVE,2024-01-01 00:00:00,2024-02-24 14:15:00
USR-STO-009,state_hp,$pbkdf2-sha256$29000$.F8rRYhRyplzjrEWopSy9g$QPxhoMcSoQC04fXvfKYoVKNd9vy/4gcZ31vLCK2rj8g,State Nodal Officer (Himachal Pradesh),STATE_OFFICER,STATE,HP,Himachal Pradesh,,,,ACTIVE,2024-01-01 00:00:00,2024-02-24 14:15:00
USR-STO-010,state_jh,$pbkdf2-sha256$29000$.F8rRYhRyplzjrEWopSy9g$QPxhoMcSoQC04fXvfKYoVKNd9vy/4gcZ31vLCK2rj8g,State Nodal Officer (Jharkhand),STATE_OFFICER,STATE,JH,Jharkhand,,,,ACTIVE,2024-01-01 00:00:00,2024-02-24 14:15:00
USR-STO-011,state_ka,$pbkdf2-sha256$29000$.F8rRYhRyplzjrEWopSy9g$QPxhoMcSoQC04fXvfKYoVKNd9vy/4gcZ31vLCK2rj8g,State Nodal Officer (Karnataka),STATE_OFFICER,STATE,KA,Karnataka,,,,ACTIVE,2024-01-01 00:00:00,2024-02-24 14:15:00
USR-STO-012,state_kl,$pbkdf2-sha256$29000$.F8rRYhRyplzjrEWopSy9g$QPxhoMcSoQC04fXvfKYoVKNd9vy/4gcZ31vLCK2rj8g,State Nodal Officer (Kerala),STATE_OFFICER,STATE,KL,Kerala,,,,ACTIVE,2024-01-01 00:00:00,2024-02-24 14:15:00
USR-STO-013,state_mp,$pbkdf2-sha256$29000$.F8rRYhRyplzjrEWopSy9g$QPxhoMcSoQC04fXvfKYoVKNd9vy/4gcZ31vLCK2rj8g,State Nodal Officer (Madhya Pradesh),STATE_OFFICER,STATE,MP,Madhya Pradesh,,,,ACTIVE,2024-01-01 00:00:00,2024-02-24 14:15:00
USR-STO-014,state_mh,$pbkdf2-sha256$29000$.F8rRYhRyplzjrEWopSy9g$QPxhoMcSoQC04fXvfKYoVKNd9vy/4gcZ31vLCK2rj8g,State Nodal Officer (Maharashtra),STATE_OFFICER,STATE,MH,Maharashtra,,,,ACTIVE,2024-01-01 00:00:00,2024-02-24 14:15:00
USR-STO-015,state_mn,$pbkdf2-sha256$29000$.F8rRYhRyplzjrEWopSy9g$QPxhoMcSoQC04fXvfKYoVKNd9vy/4gcZ31vLCK2rj8g,State Nodal Officer (Manipur),STATE_OFFICER,STATE,MN,Manipur,,,,ACTIVE,2024-01-01 00:00:00,2024-02-24 14:15:00
USR-STO-016,state_ml,$pbkdf2-sha256$29000$.F8rRYhRyplzjrEWopSy9g$QPxhoMcSoQC04fXvfKYoVKNd9vy/4gcZ31vLCK2rj8g,State Nodal Officer (Meghalaya),STATE_OFFICER,STATE,ML,Meghalaya,,,,ACTIVE,2024-01-01 00:00:00,2024-02-24 14:15:00
USR-STO-017,state_mz,$pbkdf2-sha256$29000$.F8rRYhRyplzjrEWopSy9g$QPxhoMcSoQC04fXvfKYoVKNd9vy/4gcZ31vLCK2rj8g,State Nodal Officer (Mizoram),STATE_OFFICER,STATE,MZ,Mizoram,,,,ACTIVE,2024-01-01 00:00:00,2024-02-24 14:15:00
USR-STO-018,state_nl,$pbkdf2-sha256$29000$.F8rRYhRyplzjrEWopSy9g$QPxhoMcSoQC04fXvfKYoVKNd9vy/4gcZ31vLCK2rj8g,State Nodal Officer (Nagaland),STATE_OFFICER,STATE,NL,Nagaland,,,,ACTIVE,2024-01-01 00:00:00,2024-02-24 14:15:00
USR-STO-019,state_od,$pbkdf2-sha256$29000$.F8rRYhRyplzjrEWopSy9g$QPxhoMcSoQC04fXvfKYoVKNd9vy/4gcZ31vLCK2rj8g,State Nodal Officer (Odisha),STATE_OFFICER,STATE,OD,Odisha,,,,ACTIVE,2024-01-01 00:00:00,2024-02-24 14:15:00
USR-STO-020,state_pb,$pbkdf2-sha256$29000$.F8rRYhRyplzjrEWopSy9g$QPxhoMcSoQC04fXvfKYoVKNd9vy/4gcZ31vLCK2rj8g,State Nodal Officer (Punjab),STATE_OFFICER,STATE,PB,Punjab,,,,ACTIVE,2024-01-01 00:00:00,2024-02-24 14:15:00
USR-STO-021,state_rj,$pbkdf2-sha256$29000$.F8rRYhRyplzjrEWopSy9g$QPxhoMcSoQC04fXvfKYoVKNd9vy/4gcZ31vLCK2rj8g,State Nodal Officer (Rajasthan),STATE_OFFICER,STATE,RJ,Rajasthan,,,,ACTIVE,2024-01-01 00:00:00,2024-02-24 14:15:00
USR-STO-022,state_sk,$pbkdf2-sha256$29000$.F8rRYhRyplzjrEWopSy9g$QPxhoMcSoQC04fXvfKYoVKNd9vy/4gcZ31vLCK2rj8g,State Nodal Officer (Sikkim),STATE_OFFICER,STATE,SK,Sikkim,,,,ACTIVE,2024-01-01 00:00:00,2024-02-24 14:15:00
USR-STO-023,state_tn,$pbkdf2-sha256$29000$.F8rRYhRyplzjrEWopSy9g$QPxhoMcSoQC04fXvfKYoVKNd9vy/4gcZ31vLCK2rj8g,State Nodal Officer (Tamil Nadu),STATE_OFFICER,STATE,TN,Tamil Nadu,,,,ACTIVE,2024-01-01 00:00:00,2024-02-24 14:15:00
USR-STO-024,state_ts,$pbkdf2-sha256$29000$.F8rRYhRyplzjrEWopSy9g$QPxhoMcSoQC04fXvfKYoVKNd9vy/4gcZ31vLCK2rj8g,State Nodal Officer (Telangana),STATE_OFFICER,STATE,TS,Telangana,,,,ACTIVE,2024-01-01 00:00:00,2024-02-24 14:15:00
USR-STO-025,state_tr,$pbkdf2-sha256$29000$.F8rRYhRyplzjrEWopSy9g$QPxhoMcSoQC04fXvfKYoVKNd9vy/4gcZ31vLCK2rj8g,State Nodal Officer (Tripura),STATE_OFFICER,STATE,TR,Tripura,,,,ACTIVE,2024-01-01 00:00:00,2024-02-24 14:15:00
USR-STO-026,state_up,$pbkdf2-sha256$29000$.F8rRYhRyplzjrEWopSy9g$QPxhoMcSoQC04fXvfKYoVKNd9vy/4gcZ31vLCK2rj8g,State Nodal Officer (Uttar Pradesh),STATE_OFFICER,STATE,UP,Uttar Pradesh,,,,ACTIVE,2024-01-01 00:00:00,2024-02-24 14:15:00
USR-STO-027,state_uk,$pbkdf2-sha256$29000$.F8rRYhRyplzjrEWopSy9g$QPxhoMcSoQC04fXvfKYoVKNd9vy/4gcZ31vLCK2rj8g,State Nodal Officer (Uttarakhand),STATE_OFFICER,STATE,UK,Uttarakhand,,,,ACTIVE,2024-01-01 00:00:00,2024-02-24 14:15:00
USR-STO-028,state_wb,$pbkdf2-sha256$29000$.F8rRYhRyplzjrEWopSy9g$QPxhoMcSoQC04fXvfKYoVKNd9vy/4gcZ31vLCK2rj8g,State Nodal Officer (West Bengal),STATE_OFFICER,STATE,WB,West Bengal,,,,ACTIVE,2024-01-01 00:00:00,2024-02-24 14:15:00
USR-STO-029,state_an,$pbkdf2-sha256$29000$.F8rRYhRyplzjrEWopSy9g$QPxhoMcSoQC04fXvfKYoVKNd9vy/4gcZ31vLCK2rj8g,State Nodal Officer (Andaman and Nicobar Islands),STATE_OFFICER,STATE,AN,Andaman and Nicobar Islands,,,,ACTIVE,2024-01-01 00:00:00,2024-02-24 14:15:00
USR-STO-030,state_ch,$pbkdf2-sha256$29000$.F8rRYhRyplzjrEWopSy9g$QPxhoMcSoQC04fXvfKYoVKNd9vy/4gcZ31vLCK2rj8g,State Nodal Officer (Chandigarh),STATE_OFFICER,STATE,CH,Chandigarh,,,,ACTIVE,2024-01-01 00:00:00,2024-02-24 14:15:00
USR-STO-031,state_dh,$pbkdf2-sha256$29000$.F8rRYhRyplzjrEWopSy9g$QPxhoMcSoQC04fXvfKYoVKNd9vy/4gcZ31vLCK2rj8g,State Nodal Officer (Dadra and Nagar Haveli and Daman and Diu),STATE_OFFICER,STATE,DH,Dadra and Nagar Haveli and Daman and Diu,,,,ACTIVE,2024-01-01 00:00:00,2024-02-24 14:15:00
USR-STO-032,state_dl,$pbkdf2-sha256$29000$.F8rRYhRyplzjrEWopSy9g$QPxhoMcSoQC04fXvfKYoVKNd9vy/4gcZ31vLCK2rj8g,State Nodal Officer (Delhi),STATE_OFFICER,STATE,DL,Delhi,,,,ACTIVE,2024-01-01 00:00:00,2024-02-24 14:15:00
USR-STO-033,state_jk,$pbkdf2-sha256$29000$.F8rRYhRyplzjrEWopSy9g$QPxhoMcSoQC04fXvfKYoVKNd9vy/4gcZ31vLCK2rj8g,State Nodal Officer (Jammu and Kashmir),STATE_OFFICER,STATE,JK,Jammu and Kashmir,,,,ACTIVE,2024-01-01 00:00:00,2024-02-24 14:15:00
USR-STO-034,state_la,$pbkdf2-sha256$29000$.F8rRYhRyplzjrEWopSy9g$QPxhoMcSoQC04fXvfKYoVKNd9vy/4gcZ31vLCK2rj8g,State Nodal Officer (Ladakh),STATE_OFFICER,STATE,LA,Ladakh,,,,ACTIVE,2024-01-01 00:00:00,2024-02-24 14:15:00
USR-STO-035,state_ld,$pbkdf2-sha256$29000$.F8rRYhRyplzjrEWopSy9g$QPxhoMcSoQC04fXvfKYoVKNd9vy/4gcZ31vLCK2rj8g,State Nodal Officer (Lakshadweep),STATE_OFFICER,STATE,LD,Lakshadweep,,,,ACTIVE,2024-01-01 00:00:00,2024-02-24 14:15:00
USR-STO-036,state_py,$pbkdf2-sha256$29000$.F8rRYhRyplzjrEWopSy9g$QPxhoMcSoQC04fXvfKYoVKNd9vy/4gcZ31vLCK2rj8g,State Nodal Officer (Puducherry),STATE_OFFICER,STATE,PY,Puducherry,,,,ACTIVE,2024-01-01 00:00:00,2024-02-24 14:15:00
USR-DTO-001,dist_tn_cbe,$pbkdf2-sha256$29000$Qqg1xrjXes.ZsxbiPKeUEg$r7UrfPxEbAOow3P8OlYyIzrEK/NkG9Cw5veMyonYays,District Collector (Coimbatore),DISTRICT_OFFICER,DISTRICT,TN,Tamil Nadu,TN-CBE,Coimbatore,,ACTIVE,2024-01-01 00:00:00,2024-02-23 09:00:00
USR-DTO-002,dist_ap_krs,$pbkdf2-sha256$29000$Qqg1xrjXes.ZsxbiPKeUEg$r7UrfPxEbAOow3P8OlYyIzrEK/NkG9Cw5veMyonYays,District Collector (Krishna),DISTRICT_OFFICER,DISTRICT,AP,Andhra Pradesh,AP-KRS,Krishna,,ACTIVE,2024-01-01 00:00:00,2024-02-23 09:00:00
USR-DTO-003,dist_ar_itn,$pbkdf2-sha256$29000$Qqg1xrjXes.ZsxbiPKeUEg$r7UrfPxEbAOow3P8OlYyIzrEK/NkG9Cw5veMyonYays,District Collector (Papum Pare),DISTRICT_OFFICER,DISTRICT,AR,Arunachal Pradesh,AR-ITN,Papum Pare,,ACTIVE,2024-01-01 00:00:00,2024-02-23 09:00:00
USR-DTO-004,dist_as_kmr,$pbkdf2-sha256$29000$Qqg1xrjXes.ZsxbiPKeUEg$r7UrfPxEbAOow3P8OlYyIzrEK/NkG9Cw5veMyonYays,District Collector (Kamrup Metropolitan),DISTRICT_OFFICER,DISTRICT,AS,Assam,AS-KMR,Kamrup Metropolitan,,ACTIVE,2024-01-01 00:00:00,2024-02-23 09:00:00
USR-DTO-005,dist_br_mzp,$pbkdf2-sha256$29000$Qqg1xrjXes.ZsxbiPKeUEg$r7UrfPxEbAOow3P8OlYyIzrEK/NkG9Cw5veMyonYays,District Collector (Muzaffarpur),DISTRICT_OFFICER,DISTRICT,BR,Bihar,BR-MZP,Muzaffarpur,,ACTIVE,2024-01-01 00:00:00,2024-02-23 09:00:00
USR-DTO-006,dist_cg_rpr,$pbkdf2-sha256$29000$Qqg1xrjXes.ZsxbiPKeUEg$r7UrfPxEbAOow3P8OlYyIzrEK/NkG9Cw5veMyonYays,District Collector (Raipur),DISTRICT_OFFICER,DISTRICT,CG,Chhattisgarh,CG-RPR,Raipur,,ACTIVE,2024-01-01 00:00:00,2024-02-23 09:00:00
USR-DTO-007,dist_ga_ngo,$pbkdf2-sha256$29000$Qqg1xrjXes.ZsxbiPKeUEg$r7UrfPxEbAOow3P8OlYyIzrEK/NkG9Cw5veMyonYays,District Collector (North Goa),DISTRICT_OFFICER,DISTRICT,GA,Goa,GA-NGO,North Goa,,ACTIVE,2024-01-01 00:00:00,2024-02-23 09:00:00
USR-DTO-008,dist_gj_srt,$pbkdf2-sha256$29000$Qqg1xrjXes.ZsxbiPKeUEg$r7UrfPxEbAOow3P8OlYyIzrEK/NkG9Cw5veMyonYays,District Collector (Surat),DISTRICT_OFFICER,DISTRICT,GJ,Gujarat,GJ-SRT,Surat,,ACTIVE,2024-01-01 00:00:00,2024-02-23 09:00:00
USR-DTO-009,dist_hr_fdb,$pbkdf2-sha256$29000$Qqg1xrjXes.ZsxbiPKeUEg$r7UrfPxEbAOow3P8OlYyIzrEK/NkG9Cw5veMyonYays,District Collector (Faridabad),DISTRICT_OFFICER,DISTRICT,HR,Haryana,HR-FDB,Faridabad,,ACTIVE,2024-01-01 00:00:00,2024-02-23 09:00:00
USR-DTO-010,dist_hp_mnd,$pbkdf2-sha256$29000$Qqg1xrjXes.ZsxbiPKeUEg$r7UrfPxEbAOow3P8OlYyIzrEK/NkG9Cw5veMyonYays,District Collector (Mandi),DISTRICT_OFFICER,DISTRICT,HP,Himachal Pradesh,HP-MND,Mandi,,ACTIVE,2024-01-01 00:00:00,2024-02-23 09:00:00
USR-DTO-011,dist_jh_rnc,$pbkdf2-sha256$29000$Qqg1xrjXes.ZsxbiPKeUEg$r7UrfPxEbAOow3P8OlYyIzrEK/NkG9Cw5veMyonYays,District Collector (Ranchi),DISTRICT_OFFICER,DISTRICT,JH,Jharkhand,JH-RNC,Ranchi,,ACTIVE,2024-01-01 00:00:00,2024-02-23 09:00:00
USR-DTO-012,dist_ka_mys,$pbkdf2-sha256$29000$Qqg1xrjXes.ZsxbiPKeUEg$r7UrfPxEbAOow3P8OlYyIzrEK/NkG9Cw5veMyonYays,District Collector (Mysuru),DISTRICT_OFFICER,DISTRICT,KA,Karnataka,KA-MYS,Mysuru,,ACTIVE,2024-01-01 00:00:00,2024-02-23 09:00:00
USR-DTO-013,dist_kl_ekm,$pbkdf2-sha256$29000$Qqg1xrjXes.ZsxbiPKeUEg$r7UrfPxEbAOow3P8OlYyIzrEK/NkG9Cw5veMyonYays,District Collector (Ernakulam (Kochi)),DISTRICT_OFFICER,DISTRICT,KL,Kerala,KL-EKM,Ernakulam (Kochi),,ACTIVE,2024-01-01 00:00:00,2024-02-23 09:00:00
USR-DTO-014,dist_mp_jbp,$pbkdf2-sha256$29000$Qqg1xrjXes.ZsxbiPKeUEg$r7UrfPxEbAOow3P8OlYyIzrEK/NkG9Cw5veMyonYays,District Collector (Jabalpur),DISTRICT_OFFICER,DISTRICT,MP,Madhya Pradesh,MP-JBP,Jabalpur,,ACTIVE,2024-01-01 00:00:00,2024-02-23 09:00:00
USR-DTO-015,dist_mh_ngp,$pbkdf2-sha256$29000$Qqg1xrjXes.ZsxbiPKeUEg$r7UrfPxEbAOow3P8OlYyIzrEK/NkG9Cw5veMyonYays,District Collector (Nagpur),DISTRICT_OFFICER,DISTRICT,MH,Maharashtra,MH-NGP,Nagpur,,ACTIVE,2024-01-01 00:00:00,2024-02-23 09:00:00
USR-DTO-016,dist_mn_imp,$pbkdf2-sha256$29000$Qqg1xrjXes.ZsxbiPKeUEg$r7UrfPxEbAOow3P8OlYyIzrEK/NkG9Cw5veMyonYays,District Collector (Imphal East),DISTRICT_OFFICER,DISTRICT,MN,Manipur,MN-IMP,Imphal East,,ACTIVE,2024-01-01 00:00:00,2024-02-23 09:00:00
USR-DTO-017,dist_ml_tua,$pbkdf2-sha256$29000$Qqg1xrjXes.ZsxbiPKeUEg$r7UrfPxEbAOow3P8OlYyIzrEK/NkG9Cw5veMyonYays,District Collector (West Garo Hills (Tura)),DISTRICT_OFFICER,DISTRICT,ML,Meghalaya,ML-TUA,West Garo Hills (Tura),,ACTIVE,2024-01-01 00:00:00,2024-02-23 09:00:00
USR-DTO-018,dist_mz_lgl,$pbkdf2-sha256$29000$Qqg1xrjXes.ZsxbiPKeUEg$r7UrfPxEbAOow3P8OlYyIzrEK/NkG9Cw5veMyonYays,District Collector (Lunglei),DISTRICT_OFFICER,DISTRICT,MZ,Mizoram,MZ-LGL,Lunglei,,ACTIVE,2024-01-01 00:00:00,2024-02-23 09:00:00
USR-DTO-019,dist_nl_khm,$pbkdf2-sha256$29000$Qqg1xrjXes.ZsxbiPKeUEg$r7UrfPxEbAOow3P8OlYyIzrEK/NkG9Cw5veMyonYays,District Collector (Kohima),DISTRICT_OFFICER,DISTRICT,NL,Nagaland,NL-KHM,Kohima,,ACTIVE,2024-01-01 00:00:00,2024-02-23 09:00:00
USR-DTO-020,dist_od_khd,$pbkdf2-sha256$29000$Qqg1xrjXes.ZsxbiPKeUEg$r7UrfPxEbAOow3P8OlYyIzrEK/NkG9Cw5veMyonYays,District Collector (Khurda (Bhubaneswar)),DISTRICT_OFFICER,DISTRICT,OD,Odisha,OD-KHD,Khurda (Bhubaneswar),,ACTIVE,2024-01-01 00:00:00,2024-02-23 09:00:00
USR-DTO-021,dist_pb_asr,$pbkdf2-sha256$29000$Qqg1xrjXes.ZsxbiPKeUEg$r7UrfPxEbAOow3P8OlYyIzrEK/NkG9Cw5veMyonYays,District Collector (Amritsar),DISTRICT_OFFICER,DISTRICT,PB,Punjab,PB-ASR,Amritsar,,ACTIVE,2024-01-01 00:00:00,2024-02-23 09:00:00
USR-DTO-022,dist_rj_jpr,$pbkdf2-sha256$29000$Qqg1xrjXes.ZsxbiPKeUEg$r7UrfPxEbAOow3P8OlYyIzrEK/NkG9Cw5veMyonYays,District Collector (Jaipur),DISTRICT_OFFICER,DISTRICT,RJ,Rajasthan,RJ-JPR,Jaipur,,ACTIVE,2024-01-01 00:00:00,2024-02-23 09:00:00
USR-DTO-023,dist_sk_nam,$pbkdf2-sha256$29000$Qqg1xrjXes.ZsxbiPKeUEg$r7UrfPxEbAOow3P8OlYyIzrEK/NkG9Cw5veMyonYays,District Collector (Namchi (South Sikkim)),DISTRICT_OFFICER,DISTRICT,SK,Sikkim,SK-NAM,Namchi (South Sikkim),,ACTIVE,2024-01-01 00:00:00,2024-02-23 09:00:00
USR-DTO-024,dist_tn_cgl,$pbkdf2-sha256$29000$Qqg1xrjXes.ZsxbiPKeUEg$r7UrfPxEbAOow3P8OlYyIzrEK/NkG9Cw5veMyonYays,District Collector (Chengalpattu),DISTRICT_OFFICER,DISTRICT,TN,Tamil Nadu,TN-CGL,Chengalpattu,,ACTIVE,2024-01-01 00:00:00,2024-02-23 09:00:00
USR-DTO-025,dist_ts_hyd,$pbkdf2-sha256$29000$Qqg1xrjXes.ZsxbiPKeUEg$r7UrfPxEbAOow3P8OlYyIzrEK/NkG9Cw5veMyonYays,District Collector (Hyderabad),DISTRICT_OFFICER,DISTRICT,TS,Telangana,TS-HYD,Hyderabad,,ACTIVE,2024-01-01 00:00:00,2024-02-23 09:00:00
USR-DTO-026,dist_tr_agt,$pbkdf2-sha256$29000$Qqg1xrjXes.ZsxbiPKeUEg$r7UrfPxEbAOow3P8OlYyIzrEK/NkG9Cw5veMyonYays,District Collector (West Tripura (Agartala)),DISTRICT_OFFICER,DISTRICT,TR,Tripura,TR-AGT,West Tripura (Agartala),,ACTIVE,2024-01-01 00:00:00,2024-02-23 09:00:00
USR-DTO-027,dist_up_vns,$pbkdf2-sha256$29000$Qqg1xrjXes.ZsxbiPKeUEg$r7UrfPxEbAOow3P8OlYyIzrEK/NkG9Cw5veMyonYays,District Collector (Varanasi),DISTRICT_OFFICER,DISTRICT,UP,Uttar Pradesh,UP-VNS,Varanasi,,ACTIVE,2024-01-01 00:00:00,2024-02-23 09:00:00
USR-DTO-028,dist_uk_ntl,$pbkdf2-sha256$29000$Qqg1xrjXes.ZsxbiPKeUEg$r7UrfPxEbAOow3P8OlYyIzrEK/NkG9Cw5veMyonYays,District Collector (Nainital),DISTRICT_OFFICER,DISTRICT,UK,Uttarakhand,UK-NTL,Nainital,,ACTIVE,2024-01-01 00:00:00,2024-02-23 09:00:00
USR-DTO-029,dist_wb_pas,$pbkdf2-sha256$29000$Qqg1xrjXes.ZsxbiPKeUEg$r7UrfPxEbAOow3P8OlYyIzrEK/NkG9Cw5veMyonYays,District Collector (Paschim Medinipur),DISTRICT_OFFICER,DISTRICT,WB,West Bengal,WB-PAS,Paschim Medinipur,,ACTIVE,2024-01-01 00:00:00,2024-02-23 09:00:00
USR-DTO-030,dist_an_snd,$pbkdf2-sha256$29000$Qqg1xrjXes.ZsxbiPKeUEg$r7UrfPxEbAOow3P8OlYyIzrEK/NkG9Cw5veMyonYays,District Collector (South Andaman (Port Blair)),DISTRICT_OFFICER,DISTRICT,AN,Andaman and Nicobar Islands,AN-SND,South Andaman (Port Blair),,ACTIVE,2024-01-01 00:00:00,2024-02-23 09:00:00
USR-DTO-031,dist_ch_chd,$pbkdf2-sha256$29000$Qqg1xrjXes.ZsxbiPKeUEg$r7UrfPxEbAOow3P8OlYyIzrEK/NkG9Cw5veMyonYays,District Collector (Chandigarh),DISTRICT_OFFICER,DISTRICT,CH,Chandigarh,CH-CHD,Chandigarh,,ACTIVE,2024-01-01 00:00:00,2024-02-23 09:00:00
USR-DTO-032,dist_dh_slv,$pbkdf2-sha256$29000$Qqg1xrjXes.ZsxbiPKeUEg$r7UrfPxEbAOow3P8OlYyIzrEK/NkG9Cw5veMyonYays,District Collector (Silvassa),DISTRICT_OFFICER,DISTRICT,DH,Dadra and Nagar Haveli and Daman and Diu,DH-SLV,Silvassa,,ACTIVE,2024-01-01 00:00:00,2024-02-23 09:00:00
USR-DTO-033,dist_dl_edl,$pbkdf2-sha256$29000$Qqg1xrjXes.ZsxbiPKeUEg$r7UrfPxEbAOow3P8OlYyIzrEK/NkG9Cw5veMyonYays,District Collector (East Delhi),DISTRICT_OFFICER,DISTRICT,DL,Delhi,DL-EDL,East Delhi,,ACTIVE,2024-01-01 00:00:00,2024-02-23 09:00:00
USR-DTO-034,dist_jk_jmu,$pbkdf2-sha256$29000$Qqg1xrjXes.ZsxbiPKeUEg$r7UrfPxEbAOow3P8OlYyIzrEK/NkG9Cw5veMyonYays,District Collector (Jammu),DISTRICT_OFFICER,DISTRICT,JK,Jammu and Kashmir,JK-JMU,Jammu,,ACTIVE,2024-01-01 00:00:00,2024-02-23 09:00:00
USR-DTO-035,dist_la_leh,$pbkdf2-sha256$29000$Qqg1xrjXes.ZsxbiPKeUEg$r7UrfPxEbAOow3P8OlYyIzrEK/NkG9Cw5veMyonYays,District Collector (Leh),DISTRICT_OFFICER,DISTRICT,LA,Ladakh,LA-LEH,Leh,,ACTIVE,2024-01-01 00:00:00,2024-02-23 09:00:00
USR-DTO-036,dist_ld_kvt,$pbkdf2-sha256$29000$Qqg1xrjXes.ZsxbiPKeUEg$r7UrfPxEbAOow3P8OlYyIzrEK/NkG9Cw5veMyonYays,District Collector (Kavaratti),DISTRICT_OFFICER,DISTRICT,LD,Lakshadweep,LD-KVT,Kavaratti,,ACTIVE,2024-01-01 00:00:00,2024-02-23 09:00:00
USR-DTO-037,dist_py_pud,$pbkdf2-sha256$29000$Qqg1xrjXes.ZsxbiPKeUEg$r7UrfPxEbAOow3P8OlYyIzrEK/NkG9Cw5veMyonYays,District Collector (Puducherry),DISTRICT_OFFICER,DISTRICT,PY,Puducherry,PY-PUD,Puducherry,,ACTIVE,2024-01-01 00:00:00,2024-02-23 09:00:00
USR-DTO-038,dist_ap_vis,$pbkdf2-sha256$29000$Qqg1xrjXes.ZsxbiPKeUEg$r7UrfPxEbAOow3P8OlYyIzrEK/NkG9Cw5veMyonYays,District Collector (Visakhapatnam),DISTRICT_OFFICER,DISTRICT,AP,Andhra Pradesh,AP-VIS,Visakhapatnam,,ACTIVE,2024-01-01 00:00:00,2024-02-23 09:00:00
USR-DTO-039,dist_ar_twg,$pbkdf2-sha256$29000$Qqg1xrjXes.ZsxbiPKeUEg$r7UrfPxEbAOow3P8OlYyIzrEK/NkG9Cw5veMyonYays,District Collector (Tawang),DISTRICT_OFFICER,DISTRICT,AR,Arunachal Pradesh,AR-TWG,Tawang,,ACTIVE,2024-01-01 00:00:00,2024-02-23 09:00:00
USR-DTO-040,dist_cg_krb,$pbkdf2-sha256$29000$Qqg1xrjXes.ZsxbiPKeUEg$r7UrfPxEbAOow3P8OlYyIzrEK/NkG9Cw5veMyonYays,District Collector (Korba),DISTRICT_OFFICER,DISTRICT,CG,Chhattisgarh,CG-KRB,Korba,,ACTIVE,2024-01-01 00:00:00,2024-02-23 09:00:00
USR-DTO-041,dist_ga_sgo,$pbkdf2-sha256$29000$Qqg1xrjXes.ZsxbiPKeUEg$r7UrfPxEbAOow3P8OlYyIzrEK/NkG9Cw5veMyonYays,District Collector (South Goa),DISTRICT_OFFICER,DISTRICT,GA,Goa,GA-SGO,South Goa,,ACTIVE,2024-01-01 00:00:00,2024-02-23 09:00:00
USR-DTO-042,dist_gj_amd,$pbkdf2-sha256$29000$Qqg1xrjXes.ZsxbiPKeUEg$r7UrfPxEbAOow3P8OlYyIzrEK/NkG9Cw5veMyonYays,District Collector (Ahmedabad),DISTRICT_OFFICER,DISTRICT,GJ,Gujarat,GJ-AMD,Ahmedabad,,ACTIVE,2024-01-01 00:00:00,2024-02-23 09:00:00
USR-DTO-043,dist_hr_ggm,$pbkdf2-sha256$29000$Qqg1xrjXes.ZsxbiPKeUEg$r7UrfPxEbAOow3P8OlYyIzrEK/NkG9Cw5veMyonYays,District Collector (Gurugram),DISTRICT_OFFICER,DISTRICT,HR,Haryana,HR-GGM,Gurugram,,ACTIVE,2024-01-01 00:00:00,2024-02-23 09:00:00
USR-DTO-044,dist_hp_kng,$pbkdf2-sha256$29000$Qqg1xrjXes.ZsxbiPKeUEg$r7UrfPxEbAOow3P8OlYyIzrEK/NkG9Cw5veMyonYays,District Collector (Kangra),DISTRICT_OFFICER,DISTRICT,HP,Himachal Pradesh,HP-KNG,Kangra,,ACTIVE,2024-01-01 00:00:00,2024-02-23 09:00:00
USR-DTO-045,dist_jh_bkr,$pbkdf2-sha256$29000$Qqg1xrjXes.ZsxbiPKeUEg$r7UrfPxEbAOow3P8OlYyIzrEK/NkG9Cw5veMyonYays,District Collector (Bokaro),DISTRICT_OFFICER,DISTRICT,JH,Jharkhand,JH-BKR,Bokaro,,ACTIVE,2024-01-01 00:00:00,2024-02-23 09:00:00
USR-DTO-046,dist_ka_bel,$pbkdf2-sha256$29000$Qqg1xrjXes.ZsxbiPKeUEg$r7UrfPxEbAOow3P8OlYyIzrEK/NkG9Cw5veMyonYays,District Collector (Belagavi),DISTRICT_OFFICER,DISTRICT,KA,Karnataka,KA-BEL,Belagavi,,ACTIVE,2024-01-01 00:00:00,2024-02-23 09:00:00
USR-DTO-047,dist_kl_tvm,$pbkdf2-sha256$29000$Qqg1xrjXes.ZsxbiPKeUEg$r7UrfPxEbAOow3P8OlYyIzrEK/NkG9Cw5veMyonYays,District Collector (Thiruvananthapuram),DISTRICT_OFFICER,DISTRICT,KL,Kerala,KL-TVM,Thiruvananthapuram,,ACTIVE,2024-01-01 00:00:00,2024-02-23 09:00:00
USR-DTO-048,dist_mp_gwl,$pbkdf2-sha256$29000$Qqg1xrjXes.ZsxbiPKeUEg$r7UrfPxEbAOow3P8OlYyIzrEK/NkG9Cw5veMyonYays,District Collector (Gwalior),DISTRICT_OFFICER,DISTRICT,MP,Madhya Pradesh,MP-GWL,Gwalior,,ACTIVE,2024-01-01 00:00:00,2024-02-23 09:00:00
USR-DTO-049,dist_mh_thn,$pbkdf2-sha256$29000$Qqg1xrjXes.ZsxbiPKeUEg$r7UrfPxEbAOow3P8OlYyIzrEK/NkG9Cw5veMyonYays,District Collector (Thane),DISTRICT_OFFICER,DISTRICT,MH,Maharashtra,MH-THN,Thane,,ACTIVE,2024-01-01 00:00:00,2024-02-23 09:00:00
USR-DTO-050,dist_mn_cbr,$pbkdf2-sha256$29000$Qqg1xrjXes.ZsxbiPKeUEg$r7UrfPxEbAOow3P8OlYyIzrEK/NkG9Cw5veMyonYays,District Collector (Churachandpur),DISTRICT_OFFICER,DISTRICT,MN,Manipur,MN-CBR,Churachandpur,,ACTIVE,2024-01-01 00:00:00,2024-02-23 09:00:00
USR-DTO-051,dist_ml_shl,$pbkdf2-sha256$29000$Qqg1xrjXes.ZsxbiPKeUEg$r7UrfPxEbAOow3P8OlYyIzrEK/NkG9Cw5veMyonYays,District Collector (East Khasi Hills (Shillong)),DISTRICT_OFFICER,DISTRICT,ML,Meghalaya,ML-SHL,East Khasi Hills (Shillong),,ACTIVE,2024-01-01 00:00:00,2024-02-23 09:00:00
USR-DTO-052,dist_mz_aiz,$pbkdf2-sha256$29000$Qqg1xrjXes.ZsxbiPKeUEg$r7UrfPxEbAOow3P8OlYyIzrEK/NkG9Cw5veMyonYays,District Collector (Aizawl),DISTRICT_OFFICER,DISTRICT,MZ,Mizoram,MZ-AIZ,Aizawl,,ACTIVE,2024-01-01 00:00:00,2024-02-23 09:00:00
USR-DTO-053,dist_od_gjm,$pbkdf2-sha256$29000$Qqg1xrjXes.ZsxbiPKeUEg$r7UrfPxEbAOow3P8OlYyIzrEK/NkG9Cw5veMyonYays,District Collector (Ganjam),DISTRICT_OFFICER,DISTRICT,OD,Odisha,OD-GJM,Ganjam,,ACTIVE,2024-01-01 00:00:00,2024-02-23 09:00:00
USR-DTO-054,dist_pb_ldh,$pbkdf2-sha256$29000$Qqg1xrjXes.ZsxbiPKeUEg$r7UrfPxEbAOow3P8OlYyIzrEK/NkG9Cw5veMyonYays,District Collector (Ludhiana),DISTRICT_OFFICER,DISTRICT,PB,Punjab,PB-LDH,Ludhiana,,ACTIVE,2024-01-01 00:00:00,2024-02-23 09:00:00
USR-DTO-055,dist_rj_kta,$pbkdf2-sha256$29000$Qqg1xrjXes.ZsxbiPKeUEg$r7UrfPxEbAOow3P8OlYyIzrEK/NkG9Cw5veMyonYays,District Collector (Kota),DISTRICT_OFFICER,DISTRICT,RJ,Rajasthan,RJ-KTA,Kota,,ACTIVE,2024-01-01 00:00:00,2024-02-23 09:00:00
USR-DTO-056,dist_ts_rng,$pbkdf2-sha256$29000$Qqg1xrjXes.ZsxbiPKeUEg$r7UrfPxEbAOow3P8OlYyIzrEK/NkG9Cw5veMyonYays,District Collector (Ranga Reddy),DISTRICT_OFFICER,DISTRICT,TS,Telangana,TS-RNG,Ranga Reddy,,ACTIVE,2024-01-01 00:00:00,2024-02-23 09:00:00
USR-DTO-057,dist_up_lko,$pbkdf2-sha256$29000$Qqg1xrjXes.ZsxbiPKeUEg$r7UrfPxEbAOow3P8OlYyIzrEK/NkG9Cw5veMyonYays,District Collector (Lucknow),DISTRICT_OFFICER,DISTRICT,UP,Uttar Pradesh,UP-LKO,Lucknow,,ACTIVE,2024-01-01 00:00:00,2024-02-23 09:00:00
USR-DTO-058,dist_uk_hrd,$pbkdf2-sha256$29000$Qqg1xrjXes.ZsxbiPKeUEg$r7UrfPxEbAOow3P8OlYyIzrEK/NkG9Cw5veMyonYays,District Collector (Haridwar),DISTRICT_OFFICER,DISTRICT,UK,Uttarakhand,UK-HRD,Haridwar,,ACTIVE,2024-01-01 00:00:00,2024-02-23 09:00:00
USR-DTO-059,dist_wb_kol,$pbkdf2-sha256$29000$Qqg1xrjXes.ZsxbiPKeUEg$r7UrfPxEbAOow3P8OlYyIzrEK/NkG9Cw5veMyonYays,District Collector (Kolkata),DISTRICT_OFFICER,DISTRICT,WB,West Bengal,WB-KOL,Kolkata,,ACTIVE,2024-01-01 00:00:00,2024-02-23 09:00:00
USR-DTO-060,dist_dh_dmn,$pbkdf2-sha256$29000$Qqg1xrjXes.ZsxbiPKeUEg$r7UrfPxEbAOow3P8OlYyIzrEK/NkG9Cw5veMyonYays,District Collector (Daman),DISTRICT_OFFICER,DISTRICT,DH,Dadra and Nagar Haveli and Daman and Diu,DH-DMN,Daman,,ACTIVE,2024-01-01 00:00:00,2024-02-23 09:00:00
USR-DTO-061,dist_dl_sdl,$pbkdf2-sha256$29000$Qqg1xrjXes.ZsxbiPKeUEg$r7UrfPxEbAOow3P8OlYyIzrEK/NkG9Cw5veMyonYays,District Collector (South Delhi),DISTRICT_OFFICER,DISTRICT,DL,Delhi,DL-SDL,South Delhi,,ACTIVE,2024-01-01 00:00:00,2024-02-23 09:00:00
USR-DTO-062,dist_la_krg,$pbkdf2-sha256$29000$Qqg1xrjXes.ZsxbiPKeUEg$r7UrfPxEbAOow3P8OlYyIzrEK/NkG9Cw5veMyonYays,District Collector (Kargil),DISTRICT_OFFICER,DISTRICT,LA,Ladakh,LA-KRG,Kargil,,ACTIVE,2024-01-01 00:00:00,2024-02-23 09:00:00
USR-DTO-063,dist_py_kkl,$pbkdf2-sha256$29000$Qqg1xrjXes.ZsxbiPKeUEg$r7UrfPxEbAOow3P8OlYyIzrEK/NkG9Cw5veMyonYays,District Collector (Karaikal),DISTRICT_OFFICER,DISTRICT,PY,Puducherry,PY-KKL,Karaikal,,ACTIVE,2024-01-01 00:00:00,2024-02-23 09:00:00
USR-DTO-064,dist_ap_krn,$pbkdf2-sha256$29000$Qqg1xrjXes.ZsxbiPKeUEg$r7UrfPxEbAOow3P8OlYyIzrEK/NkG9Cw5veMyonYays,District Collector (Kurnool),DISTRICT_OFFICER,DISTRICT,AP,Andhra Pradesh,AP-KRN,Kurnool,,ACTIVE,2024-01-01 00:00:00,2024-02-23 09:00:00
USR-DTO-065,dist_ar_cgl,$pbkdf2-sha256$29000$Qqg1xrjXes.ZsxbiPKeUEg$r7UrfPxEbAOow3P8OlYyIzrEK/NkG9Cw5veMyonYays,District Collector (Changlang),DISTRICT_OFFICER,DISTRICT,AR,Arunachal Pradesh,AR-CGL,Changlang,,ACTIVE,2024-01-01 00:00:00,2024-02-23 09:00:00
USR-DTO-066,dist_as_jrh,$pbkdf2-sha256$29000$Qqg1xrjXes.ZsxbiPKeUEg$r7UrfPxEbAOow3P8OlYyIzrEK/NkG9Cw5veMyonYays,District Collector (Jorhat),DISTRICT_OFFICER,DISTRICT,AS,Assam,AS-JRH,Jorhat,,ACTIVE,2024-01-01 00:00:00,2024-02-23 09:00:00
USR-DTO-067,dist_br_pat,$pbkdf2-sha256$29000$Qqg1xrjXes.ZsxbiPKeUEg$r7UrfPxEbAOow3P8OlYyIzrEK/NkG9Cw5veMyonYays,District Collector (Patna),DISTRICT_OFFICER,DISTRICT,BR,Bihar,BR-PAT,Patna,,ACTIVE,2024-01-01 00:00:00,2024-02-23 09:00:00
USR-DTO-068,dist_hr_krn,$pbkdf2-sha256$29000$Qqg1xrjXes.ZsxbiPKeUEg$r7UrfPxEbAOow3P8OlYyIzrEK/NkG9Cw5veMyonYays,District Collector (Karnal),DISTRICT_OFFICER,DISTRICT,HR,Haryana,HR-KRN,Karnal,,ACTIVE,2024-01-01 00:00:00,2024-02-23 09:00:00
USR-DTO-069,dist_hp_sml,$pbkdf2-sha256$29000$Qqg1xrjXes.ZsxbiPKeUEg$r7UrfPxEbAOow3P8OlYyIzrEK/NkG9Cw5veMyonYays,District Collector (Shimla),DISTRICT_OFFICER,DISTRICT,HP,Himachal Pradesh,HP-SML,Shimla,,ACTIVE,2024-01-01 00:00:00,2024-02-23 09:00:00
USR-DTO-070,dist_kl_clt,$pbkdf2-sha256$29000$Qqg1xrjXes.ZsxbiPKeUEg$r7UrfPxEbAOow3P8OlYyIzrEK/NkG9Cw5veMyonYays,District Collector (Kozhikode),DISTRICT_OFFICER,DISTRICT,KL,Kerala,KL-CLT,Kozhikode,,ACTIVE,2024-01-01 00:00:00,2024-02-23 09:00:00
USR-DTO-071,dist_nl_dmp,$pbkdf2-sha256$29000$Qqg1xrjXes.ZsxbiPKeUEg$r7UrfPxEbAOow3P8OlYyIzrEK/NkG9Cw5veMyonYays,District Collector (Dimapur),DISTRICT_OFFICER,DISTRICT,NL,Nagaland,NL-DMP,Dimapur,,ACTIVE,2024-01-01 00:00:00,2024-02-23 09:00:00
USR-DTO-072,dist_od_sng,$pbkdf2-sha256$29000$Qqg1xrjXes.ZsxbiPKeUEg$r7UrfPxEbAOow3P8OlYyIzrEK/NkG9Cw5veMyonYays,District Collector (Sundargarh (Rourkela)),DISTRICT_OFFICER,DISTRICT,OD,Odisha,OD-SNG,Sundargarh (Rourkela),,ACTIVE,2024-01-01 00:00:00,2024-02-23 09:00:00
USR-DTO-073,dist_pb_sas,$pbkdf2-sha256$29000$Qqg1xrjXes.ZsxbiPKeUEg$r7UrfPxEbAOow3P8OlYyIzrEK/NkG9Cw5veMyonYays,District Collector (SAS Nagar (Mohali)),DISTRICT_OFFICER,DISTRICT,PB,Punjab,PB-SAS,SAS Nagar (Mohali),,ACTIVE,2024-01-01 00:00:00,2024-02-23 09:00:00
USR-DTO-074,dist_sk_gnt,$pbkdf2-sha256$29000$Qqg1xrjXes.ZsxbiPKeUEg$r7UrfPxEbAOow3P8OlYyIzrEK/NkG9Cw5veMyonYays,District Collector (Gangtok (East Sikkim)),DISTRICT_OFFICER,DISTRICT,SK,Sikkim,SK-GNT,Gangtok (East Sikkim),,ACTIVE,2024-01-01 00:00:00,2024-02-23 09:00:00
USR-DTO-075,dist_tn_mdu,$pbkdf2-sha256$29000$Qqg1xrjXes.ZsxbiPKeUEg$r7UrfPxEbAOow3P8OlYyIzrEK/NkG9Cw5veMyonYays,District Collector (Madurai),DISTRICT_OFFICER,DISTRICT,TN,Tamil Nadu,TN-MDU,Madurai,,ACTIVE,2024-01-01 00:00:00,2024-02-23 09:00:00
USR-DTO-076,dist_tr_gma,$pbkdf2-sha256$29000$Qqg1xrjXes.ZsxbiPKeUEg$r7UrfPxEbAOow3P8OlYyIzrEK/NkG9Cw5veMyonYays,District Collector (Gomati),DISTRICT_OFFICER,DISTRICT,TR,Tripura,TR-GMA,Gomati,,ACTIVE,2024-01-01 00:00:00,2024-02-23 09:00:00
USR-DTO-077,dist_up_agr,$pbkdf2-sha256$29000$Qqg1xrjXes.ZsxbiPKeUEg$r7UrfPxEbAOow3P8OlYyIzrEK/NkG9Cw5veMyonYays,District Collector (Agra),DISTRICT_OFFICER,DISTRICT,UP,Uttar Pradesh,UP-AGR,Agra,,ACTIVE,2024-01-01 00:00:00,2024-02-23 09:00:00
USR-DTO-078,dist_uk_dhr,$pbkdf2-sha256$29000$Qqg1xrjXes.ZsxbiPKeUEg$r7UrfPxEbAOow3P8OlYyIzrEK/NkG9Cw5veMyonYays,District Collector (Dehradun),DISTRICT_OFFICER,DISTRICT,UK,Uttarakhand,UK-DHR,Dehradun,,ACTIVE,2024-01-01 00:00:00,2024-02-23 09:00:00
USR-DTO-079,dist_wb_24p,$pbkdf2-sha256$29000$Qqg1xrjXes.ZsxbiPKeUEg$r7UrfPxEbAOow3P8OlYyIzrEK/NkG9Cw5veMyonYays,District Collector (North 24 Parganas),DISTRICT_OFFICER,DISTRICT,WB,West Bengal,WB-24P,North 24 Parganas,,ACTIVE,2024-01-01 00:00:00,2024-02-23 09:00:00
USR-DTO-080,dist_dl_ndl,$pbkdf2-sha256$29000$Qqg1xrjXes.ZsxbiPKeUEg$r7UrfPxEbAOow3P8OlYyIzrEK/NkG9Cw5veMyonYays,District Collector (New Delhi),DISTRICT_OFFICER,DISTRICT,DL,Delhi,DL-NDL,New Delhi,,ACTIVE,2024-01-01 00:00:00,2024-02-23 09:00:00
USR-DTO-081,dist_ap_gnt,$pbkdf2-sha256$29000$Qqg1xrjXes.ZsxbiPKeUEg$r7UrfPxEbAOow3P8OlYyIzrEK/NkG9Cw5veMyonYays,District Collector (Guntur),DISTRICT_OFFICER,DISTRICT,AP,Andhra Pradesh,AP-GNT,Guntur,,ACTIVE,2024-01-01 00:00:00,2024-02-23 09:00:00
USR-DTO-082,dist_br_bgp,$pbkdf2-sha256$29000$Qqg1xrjXes.ZsxbiPKeUEg$r7UrfPxEbAOow3P8OlYyIzrEK/NkG9Cw5veMyonYays,District Collector (Bhagalpur),DISTRICT_OFFICER,DISTRICT,BR,Bihar,BR-BGP,Bhagalpur,,ACTIVE,2024-01-01 00:00:00,2024-02-23 09:00:00
USR-DTO-083,dist_gj_vdr,$pbkdf2-sha256$29000$Qqg1xrjXes.ZsxbiPKeUEg$r7UrfPxEbAOow3P8OlYyIzrEK/NkG9Cw5veMyonYays,District Collector (Vadodara),DISTRICT_OFFICER,DISTRICT,GJ,Gujarat,GJ-VDR,Vadodara,,ACTIVE,2024-01-01 00:00:00,2024-02-23 09:00:00
USR-DTO-084,dist_mh_pun,$pbkdf2-sha256$29000$Qqg1xrjXes.ZsxbiPKeUEg$r7UrfPxEbAOow3P8OlYyIzrEK/NkG9Cw5veMyonYays,District Collector (Pune),DISTRICT_OFFICER,DISTRICT,MH,Maharashtra,MH-PUN,Pune,,ACTIVE,2024-01-01 00:00:00,2024-02-23 09:00:00
USR-DTO-085,dist_up_kan,$pbkdf2-sha256$29000$Qqg1xrjXes.ZsxbiPKeUEg$r7UrfPxEbAOow3P8OlYyIzrEK/NkG9Cw5veMyonYays,District Collector (Kanpur Nagar),DISTRICT_OFFICER,DISTRICT,UP,Uttar Pradesh,UP-KAN,Kanpur Nagar,,ACTIVE,2024-01-01 00:00:00,2024-02-23 09:00:00
USR-DTO-086,dist_ap_ctr,$pbkdf2-sha256$29000$Qqg1xrjXes.ZsxbiPKeUEg$r7UrfPxEbAOow3P8OlYyIzrEK/NkG9Cw5veMyonYays,District Collector (Chittoor),DISTRICT_OFFICER,DISTRICT,AP,Andhra Pradesh,AP-CTR,Chittoor,,ACTIVE,2024-01-01 00:00:00,2024-02-23 09:00:00
USR-DTO-087,dist_cg_drg,$pbkdf2-sha256$29000$Qqg1xrjXes.ZsxbiPKeUEg$r7UrfPxEbAOow3P8OlYyIzrEK/NkG9Cw5veMyonYays,District Collector (Durg),DISTRICT_OFFICER,DISTRICT,CG,Chhattisgarh,CG-DRG,Durg,,ACTIVE,2024-01-01 00:00:00,2024-02-23 09:00:00
USR-DTO-088,dist_gj_rjk,$pbkdf2-sha256$29000$Qqg1xrjXes.ZsxbiPKeUEg$r7UrfPxEbAOow3P8OlYyIzrEK/NkG9Cw5veMyonYays,District Collector (Rajkot),DISTRICT_OFFICER,DISTRICT,GJ,Gujarat,GJ-RJK,Rajkot,,ACTIVE,2024-01-01 00:00:00,2024-02-23 09:00:00
USR-DTO-089,dist_hr_pkl,$pbkdf2-sha256$29000$Qqg1xrjXes.ZsxbiPKeUEg$r7UrfPxEbAOow3P8OlYyIzrEK/NkG9Cw5veMyonYays,District Collector (Panchkula),DISTRICT_OFFICER,DISTRICT,HR,Haryana,HR-PKL,Panchkula,,ACTIVE,2024-01-01 00:00:00,2024-02-23 09:00:00
USR-DTO-090,dist_jh_dhn,$pbkdf2-sha256$29000$Qqg1xrjXes.ZsxbiPKeUEg$r7UrfPxEbAOow3P8OlYyIzrEK/NkG9Cw5veMyonYays,District Collector (Dhanbad),DISTRICT_OFFICER,DISTRICT,JH,Jharkhand,JH-DHN,Dhanbad,,ACTIVE,2024-01-01 00:00:00,2024-02-23 09:00:00
USR-DTO-091,dist_ka_dkn,$pbkdf2-sha256$29000$Qqg1xrjXes.ZsxbiPKeUEg$r7UrfPxEbAOow3P8OlYyIzrEK/NkG9Cw5veMyonYays,District Collector (Dakshina Kannada (Mangaluru)),DISTRICT_OFFICER,DISTRICT,KA,Karnataka,KA-DKN,Dakshina Kannada (Mangaluru),,ACTIVE,2024-01-01 00:00:00,2024-02-23 09:00:00
USR-DTO-092,dist_kl_tcr,$pbkdf2-sha256$29000$Qqg1xrjXes.ZsxbiPKeUEg$r7UrfPxEbAOow3P8OlYyIzrEK/NkG9Cw5veMyonYays,District Collector (Thrissur),DISTRICT_OFFICER,DISTRICT,KL,Kerala,KL-TCR,Thrissur,,ACTIVE,2024-01-01 00:00:00,2024-02-23 09:00:00
USR-DTO-093,dist_mp_bpl,$pbkdf2-sha256$29000$Qqg1xrjXes.ZsxbiPKeUEg$r7UrfPxEbAOow3P8OlYyIzrEK/NkG9Cw5veMyonYays,District Collector (Bhopal),DISTRICT_OFFICER,DISTRICT,MP,Madhya Pradesh,MP-BPL,Bhopal,,ACTIVE,2024-01-01 00:00:00,2024-02-23 09:00:00
USR-DTO-094,dist_mh_nsk,$pbkdf2-sha256$29000$Qqg1xrjXes.ZsxbiPKeUEg$r7UrfPxEbAOow3P8OlYyIzrEK/NkG9Cw5veMyonYays,District Collector (Nashik),DISTRICT_OFFICER,DISTRICT,MH,Maharashtra,MH-NSK,Nashik,,ACTIVE,2024-01-01 00:00:00,2024-02-23 09:00:00
USR-DTO-095,dist_pb_jal,$pbkdf2-sha256$29000$Qqg1xrjXes.ZsxbiPKeUEg$r7UrfPxEbAOow3P8OlYyIzrEK/NkG9Cw5veMyonYays,District Collector (Jalandhar),DISTRICT_OFFICER,DISTRICT,PB,Punjab,PB-JAL,Jalandhar,,ACTIVE,2024-01-01 00:00:00,2024-02-23 09:00:00
USR-DTO-096,dist_tn_try,$pbkdf2-sha256$29000$Qqg1xrjXes.ZsxbiPKeUEg$r7UrfPxEbAOow3P8OlYyIzrEK/NkG9Cw5veMyonYays,District Collector (Tiruchirappalli),DISTRICT_OFFICER,DISTRICT,TN,Tamil Nadu,TN-TRY,Tiruchirappalli,,ACTIVE,2024-01-01 00:00:00,2024-02-23 09:00:00
USR-DTO-097,dist_wb_hwr,$pbkdf2-sha256$29000$Qqg1xrjXes.ZsxbiPKeUEg$r7UrfPxEbAOow3P8OlYyIzrEK/NkG9Cw5veMyonYays,District Collector (Howrah),DISTRICT_OFFICER,DISTRICT,WB,West Bengal,WB-HWR,Howrah,,ACTIVE,2024-01-01 00:00:00,2024-02-23 09:00:00
USR-DTO-098,dist_jk_sgr,$pbkdf2-sha256$29000$Qqg1xrjXes.ZsxbiPKeUEg$r7UrfPxEbAOow3P8OlYyIzrEK/NkG9Cw5veMyonYays,District Collector (Srinagar),DISTRICT_OFFICER,DISTRICT,JK,Jammu and Kashmir,JK-SGR,Srinagar,,ACTIVE,2024-01-01 00:00:00,2024-02-23 09:00:00
USR-DTO-099,dist_as_slr,$pbkdf2-sha256$29000$Qqg1xrjXes.ZsxbiPKeUEg$r7UrfPxEbAOow3P8OlYyIzrEK/NkG9Cw5veMyonYays,District Collector (Silchar (Cachar)),DISTRICT_OFFICER,DISTRICT,AS,Assam,AS-SLR,Silchar (Cachar),,ACTIVE,2024-01-01 00:00:00,2024-02-23 09:00:00
USR-DTO-100,dist_cg_bls,$pbkdf2-sha256$29000$Qqg1xrjXes.ZsxbiPKeUEg$r7UrfPxEbAOow3P8OlYyIzrEK/NkG9Cw5veMyonYays,District Collector (Bilaspur),DISTRICT_OFFICER,DISTRICT,CG,Chhattisgarh,CG-BLS,Bilaspur,,ACTIVE,2024-01-01 00:00:00,2024-02-23 09:00:00
USR-DTO-101,dist_jh_jsh,$pbkdf2-sha256$29000$Qqg1xrjXes.ZsxbiPKeUEg$r7UrfPxEbAOow3P8OlYyIzrEK/NkG9Cw5veMyonYays,District Collector (Jamshedpur (East Singhbhum)),DISTRICT_OFFICER,DISTRICT,JH,Jharkhand,JH-JSH,Jamshedpur (East Singhbhum),,ACTIVE,2024-01-01 00:00:00,2024-02-23 09:00:00
USR-DTO-102,dist_br_gay,$pbkdf2-sha256$29000$Qqg1xrjXes.ZsxbiPKeUEg$r7UrfPxEbAOow3P8OlYyIzrEK/NkG9Cw5veMyonYays,District Collector (Gaya),DISTRICT_OFFICER,DISTRICT,BR,Bihar,BR-GAY,Gaya,,ACTIVE,2024-01-01 00:00:00,2024-02-23 09:00:00
USR-DTO-103,dist_ka_blr,$pbkdf2-sha256$29000$Qqg1xrjXes.ZsxbiPKeUEg$r7UrfPxEbAOow3P8OlYyIzrEK/NkG9Cw5veMyonYays,District Collector (Bengaluru Urban),DISTRICT_OFFICER,DISTRICT,KA,Karnataka,KA-BLR,Bengaluru Urban,,ACTIVE,2024-01-01 00:00:00,2024-02-23 09:00:00
USR-DTO-104,dist_rj_udp,$pbkdf2-sha256$29000$Qqg1xrjXes.ZsxbiPKeUEg$r7UrfPxEbAOow3P8OlYyIzrEK/NkG9Cw5veMyonYays,District Collector (Udaipur),DISTRICT_OFFICER,DISTRICT,RJ,Rajasthan,RJ-UDP,Udaipur,,ACTIVE,2024-01-01 00:00:00,2024-02-23 09:00:00
USR-DTO-105,dist_as_dbr,$pbkdf2-sha256$29000$Qqg1xrjXes.ZsxbiPKeUEg$r7UrfPxEbAOow3P8OlYyIzrEK/NkG9Cw5veMyonYays,District Collector (Dibrugarh),DISTRICT_OFFICER,DISTRICT,AS,Assam,AS-DBR,Dibrugarh,,ACTIVE,2024-01-01 00:00:00,2024-02-23 09:00:00
USR-DTO-106,dist_od_ctc,$pbkdf2-sha256$29000$Qqg1xrjXes.ZsxbiPKeUEg$r7UrfPxEbAOow3P8OlYyIzrEK/NkG9Cw5veMyonYays,District Collector (Cuttack),DISTRICT_OFFICER,DISTRICT,OD,Odisha,OD-CTC,Cuttack,,ACTIVE,2024-01-01 00:00:00,2024-02-23 09:00:00
USR-DTO-107,dist_ts_khm,$pbkdf2-sha256$29000$Qqg1xrjXes.ZsxbiPKeUEg$r7UrfPxEbAOow3P8OlYyIzrEK/NkG9Cw5veMyonYays,District Collector (Khammam),DISTRICT_OFFICER,DISTRICT,TS,Telangana,TS-KHM,Khammam,,ACTIVE,2024-01-01 00:00:00,2024-02-23 09:00:00
USR-DTO-108,dist_mh_mum,$pbkdf2-sha256$29000$Qqg1xrjXes.ZsxbiPKeUEg$r7UrfPxEbAOow3P8OlYyIzrEK/NkG9Cw5veMyonYays,District Collector (Mumbai Suburban),DISTRICT_OFFICER,DISTRICT,MH,Maharashtra,MH-MUM,Mumbai Suburban,,ACTIVE,2024-01-01 00:00:00,2024-02-23 09:00:00
USR-DTO-109,dist_rj_jhd,$pbkdf2-sha256$29000$Qqg1xrjXes.ZsxbiPKeUEg$r7UrfPxEbAOow3P8OlYyIzrEK/NkG9Cw5veMyonYays,District Collector (Jodhpur),DISTRICT_OFFICER,DISTRICT,RJ,Rajasthan,RJ-JHD,Jodhpur,,ACTIVE,2024-01-01 00:00:00,2024-02-23 09:00:00
USR-DTO-110,dist_tn_che,$pbkdf2-sha256$29000$Qqg1xrjXes.ZsxbiPKeUEg$r7UrfPxEbAOow3P8OlYyIzrEK/NkG9Cw5veMyonYays,District Collector (Chennai),DISTRICT_OFFICER,DISTRICT,TN,Tamil Nadu,TN-CHE,Chennai,,ACTIVE,2024-01-01 00:00:00,2024-02-23 09:00:00
USR-DTO-111,dist_mp_ind,$pbkdf2-sha256$29000$Qqg1xrjXes.ZsxbiPKeUEg$r7UrfPxEbAOow3P8OlYyIzrEK/NkG9Cw5veMyonYays,District Collector (Indore),DISTRICT_OFFICER,DISTRICT,MP,Madhya Pradesh,MP-IND,Indore,,ACTIVE,2024-01-01 00:00:00,2024-02-23 09:00:00
USR-DTO-112,dist_up_gbn,$pbkdf2-sha256$29000$Qqg1xrjXes.ZsxbiPKeUEg$r7UrfPxEbAOow3P8OlYyIzrEK/NkG9Cw5veMyonYays,District Collector (Gautam Buddha Nagar (Noida)),DISTRICT_OFFICER,DISTRICT,UP,Uttar Pradesh,UP-GBN,Gautam Buddha Nagar (Noida),,ACTIVE,2024-01-01 00:00:00,2024-02-23 09:00:00
USR-DTO-113,dist_ap_viz,$pbkdf2-sha256$29000$Qqg1xrjXes.ZsxbiPKeUEg$r7UrfPxEbAOow3P8OlYyIzrEK/NkG9Cw5veMyonYays,District Collector (Vizianagaram),DISTRICT_OFFICER,DISTRICT,AP,Andhra Pradesh,AP-VIZ,Vizianagaram,,ACTIVE,2024-01-01 00:00:00,2024-02-23 09:00:00
USR-DTO-114,dist_ts_wgl,$pbkdf2-sha256$29000$Qqg1xrjXes.ZsxbiPKeUEg$r7UrfPxEbAOow3P8OlYyIzrEK/NkG9Cw5veMyonYays,District Collector (Warangal),DISTRICT_OFFICER,DISTRICT,TS,Telangana,TS-WGL,Warangal,,ACTIVE,2024-01-01 00:00:00,2024-02-23 09:00:00
USR-PJM-001,pm_user,$pbkdf2-sha256$29000$ujeGEGKMkfL.n1MqZSxF6A$W0sEfaLZQ8cd02tix.pHlU6R3ssS.8PDNTh.yVoIeXM,Project Manager 1,PROJECT_MANAGER,PROJECT,,,,,"LG-TN-0042,LG-AP-0002,LG-AR-0003,LG-AS-0004,LG-BR-0005,LG-CG-0006,LG-GA-0007,LG-GJ-0008,LG-HR-0009,LG-HP-0010",ACTIVE,2024-01-01 00:00:00,2024-02-25 11:20:00
USR-PJM-002,pm_2,$pbkdf2-sha256$29000$ujeGEGKMkfL.n1MqZSxF6A$W0sEfaLZQ8cd02tix.pHlU6R3ssS.8PDNTh.yVoIeXM,Project Manager 2,PROJECT_MANAGER,PROJECT,,,,,"LG-JH-0011,LG-KA-0012,LG-KL-0013,LG-MP-0014,LG-MH-0015,LG-MN-0016,LG-ML-0017,LG-MZ-0018,LG-NL-0019,LG-OD-0020",ACTIVE,2024-01-01 00:00:00,2024-02-25 11:20:00
USR-PJM-003,pm_3,$pbkdf2-sha256$29000$ujeGEGKMkfL.n1MqZSxF6A$W0sEfaLZQ8cd02tix.pHlU6R3ssS.8PDNTh.yVoIeXM,Project Manager 3,PROJECT_MANAGER,PROJECT,,,,,"LG-PB-0021,LG-RJ-0022,LG-SK-0023,LG-TN-0024,LG-TS-0025,LG-TR-0026,LG-UP-0027,LG-UK-0028,LG-WB-0029,LG-AN-0030",ACTIVE,2024-01-01 00:00:00,2024-02-25 11:20:00
USR-PJM-004,pm_4,$pbkdf2-sha256$29000$ujeGEGKMkfL.n1MqZSxF6A$W0sEfaLZQ8cd02tix.pHlU6R3ssS.8PDNTh.yVoIeXM,Project Manager 4,PROJECT_MANAGER,PROJECT,,,,,"LG-CH-0031,LG-DH-0032,LG-DL-0033,LG-JK-0034,LG-LA-0035,LG-LD-0036,LG-PY-0037,LG-AP-0038,LG-AR-0039,LG-AS-0040",ACTIVE,2024-01-01 00:00:00,2024-02-25 11:20:00
USR-PJM-005,pm_5,$pbkdf2-sha256$29000$ujeGEGKMkfL.n1MqZSxF6A$W0sEfaLZQ8cd02tix.pHlU6R3ssS.8PDNTh.yVoIeXM,Project Manager 5,PROJECT_MANAGER,PROJECT,,,,,"LG-BR-0041,LG-CG-0042,LG-GA-0043,LG-GJ-0044,LG-HR-0045,LG-HP-0046,LG-JH-0047,LG-KA-0048,LG-KL-0049,LG-MP-0050",ACTIVE,2024-01-01 00:00:00,2024-02-25 11:20:00
USR-PJM-006,pm_6,$pbkdf2-sha256$29000$ujeGEGKMkfL.n1MqZSxF6A$W0sEfaLZQ8cd02tix.pHlU6R3ssS.8PDNTh.yVoIeXM,Project Manager 6,PROJECT_MANAGER,PROJECT,,,,,"LG-MH-0051,LG-MN-0052,LG-ML-0053,LG-MZ-0054,LG-NL-0055,LG-OD-0056,LG-PB-0057,LG-RJ-0058,LG-SK-0059,LG-TN-0060",ACTIVE,2024-01-01 00:00:00,2024-02-25 11:20:00
USR-PJM-007,pm_7,$pbkdf2-sha256$29000$ujeGEGKMkfL.n1MqZSxF6A$W0sEfaLZQ8cd02tix.pHlU6R3ssS.8PDNTh.yVoIeXM,Project Manager 7,PROJECT_MANAGER,PROJECT,,,,,"LG-TS-0061,LG-TR-0062,LG-UP-0063,LG-UK-0064,LG-WB-0065,LG-AN-0066,LG-CH-0067,LG-DH-0068,LG-DL-0069,LG-JK-0070",ACTIVE,2024-01-01 00:00:00,2024-02-25 11:20:00
USR-PJM-008,pm_8,$pbkdf2-sha256$29000$ujeGEGKMkfL.n1MqZSxF6A$W0sEfaLZQ8cd02tix.pHlU6R3ssS.8PDNTh.yVoIeXM,Project Manager 8,PROJECT_MANAGER,PROJECT,,,,,"LG-LA-0071,LG-LD-0072,LG-PY-0073,LG-AP-0074,LG-AR-0075,LG-AS-0076,LG-BR-0077,LG-CG-0078,LG-GA-0079,LG-GJ-0080",ACTIVE,2024-01-01 00:00:00,2024-02-25 11:20:00
USR-PJM-009,pm_9,$pbkdf2-sha256$29000$ujeGEGKMkfL.n1MqZSxF6A$W0sEfaLZQ8cd02tix.pHlU6R3ssS.8PDNTh.yVoIeXM,Project Manager 9,PROJECT_MANAGER,PROJECT,,,,,"LG-HR-0081,LG-HP-0082,LG-JH-0083,LG-KA-0084,LG-KL-0085,LG-MP-0086,LG-MH-0087,LG-MN-0088,LG-ML-0089,LG-MZ-0090",ACTIVE,2024-01-01 00:00:00,2024-02-25 11:20:00
USR-PJM-010,pm_10,$pbkdf2-sha256$29000$ujeGEGKMkfL.n1MqZSxF6A$W0sEfaLZQ8cd02tix.pHlU6R3ssS.8PDNTh.yVoIeXM,Project Manager 10,PROJECT_MANAGER,PROJECT,,,,,"LG-NL-0091,LG-OD-0092,LG-PB-0093,LG-RJ-0094,LG-SK-0095,LG-TN-0096,LG-TS-0097,LG-TR-0098,LG-UP-0099,LG-UK-0100",ACTIVE,2024-01-01 00:00:00,2024-02-25 11:20:00
USR-PJM-011,pm_11,$pbkdf2-sha256$29000$ujeGEGKMkfL.n1MqZSxF6A$W0sEfaLZQ8cd02tix.pHlU6R3ssS.8PDNTh.yVoIeXM,Project Manager 11,PROJECT_MANAGER,PROJECT,,,,,"LG-WB-0101,LG-AN-0102,LG-CH-0103,LG-DH-0104,LG-DL-0105,LG-JK-0106,LG-LA-0107,LG-LD-0108,LG-PY-0109,LG-AP-0110",ACTIVE,2024-01-01 00:00:00,2024-02-25 11:20:00
USR-PJM-012,pm_12,$pbkdf2-sha256$29000$ujeGEGKMkfL.n1MqZSxF6A$W0sEfaLZQ8cd02tix.pHlU6R3ssS.8PDNTh.yVoIeXM,Project Manager 12,PROJECT_MANAGER,PROJECT,,,,,"LG-AR-0111,LG-AS-0112,LG-BR-0113,LG-CG-0114,LG-GA-0115,LG-GJ-0116,LG-HR-0117,LG-HP-0118,LG-JH-0119,LG-KA-0120",ACTIVE,2024-01-01 00:00:00,2024-02-25 11:20:00
USR-PJM-013,pm_13,$pbkdf2-sha256$29000$ujeGEGKMkfL.n1MqZSxF6A$W0sEfaLZQ8cd02tix.pHlU6R3ssS.8PDNTh.yVoIeXM,Project Manager 13,PROJECT_MANAGER,PROJECT,,,,,"LG-KL-0121,LG-MP-0122,LG-MH-0123,LG-MN-0124,LG-ML-0125,LG-MZ-0126,LG-NL-0127,LG-OD-0128,LG-PB-0129,LG-RJ-0130",ACTIVE,2024-01-01 00:00:00,2024-02-25 11:20:00
USR-PJM-014,pm_14,$pbkdf2-sha256$29000$ujeGEGKMkfL.n1MqZSxF6A$W0sEfaLZQ8cd02tix.pHlU6R3ssS.8PDNTh.yVoIeXM,Project Manager 14,PROJECT_MANAGER,PROJECT,,,,,"LG-SK-0131,LG-TN-0132,LG-TS-0133,LG-TR-0134,LG-UP-0135,LG-UK-0136,LG-WB-0137,LG-AN-0138,LG-CH-0139,LG-DH-0140",ACTIVE,2024-01-01 00:00:00,2024-02-25 11:20:00
USR-PJM-015,pm_15,$pbkdf2-sha256$29000$ujeGEGKMkfL.n1MqZSxF6A$W0sEfaLZQ8cd02tix.pHlU6R3ssS.8PDNTh.yVoIeXM,Project Manager 15,PROJECT_MANAGER,PROJECT,,,,,"LG-DL-0141,LG-JK-0142,LG-LA-0143,LG-LD-0144,LG-PY-0145,LG-AP-0146,LG-AR-0147,LG-AS-0148,LG-BR-0149,LG-CG-0150",ACTIVE,2024-01-01 00:00:00,2024-02-25 11:20:00
USR-PJM-016,pm_16,$pbkdf2-sha256$29000$ujeGEGKMkfL.n1MqZSxF6A$W0sEfaLZQ8cd02tix.pHlU6R3ssS.8PDNTh.yVoIeXM,Project Manager 16,PROJECT_MANAGER,PROJECT,,,,,"LG-GA-0151,LG-GJ-0152,LG-HR-0153,LG-HP-0154,LG-JH-0155,LG-KA-0156,LG-KL-0157,LG-MP-0158,LG-MH-0159,LG-MN-0160",ACTIVE,2024-01-01 00:00:00,2024-02-25 11:20:00
USR-PJM-017,pm_17,$pbkdf2-sha256$29000$ujeGEGKMkfL.n1MqZSxF6A$W0sEfaLZQ8cd02tix.pHlU6R3ssS.8PDNTh.yVoIeXM,Project Manager 17,PROJECT_MANAGER,PROJECT,,,,,"LG-ML-0161,LG-MZ-0162,LG-NL-0163,LG-OD-0164,LG-PB-0165,LG-RJ-0166,LG-SK-0167,LG-TN-0168,LG-TS-0169,LG-TR-0170",ACTIVE,2024-01-01 00:00:00,2024-02-25 11:20:00
USR-PJM-018,pm_18,$pbkdf2-sha256$29000$ujeGEGKMkfL.n1MqZSxF6A$W0sEfaLZQ8cd02tix.pHlU6R3ssS.8PDNTh.yVoIeXM,Project Manager 18,PROJECT_MANAGER,PROJECT,,,,,"LG-UP-0171,LG-UK-0172,LG-WB-0173,LG-AN-0174,LG-CH-0175,LG-DH-0176,LG-DL-0177,LG-JK-0178,LG-LA-0179,LG-LD-0180",ACTIVE,2024-01-01 00:00:00,2024-02-25 11:20:00
USR-PJM-019,pm_19,$pbkdf2-sha256$29000$ujeGEGKMkfL.n1MqZSxF6A$W0sEfaLZQ8cd02tix.pHlU6R3ssS.8PDNTh.yVoIeXM,Project Manager 19,PROJECT_MANAGER,PROJECT,,,,,"LG-PY-0181,LG-AP-0182,LG-AR-0183,LG-AS-0184,LG-BR-0185,LG-CG-0186,LG-GA-0187,LG-GJ-0188,LG-HR-0189,LG-HP-0190",ACTIVE,2024-01-01 00:00:00,2024-02-25 11:20:00
USR-PJM-020,pm_20,$pbkdf2-sha256$29000$ujeGEGKMkfL.n1MqZSxF6A$W0sEfaLZQ8cd02tix.pHlU6R3ssS.8PDNTh.yVoIeXM,Project Manager 20,PROJECT_MANAGER,PROJECT,,,,,"LG-JH-0191,LG-KA-0192,LG-KL-0193,LG-MP-0194,LG-MH-0195,LG-MN-0196,LG-ML-0197,LG-MZ-0198,LG-NL-0199,LG-OD-0200",ACTIVE,2024-01-01 00:00:00,2024-02-25 11:20:00
USR-PJM-021,pm_21,$pbkdf2-sha256$29000$ujeGEGKMkfL.n1MqZSxF6A$W0sEfaLZQ8cd02tix.pHlU6R3ssS.8PDNTh.yVoIeXM,Project Manager 21,PROJECT_MANAGER,PROJECT,,,,,"LG-PB-0201,LG-RJ-0202,LG-SK-0203,LG-TN-0204,LG-TS-0205,LG-TR-0206,LG-UP-0207,LG-UK-0208,LG-WB-0209,LG-AN-0210",ACTIVE,2024-01-01 00:00:00,2024-02-25 11:20:00
USR-PJM-022,pm_22,$pbkdf2-sha256$29000$ujeGEGKMkfL.n1MqZSxF6A$W0sEfaLZQ8cd02tix.pHlU6R3ssS.8PDNTh.yVoIeXM,Project Manager 22,PROJECT_MANAGER,PROJECT,,,,,"LG-CH-0211,LG-DH-0212,LG-DL-0213,LG-JK-0214,LG-LA-0215,LG-LD-0216,LG-PY-0217,LG-AP-0218,LG-AR-0219,LG-AS-0220",ACTIVE,2024-01-01 00:00:00,2024-02-25 11:20:00
USR-PJM-023,pm_23,$pbkdf2-sha256$29000$ujeGEGKMkfL.n1MqZSxF6A$W0sEfaLZQ8cd02tix.pHlU6R3ssS.8PDNTh.yVoIeXM,Project Manager 23,PROJECT_MANAGER,PROJECT,,,,,"LG-BR-0221,LG-CG-0222,LG-GA-0223,LG-GJ-0224,LG-HR-0225,LG-HP-0226,LG-JH-0227,LG-KA-0228,LG-KL-0229,LG-MP-0230",ACTIVE,2024-01-01 00:00:00,2024-02-25 11:20:00
USR-PJM-024,pm_24,$pbkdf2-sha256$29000$ujeGEGKMkfL.n1MqZSxF6A$W0sEfaLZQ8cd02tix.pHlU6R3ssS.8PDNTh.yVoIeXM,Project Manager 24,PROJECT_MANAGER,PROJECT,,,,,"LG-MH-0231,LG-MN-0232,LG-ML-0233,LG-MZ-0234,LG-NL-0235,LG-OD-0236,LG-PB-0237,LG-RJ-0238,LG-SK-0239,LG-TN-0240",ACTIVE,2024-01-01 00:00:00,2024-02-25 11:20:00
USR-PJM-025,pm_25,$pbkdf2-sha256$29000$ujeGEGKMkfL.n1MqZSxF6A$W0sEfaLZQ8cd02tix.pHlU6R3ssS.8PDNTh.yVoIeXM,Project Manager 25,PROJECT_MANAGER,PROJECT,,,,,"LG-TS-0241,LG-TR-0242,LG-UP-0243,LG-UK-0244,LG-WB-0245,LG-AN-0246,LG-CH-0247,LG-DH-0248,LG-DL-0249,LG-JK-0250",ACTIVE,2024-01-01 00:00:00,2024-02-25 11:20:00
USR-PJM-026,pm_26,$pbkdf2-sha256$29000$ujeGEGKMkfL.n1MqZSxF6A$W0sEfaLZQ8cd02tix.pHlU6R3ssS.8PDNTh.yVoIeXM,Project Manager 26,PROJECT_MANAGER,PROJECT,,,,,"LG-LA-0251,LG-LD-0252,LG-PY-0253,LG-AP-0254,LG-AR-0255,LG-AS-0256,LG-BR-0257,LG-CG-0258,LG-GA-0259,LG-GJ-0260",ACTIVE,2024-01-01 00:00:00,2024-02-25 11:20:00
USR-PJM-027,pm_27,$pbkdf2-sha256$29000$ujeGEGKMkfL.n1MqZSxF6A$W0sEfaLZQ8cd02tix.pHlU6R3ssS.8PDNTh.yVoIeXM,Project Manager 27,PROJECT_MANAGER,PROJECT,,,,,"LG-HR-0261,LG-HP-0262,LG-JH-0263,LG-KA-0264,LG-KL-0265,LG-MP-0266,LG-MH-0267,LG-MN-0268,LG-ML-0269,LG-MZ-0270",ACTIVE,2024-01-01 00:00:00,2024-02-25 11:20:00
USR-PJM-028,pm_28,$pbkdf2-sha256$29000$ujeGEGKMkfL.n1MqZSxF6A$W0sEfaLZQ8cd02tix.pHlU6R3ssS.8PDNTh.yVoIeXM,Project Manager 28,PROJECT_MANAGER,PROJECT,,,,,"LG-NL-0271,LG-OD-0272,LG-PB-0273,LG-RJ-0274,LG-SK-0275,LG-TN-0276,LG-TS-0277,LG-TR-0278,LG-UP-0279,LG-UK-0280",ACTIVE,2024-01-01 00:00:00,2024-02-25 11:20:00
USR-PJM-029,pm_29,$pbkdf2-sha256$29000$ujeGEGKMkfL.n1MqZSxF6A$W0sEfaLZQ8cd02tix.pHlU6R3ssS.8PDNTh.yVoIeXM,Project Manager 29,PROJECT_MANAGER,PROJECT,,,,,"LG-WB-0281,LG-AN-0282,LG-CH-0283,LG-DH-0284,LG-DL-0285,LG-JK-0286,LG-LA-0287,LG-LD-0288,LG-PY-0289,LG-AP-0290",ACTIVE,2024-01-01 00:00:00,2024-02-25 11:20:00
USR-PJM-030,pm_30,$pbkdf2-sha256$29000$ujeGEGKMkfL.n1MqZSxF6A$W0sEfaLZQ8cd02tix.pHlU6R3ssS.8PDNTh.yVoIeXM,Project Manager 30,PROJECT_MANAGER,PROJECT,,,,,"LG-AR-0291,LG-AS-0292,LG-BR-0293,LG-CG-0294,LG-GA-0295,LG-GJ-0296,LG-HR-0297,LG-HP-0298,LG-JH-0299,LG-KA-0300",ACTIVE,2024-01-01 00:00:00,2024-02-25 11:20:00
USR-PJM-031,pm_31,$pbkdf2-sha256$29000$ujeGEGKMkfL.n1MqZSxF6A$W0sEfaLZQ8cd02tix.pHlU6R3ssS.8PDNTh.yVoIeXM,Project Manager 31,PROJECT_MANAGER,PROJECT,,,,,"LG-KL-0301,LG-MP-0302,LG-MH-0303,LG-MN-0304,LG-ML-0305,LG-MZ-0306,LG-NL-0307,LG-OD-0308,LG-PB-0309,LG-RJ-0310",ACTIVE,2024-01-01 00:00:00,2024-02-25 11:20:00
USR-PJM-032,pm_32,$pbkdf2-sha256$29000$ujeGEGKMkfL.n1MqZSxF6A$W0sEfaLZQ8cd02tix.pHlU6R3ssS.8PDNTh.yVoIeXM,Project Manager 32,PROJECT_MANAGER,PROJECT,,,,,"LG-SK-0311,LG-TN-0312,LG-TS-0313,LG-TR-0314,LG-UP-0315,LG-UK-0316,LG-WB-0317,LG-AN-0318,LG-CH-0319,LG-DH-0320",ACTIVE,2024-01-01 00:00:00,2024-02-25 11:20:00
USR-PJM-033,pm_33,$pbkdf2-sha256$29000$ujeGEGKMkfL.n1MqZSxF6A$W0sEfaLZQ8cd02tix.pHlU6R3ssS.8PDNTh.yVoIeXM,Project Manager 33,PROJECT_MANAGER,PROJECT,,,,,"LG-DL-0321,LG-JK-0322,LG-LA-0323,LG-LD-0324,LG-PY-0325,LG-AP-0326,LG-AR-0327,LG-AS-0328,LG-BR-0329,LG-CG-0330",ACTIVE,2024-01-01 00:00:00,2024-02-25 11:20:00
USR-PJM-034,pm_34,$pbkdf2-sha256$29000$ujeGEGKMkfL.n1MqZSxF6A$W0sEfaLZQ8cd02tix.pHlU6R3ssS.8PDNTh.yVoIeXM,Project Manager 34,PROJECT_MANAGER,PROJECT,,,,,"LG-GA-0331,LG-GJ-0332,LG-HR-0333,LG-HP-0334,LG-JH-0335,LG-KA-0336,LG-KL-0337,LG-MP-0338,LG-MH-0339,LG-MN-0340",ACTIVE,2024-01-01 00:00:00,2024-02-25 11:20:00
USR-PJM-035,pm_35,$pbkdf2-sha256$29000$ujeGEGKMkfL.n1MqZSxF6A$W0sEfaLZQ8cd02tix.pHlU6R3ssS.8PDNTh.yVoIeXM,Project Manager 35,PROJECT_MANAGER,PROJECT,,,,,"LG-ML-0341,LG-MZ-0342,LG-NL-0343,LG-OD-0344,LG-PB-0345,LG-RJ-0346,LG-SK-0347,LG-TN-0348,LG-TS-0349,LG-TR-0350",ACTIVE,2024-01-01 00:00:00,2024-02-25 11:20:00
USR-PJM-036,pm_36,$pbkdf2-sha256$29000$ujeGEGKMkfL.n1MqZSxF6A$W0sEfaLZQ8cd02tix.pHlU6R3ssS.8PDNTh.yVoIeXM,Project Manager 36,PROJECT_MANAGER,PROJECT,,,,,"LG-UP-0351,LG-UK-0352,LG-WB-0353,LG-AN-0354,LG-CH-0355,LG-DH-0356,LG-DL-0357,LG-JK-0358,LG-LA-0359,LG-LD-0360",ACTIVE,2024-01-01 00:00:00,2024-02-25 11:20:00
USR-PJM-037,pm_37,$pbkdf2-sha256$29000$ujeGEGKMkfL.n1MqZSxF6A$W0sEfaLZQ8cd02tix.pHlU6R3ssS.8PDNTh.yVoIeXM,Project Manager 37,PROJECT_MANAGER,PROJECT,,,,,"LG-PY-0361,LG-AP-0362,LG-AR-0363,LG-AS-0364,LG-BR-0365,LG-CG-0366,LG-GA-0367,LG-GJ-0368,LG-HR-0369,LG-HP-0370",ACTIVE,2024-01-01 00:00:00,2024-02-25 11:20:00
USR-PJM-038,pm_38,$pbkdf2-sha256$29000$ujeGEGKMkfL.n1MqZSxF6A$W0sEfaLZQ8cd02tix.pHlU6R3ssS.8PDNTh.yVoIeXM,Project Manager 38,PROJECT_MANAGER,PROJECT,,,,,"LG-JH-0371,LG-KA-0372,LG-KL-0373,LG-MP-0374,LG-MH-0375,LG-MN-0376,LG-ML-0377,LG-MZ-0378,LG-NL-0379,LG-OD-0380",ACTIVE,2024-01-01 00:00:00,2024-02-25 11:20:00
USR-PJM-039,pm_39,$pbkdf2-sha256$29000$ujeGEGKMkfL.n1MqZSxF6A$W0sEfaLZQ8cd02tix.pHlU6R3ssS.8PDNTh.yVoIeXM,Project Manager 39,PROJECT_MANAGER,PROJECT,,,,,"LG-PB-0381,LG-RJ-0382,LG-SK-0383,LG-TN-0384,LG-TS-0385,LG-TR-0386,LG-UP-0387,LG-UK-0388,LG-WB-0389,LG-AN-0390",ACTIVE,2024-01-01 00:00:00,2024-02-25 11:20:00
USR-PJM-040,pm_40,$pbkdf2-sha256$29000$ujeGEGKMkfL.n1MqZSxF6A$W0sEfaLZQ8cd02tix.pHlU6R3ssS.8PDNTh.yVoIeXM,Project Manager 40,PROJECT_MANAGER,PROJECT,,,,,"LG-CH-0391,LG-DH-0392,LG-DL-0393,LG-JK-0394,LG-LA-0395,LG-LD-0396,LG-PY-0397,LG-AP-0398,LG-AR-0399,LG-AS-0400",ACTIVE,2024-01-01 00:00:00,2024-02-25 11:20:00
USR-PJM-041,pm_41,$pbkdf2-sha256$29000$ujeGEGKMkfL.n1MqZSxF6A$W0sEfaLZQ8cd02tix.pHlU6R3ssS.8PDNTh.yVoIeXM,Project Manager 41,PROJECT_MANAGER,PROJECT,,,,,"LG-BR-0401,LG-CG-0402,LG-GA-0403,LG-GJ-0404,LG-HR-0405,LG-HP-0406,LG-JH-0407,LG-KA-0408,LG-KL-0409,LG-MP-0410",ACTIVE,2024-01-01 00:00:00,2024-02-25 11:20:00
USR-PJM-042,pm_42,$pbkdf2-sha256$29000$ujeGEGKMkfL.n1MqZSxF6A$W0sEfaLZQ8cd02tix.pHlU6R3ssS.8PDNTh.yVoIeXM,Project Manager 42,PROJECT_MANAGER,PROJECT,,,,,"LG-MH-0411,LG-MN-0412,LG-ML-0413,LG-MZ-0414,LG-NL-0415,LG-OD-0416,LG-PB-0417,LG-RJ-0418,LG-SK-0419,LG-TN-0420",ACTIVE,2024-01-01 00:00:00,2024-02-25 11:20:00
USR-PJM-043,pm_43,$pbkdf2-sha256$29000$ujeGEGKMkfL.n1MqZSxF6A$W0sEfaLZQ8cd02tix.pHlU6R3ssS.8PDNTh.yVoIeXM,Project Manager 43,PROJECT_MANAGER,PROJECT,,,,,"LG-TS-0421,LG-TR-0422,LG-UP-0423,LG-UK-0424,LG-WB-0425,LG-AN-0426,LG-CH-0427,LG-DH-0428,LG-DL-0429,LG-JK-0430",ACTIVE,2024-01-01 00:00:00,2024-02-25 11:20:00
USR-PJM-044,pm_44,$pbkdf2-sha256$29000$ujeGEGKMkfL.n1MqZSxF6A$W0sEfaLZQ8cd02tix.pHlU6R3ssS.8PDNTh.yVoIeXM,Project Manager 44,PROJECT_MANAGER,PROJECT,,,,,"LG-LA-0431,LG-LD-0432,LG-PY-0433,LG-AP-0434,LG-AR-0435,LG-AS-0436,LG-BR-0437,LG-CG-0438,LG-GA-0439,LG-GJ-0440",ACTIVE,2024-01-01 00:00:00,2024-02-25 11:20:00
USR-PJM-045,pm_45,$pbkdf2-sha256$29000$ujeGEGKMkfL.n1MqZSxF6A$W0sEfaLZQ8cd02tix.pHlU6R3ssS.8PDNTh.yVoIeXM,Project Manager 45,PROJECT_MANAGER,PROJECT,,,,,"LG-HR-0441,LG-HP-0442,LG-JH-0443,LG-KA-0444,LG-KL-0445,LG-MP-0446,LG-MH-0447,LG-MN-0448,LG-ML-0449,LG-MZ-0450",ACTIVE,2024-01-01 00:00:00,2024-02-25 11:20:00
USR-PJM-046,pm_46,$pbkdf2-sha256$29000$ujeGEGKMkfL.n1MqZSxF6A$W0sEfaLZQ8cd02tix.pHlU6R3ssS.8PDNTh.yVoIeXM,Project Manager 46,PROJECT_MANAGER,PROJECT,,,,,"LG-NL-0451,LG-OD-0452,LG-PB-0453,LG-RJ-0454,LG-SK-0455,LG-TN-0456,LG-TS-0457,LG-TR-0458,LG-UP-0459,LG-UK-0460",ACTIVE,2024-01-01 00:00:00,2024-02-25 11:20:00
USR-PJM-047,pm_47,$pbkdf2-sha256$29000$ujeGEGKMkfL.n1MqZSxF6A$W0sEfaLZQ8cd02tix.pHlU6R3ssS.8PDNTh.yVoIeXM,Project Manager 47,PROJECT_MANAGER,PROJECT,,,,,"LG-WB-0461,LG-AN-0462,LG-CH-0463,LG-DH-0464,LG-DL-0465,LG-JK-0466,LG-LA-0467,LG-LD-0468,LG-PY-0469,LG-AP-0470",ACTIVE,2024-01-01 00:00:00,2024-02-25 11:20:00
USR-PJM-048,pm_48,$pbkdf2-sha256$29000$ujeGEGKMkfL.n1MqZSxF6A$W0sEfaLZQ8cd02tix.pHlU6R3ssS.8PDNTh.yVoIeXM,Project Manager 48,PROJECT_MANAGER,PROJECT,,,,,"LG-AR-0471,LG-AS-0472,LG-BR-0473,LG-CG-0474,LG-GA-0475,LG-GJ-0476,LG-HR-0477,LG-HP-0478,LG-JH-0479,LG-KA-0480",ACTIVE,2024-01-01 00:00:00,2024-02-25 11:20:00
USR-PJM-049,pm_49,$pbkdf2-sha256$29000$ujeGEGKMkfL.n1MqZSxF6A$W0sEfaLZQ8cd02tix.pHlU6R3ssS.8PDNTh.yVoIeXM,Project Manager 49,PROJECT_MANAGER,PROJECT,,,,,"LG-KL-0481,LG-MP-0482,LG-MH-0483,LG-MN-0484,LG-ML-0485,LG-MZ-0486,LG-NL-0487,LG-OD-0488,LG-PB-0489,LG-RJ-0490",ACTIVE,2024-01-01 00:00:00,2024-02-25 11:20:00
USR-PJM-050,pm_50,$pbkdf2-sha256$29000$ujeGEGKMkfL.n1MqZSxF6A$W0sEfaLZQ8cd02tix.pHlU6R3ssS.8PDNTh.yVoIeXM,Project Manager 50,PROJECT_MANAGER,PROJECT,,,,,"LG-SK-0491,LG-TN-0492,LG-TS-0493,LG-TR-0494,LG-UP-0495,LG-UK-0496,LG-WB-0497,LG-AN-0498,LG-CH-0499,LG-DH-0500",ACTIVE,2024-01-01 00:00:00,2024-02-25 11:20:00
USR-PJM-051,pm_51,$pbkdf2-sha256$29000$ujeGEGKMkfL.n1MqZSxF6A$W0sEfaLZQ8cd02tix.pHlU6R3ssS.8PDNTh.yVoIeXM,Project Manager 51,PROJECT_MANAGER,PROJECT,,,,,"LG-DL-0501,LG-JK-0502,LG-LA-0503,LG-LD-0504,LG-PY-0505,LG-AP-0506,LG-AR-0507,LG-AS-0508,LG-BR-0509,LG-CG-0510",ACTIVE,2024-01-01 00:00:00,2024-02-25 11:20:00
USR-PJM-052,pm_52,$pbkdf2-sha256$29000$ujeGEGKMkfL.n1MqZSxF6A$W0sEfaLZQ8cd02tix.pHlU6R3ssS.8PDNTh.yVoIeXM,Project Manager 52,PROJECT_MANAGER,PROJECT,,,,,"LG-GA-0511,LG-GJ-0512,LG-HR-0513,LG-HP-0514,LG-JH-0515,LG-KA-0516,LG-KL-0517,LG-MP-0518,LG-MH-0519,LG-MN-0520",ACTIVE,2024-01-01 00:00:00,2024-02-25 11:20:00
USR-PJM-053,pm_53,$pbkdf2-sha256$29000$ujeGEGKMkfL.n1MqZSxF6A$W0sEfaLZQ8cd02tix.pHlU6R3ssS.8PDNTh.yVoIeXM,Project Manager 53,PROJECT_MANAGER,PROJECT,,,,,"LG-ML-0521,LG-MZ-0522,LG-NL-0523,LG-OD-0524,LG-PB-0525,LG-RJ-0526,LG-SK-0527,LG-TN-0528,LG-TS-0529,LG-TR-0530",ACTIVE,2024-01-01 00:00:00,2024-02-25 11:20:00
USR-PJM-054,pm_54,$pbkdf2-sha256$29000$ujeGEGKMkfL.n1MqZSxF6A$W0sEfaLZQ8cd02tix.pHlU6R3ssS.8PDNTh.yVoIeXM,Project Manager 54,PROJECT_MANAGER,PROJECT,,,,,"LG-UP-0531,LG-UK-0532,LG-WB-0533,LG-AN-0534,LG-CH-0535,LG-DH-0536,LG-DL-0537,LG-JK-0538,LG-LA-0539,LG-LD-0540",ACTIVE,2024-01-01 00:00:00,2024-02-25 11:20:00
USR-PJM-055,pm_55,$pbkdf2-sha256$29000$ujeGEGKMkfL.n1MqZSxF6A$W0sEfaLZQ8cd02tix.pHlU6R3ssS.8PDNTh.yVoIeXM,Project Manager 55,PROJECT_MANAGER,PROJECT,,,,,"LG-PY-0541,LG-AP-0542,LG-AR-0543,LG-AS-0544,LG-BR-0545,LG-CG-0546,LG-GA-0547,LG-GJ-0548,LG-HR-0549,LG-HP-0550",ACTIVE,2024-01-01 00:00:00,2024-02-25 11:20:00
USR-PJM-056,pm_56,$pbkdf2-sha256$29000$ujeGEGKMkfL.n1MqZSxF6A$W0sEfaLZQ8cd02tix.pHlU6R3ssS.8PDNTh.yVoIeXM,Project Manager 56,PROJECT_MANAGER,PROJECT,,,,,"LG-JH-0551,LG-KA-0552,LG-KL-0553,LG-MP-0554,LG-MH-0555,LG-MN-0556,LG-ML-0557,LG-MZ-0558,LG-NL-0559,LG-OD-0560",ACTIVE,2024-01-01 00:00:00,2024-02-25 11:20:00
USR-PJM-057,pm_57,$pbkdf2-sha256$29000$ujeGEGKMkfL.n1MqZSxF6A$W0sEfaLZQ8cd02tix.pHlU6R3ssS.8PDNTh.yVoIeXM,Project Manager 57,PROJECT_MANAGER,PROJECT,,,,,"LG-PB-0561,LG-RJ-0562,LG-SK-0563,LG-TN-0564,LG-TS-0565,LG-TR-0566,LG-UP-0567,LG-UK-0568,LG-WB-0569,LG-AN-0570",ACTIVE,2024-01-01 00:00:00,2024-02-25 11:20:00
USR-PJM-058,pm_58,$pbkdf2-sha256$29000$ujeGEGKMkfL.n1MqZSxF6A$W0sEfaLZQ8cd02tix.pHlU6R3ssS.8PDNTh.yVoIeXM,Project Manager 58,PROJECT_MANAGER,PROJECT,,,,,"LG-CH-0571,LG-DH-0572,LG-DL-0573,LG-JK-0574,LG-LA-0575,LG-LD-0576,LG-PY-0577,LG-AP-0578,LG-AR-0579,LG-AS-0580",ACTIVE,2024-01-01 00:00:00,2024-02-25 11:20:00
USR-PJM-059,pm_59,$pbkdf2-sha256$29000$ujeGEGKMkfL.n1MqZSxF6A$W0sEfaLZQ8cd02tix.pHlU6R3ssS.8PDNTh.yVoIeXM,Project Manager 59,PROJECT_MANAGER,PROJECT,,,,,"LG-BR-0581,LG-CG-0582,LG-GA-0583,LG-GJ-0584,LG-HR-0585,LG-HP-0586,LG-JH-0587,LG-KA-0588,LG-KL-0589,LG-MP-0590",ACTIVE,2024-01-01 00:00:00,2024-02-25 11:20:00
USR-PJM-060,pm_60,$pbkdf2-sha256$29000$ujeGEGKMkfL.n1MqZSxF6A$W0sEfaLZQ8cd02tix.pHlU6R3ssS.8PDNTh.yVoIeXM,Project Manager 60,PROJECT_MANAGER,PROJECT,,,,,"LG-MH-0591,LG-MN-0592,LG-ML-0593,LG-MZ-0594,LG-NL-0595,LG-OD-0596,LG-PB-0597,LG-RJ-0598,LG-SK-0599,LG-TN-0600",ACTIVE,2024-01-01 00:00:00,2024-02-25 11:20:00
USR-PJM-061,pm_61,$pbkdf2-sha256$29000$ujeGEGKMkfL.n1MqZSxF6A$W0sEfaLZQ8cd02tix.pHlU6R3ssS.8PDNTh.yVoIeXM,Project Manager 61,PROJECT_MANAGER,PROJECT,,,,,"LG-TS-0601,LG-TR-0602,LG-UP-0603,LG-UK-0604,LG-WB-0605,LG-AN-0606,LG-CH-0607,LG-DH-0608,LG-DL-0609,LG-JK-0610",ACTIVE,2024-01-01 00:00:00,2024-02-25 11:20:00
USR-PJM-062,pm_62,$pbkdf2-sha256$29000$ujeGEGKMkfL.n1MqZSxF6A$W0sEfaLZQ8cd02tix.pHlU6R3ssS.8PDNTh.yVoIeXM,Project Manager 62,PROJECT_MANAGER,PROJECT,,,,,"LG-LA-0611,LG-LD-0612,LG-PY-0613,LG-AP-0614,LG-AR-0615,LG-AS-0616,LG-BR-0617,LG-CG-0618,LG-GA-0619,LG-GJ-0620",ACTIVE,2024-01-01 00:00:00,2024-02-25 11:20:00
USR-PJM-063,pm_63,$pbkdf2-sha256$29000$ujeGEGKMkfL.n1MqZSxF6A$W0sEfaLZQ8cd02tix.pHlU6R3ssS.8PDNTh.yVoIeXM,Project Manager 63,PROJECT_MANAGER,PROJECT,,,,,"LG-HR-0621,LG-HP-0622,LG-JH-0623,LG-KA-0624,LG-KL-0625,LG-MP-0626,LG-MH-0627,LG-MN-0628,LG-ML-0629,LG-MZ-0630",ACTIVE,2024-01-01 00:00:00,2024-02-25 11:20:00
USR-PJM-064,pm_64,$pbkdf2-sha256$29000$ujeGEGKMkfL.n1MqZSxF6A$W0sEfaLZQ8cd02tix.pHlU6R3ssS.8PDNTh.yVoIeXM,Project Manager 64,PROJECT_MANAGER,PROJECT,,,,,"LG-NL-0631,LG-OD-0632,LG-PB-0633,LG-RJ-0634,LG-SK-0635,LG-TN-0636,LG-TS-0637,LG-TR-0638,LG-UP-0639,LG-UK-0640",ACTIVE,2024-01-01 00:00:00,2024-02-25 11:20:00
USR-PJM-065,pm_65,$pbkdf2-sha256$29000$ujeGEGKMkfL.n1MqZSxF6A$W0sEfaLZQ8cd02tix.pHlU6R3ssS.8PDNTh.yVoIeXM,Project Manager 65,PROJECT_MANAGER,PROJECT,,,,,"LG-WB-0641,LG-AN-0642,LG-CH-0643,LG-DH-0644,LG-DL-0645,LG-JK-0646,LG-LA-0647,LG-LD-0648,LG-PY-0649,LG-AP-0650",ACTIVE,2024-01-01 00:00:00,2024-02-25 11:20:00
USR-PJM-066,pm_66,$pbkdf2-sha256$29000$ujeGEGKMkfL.n1MqZSxF6A$W0sEfaLZQ8cd02tix.pHlU6R3ssS.8PDNTh.yVoIeXM,Project Manager 66,PROJECT_MANAGER,PROJECT,,,,,"LG-AR-0651,LG-AS-0652,LG-BR-0653,LG-CG-0654,LG-GA-0655,LG-GJ-0656,LG-HR-0657,LG-HP-0658,LG-JH-0659,LG-KA-0660",ACTIVE,2024-01-01 00:00:00,2024-02-25 11:20:00
USR-PJM-067,pm_67,$pbkdf2-sha256$29000$ujeGEGKMkfL.n1MqZSxF6A$W0sEfaLZQ8cd02tix.pHlU6R3ssS.8PDNTh.yVoIeXM,Project Manager 67,PROJECT_MANAGER,PROJECT,,,,,"LG-KL-0661,LG-MP-0662,LG-MH-0663,LG-MN-0664,LG-ML-0665,LG-MZ-0666,LG-NL-0667,LG-OD-0668,LG-PB-0669,LG-RJ-0670",ACTIVE,2024-01-01 00:00:00,2024-02-25 11:20:00
USR-PJM-068,pm_68,$pbkdf2-sha256$29000$ujeGEGKMkfL.n1MqZSxF6A$W0sEfaLZQ8cd02tix.pHlU6R3ssS.8PDNTh.yVoIeXM,Project Manager 68,PROJECT_MANAGER,PROJECT,,,,,"LG-SK-0671,LG-TN-0672,LG-TS-0673,LG-TR-0674,LG-UP-0675,LG-UK-0676,LG-WB-0677,LG-AN-0678,LG-CH-0679,LG-DH-0680",ACTIVE,2024-01-01 00:00:00,2024-02-25 11:20:00
USR-PJM-069,pm_69,$pbkdf2-sha256$29000$ujeGEGKMkfL.n1MqZSxF6A$W0sEfaLZQ8cd02tix.pHlU6R3ssS.8PDNTh.yVoIeXM,Project Manager 69,PROJECT_MANAGER,PROJECT,,,,,"LG-DL-0681,LG-JK-0682,LG-LA-0683,LG-LD-0684,LG-PY-0685,LG-AP-0686,LG-AR-0687,LG-AS-0688,LG-BR-0689,LG-CG-0690",ACTIVE,2024-01-01 00:00:00,2024-02-25 11:20:00
USR-PJM-070,pm_70,$pbkdf2-sha256$29000$ujeGEGKMkfL.n1MqZSxF6A$W0sEfaLZQ8cd02tix.pHlU6R3ssS.8PDNTh.yVoIeXM,Project Manager 70,PROJECT_MANAGER,PROJECT,,,,,"LG-GA-0691,LG-GJ-0692,LG-HR-0693,LG-HP-0694,LG-JH-0695,LG-KA-0696,LG-KL-0697,LG-MP-0698,LG-MH-0699,LG-MN-0700",ACTIVE,2024-01-01 00:00:00,2024-02-25 11:20:00
USR-PJM-071,pm_71,$pbkdf2-sha256$29000$ujeGEGKMkfL.n1MqZSxF6A$W0sEfaLZQ8cd02tix.pHlU6R3ssS.8PDNTh.yVoIeXM,Project Manager 71,PROJECT_MANAGER,PROJECT,,,,,"LG-ML-0701,LG-MZ-0702,LG-NL-0703,LG-OD-0704,LG-PB-0705,LG-RJ-0706,LG-SK-0707,LG-TN-0708,LG-TS-0709,LG-TR-0710",ACTIVE,2024-01-01 00:00:00,2024-02-25 11:20:00
USR-PJM-072,pm_72,$pbkdf2-sha256$29000$ujeGEGKMkfL.n1MqZSxF6A$W0sEfaLZQ8cd02tix.pHlU6R3ssS.8PDNTh.yVoIeXM,Project Manager 72,PROJECT_MANAGER,PROJECT,,,,,"LG-UP-0711,LG-UK-0712,LG-WB-0713,LG-AN-0714,LG-CH-0715,LG-DH-0716,LG-DL-0717,LG-JK-0718,LG-LA-0719,LG-LD-0720",ACTIVE,2024-01-01 00:00:00,2024-02-25 11:20:00
USR-PJM-073,pm_73,$pbkdf2-sha256$29000$ujeGEGKMkfL.n1MqZSxF6A$W0sEfaLZQ8cd02tix.pHlU6R3ssS.8PDNTh.yVoIeXM,Project Manager 73,PROJECT_MANAGER,PROJECT,,,,,"LG-PY-0721,LG-AP-0722,LG-AR-0723,LG-AS-0724,LG-BR-0725,LG-CG-0726,LG-GA-0727,LG-GJ-0728,LG-HR-0729,LG-HP-0730",ACTIVE,2024-01-01 00:00:00,2024-02-25 11:20:00
USR-PJM-074,pm_74,$pbkdf2-sha256$29000$ujeGEGKMkfL.n1MqZSxF6A$W0sEfaLZQ8cd02tix.pHlU6R3ssS.8PDNTh.yVoIeXM,Project Manager 74,PROJECT_MANAGER,PROJECT,,,,,"LG-JH-0731,LG-KA-0732,LG-KL-0733,LG-MP-0734,LG-MH-0735,LG-MN-0736,LG-ML-0737,LG-MZ-0738,LG-NL-0739,LG-OD-0740",ACTIVE,2024-01-01 00:00:00,2024-02-25 11:20:00
USR-PJM-075,pm_75,$pbkdf2-sha256$29000$ujeGEGKMkfL.n1MqZSxF6A$W0sEfaLZQ8cd02tix.pHlU6R3ssS.8PDNTh.yVoIeXM,Project Manager 75,PROJECT_MANAGER,PROJECT,,,,,"LG-PB-0741,LG-RJ-0742,LG-SK-0743,LG-TN-0744,LG-TS-0745,LG-TR-0746,LG-UP-0747,LG-UK-0748,LG-WB-0749,LG-AN-0750",ACTIVE,2024-01-01 00:00:00,2024-02-25 11:20:00
USR-PJM-076,pm_76,$pbkdf2-sha256$29000$ujeGEGKMkfL.n1MqZSxF6A$W0sEfaLZQ8cd02tix.pHlU6R3ssS.8PDNTh.yVoIeXM,Project Manager 76,PROJECT_MANAGER,PROJECT,,,,,"LG-CH-0751,LG-DH-0752,LG-DL-0753,LG-JK-0754,LG-LA-0755,LG-LD-0756,LG-PY-0757,LG-AP-0758,LG-AR-0759,LG-AS-0760",ACTIVE,2024-01-01 00:00:00,2024-02-25 11:20:00
USR-PJM-077,pm_77,$pbkdf2-sha256$29000$ujeGEGKMkfL.n1MqZSxF6A$W0sEfaLZQ8cd02tix.pHlU6R3ssS.8PDNTh.yVoIeXM,Project Manager 77,PROJECT_MANAGER,PROJECT,,,,,"LG-BR-0761,LG-CG-0762,LG-GA-0763,LG-GJ-0764,LG-HR-0765,LG-HP-0766,LG-JH-0767,LG-KA-0768,LG-KL-0769,LG-MP-0770",ACTIVE,2024-01-01 00:00:00,2024-02-25 11:20:00
USR-PJM-078,pm_78,$pbkdf2-sha256$29000$ujeGEGKMkfL.n1MqZSxF6A$W0sEfaLZQ8cd02tix.pHlU6R3ssS.8PDNTh.yVoIeXM,Project Manager 78,PROJECT_MANAGER,PROJECT,,,,,"LG-MH-0771,LG-MN-0772,LG-ML-0773,LG-MZ-0774,LG-NL-0775,LG-OD-0776,LG-PB-0777,LG-RJ-0778,LG-SK-0779,LG-TN-0780",ACTIVE,2024-01-01 00:00:00,2024-02-25 11:20:00
USR-PJM-079,pm_79,$pbkdf2-sha256$29000$ujeGEGKMkfL.n1MqZSxF6A$W0sEfaLZQ8cd02tix.pHlU6R3ssS.8PDNTh.yVoIeXM,Project Manager 79,PROJECT_MANAGER,PROJECT,,,,,"LG-TS-0781,LG-TR-0782,LG-UP-0783,LG-UK-0784,LG-WB-0785,LG-AN-0786,LG-CH-0787,LG-DH-0788,LG-DL-0789,LG-JK-0790",ACTIVE,2024-01-01 00:00:00,2024-02-25 11:20:00
USR-PJM-080,pm_80,$pbkdf2-sha256$29000$ujeGEGKMkfL.n1MqZSxF6A$W0sEfaLZQ8cd02tix.pHlU6R3ssS.8PDNTh.yVoIeXM,Project Manager 80,PROJECT_MANAGER,PROJECT,,,,,"LG-LA-0791,LG-LD-0792,LG-PY-0793,LG-AP-0794,LG-AR-0795,LG-AS-0796,LG-BR-0797,LG-CG-0798,LG-GA-0799,LG-GJ-0800",ACTIVE,2024-01-01 00:00:00,2024-02-25 11:20:00
USR-PJM-081,pm_81,$pbkdf2-sha256$29000$ujeGEGKMkfL.n1MqZSxF6A$W0sEfaLZQ8cd02tix.pHlU6R3ssS.8PDNTh.yVoIeXM,Project Manager 81,PROJECT_MANAGER,PROJECT,,,,,"LG-HR-0801,LG-HP-0802,LG-JH-0803,LG-KA-0804,LG-KL-0805,LG-MP-0806,LG-MH-0807,LG-MN-0808,LG-ML-0809,LG-MZ-0810",ACTIVE,2024-01-01 00:00:00,2024-02-25 11:20:00
USR-PJM-082,pm_82,$pbkdf2-sha256$29000$ujeGEGKMkfL.n1MqZSxF6A$W0sEfaLZQ8cd02tix.pHlU6R3ssS.8PDNTh.yVoIeXM,Project Manager 82,PROJECT_MANAGER,PROJECT,,,,,"LG-NL-0811,LG-OD-0812,LG-PB-0813,LG-RJ-0814,LG-SK-0815,LG-TN-0816,LG-TS-0817,LG-TR-0818,LG-UP-0819,LG-UK-0820",ACTIVE,2024-01-01 00:00:00,2024-02-25 11:20:00
USR-PJM-083,pm_83,$pbkdf2-sha256$29000$ujeGEGKMkfL.n1MqZSxF6A$W0sEfaLZQ8cd02tix.pHlU6R3ssS.8PDNTh.yVoIeXM,Project Manager 83,PROJECT_MANAGER,PROJECT,,,,,"LG-WB-0821,LG-AN-0822,LG-CH-0823,LG-DH-0824,LG-DL-0825,LG-JK-0826,LG-LA-0827,LG-LD-0828,LG-PY-0829,LG-AP-0830",ACTIVE,2024-01-01 00:00:00,2024-02-25 11:20:00
USR-PJM-084,pm_84,$pbkdf2-sha256$29000$ujeGEGKMkfL.n1MqZSxF6A$W0sEfaLZQ8cd02tix.pHlU6R3ssS.8PDNTh.yVoIeXM,Project Manager 84,PROJECT_MANAGER,PROJECT,,,,,"LG-AR-0831,LG-AS-0832,LG-BR-0833,LG-CG-0834,LG-GA-0835,LG-GJ-0836,LG-HR-0837,LG-HP-0838,LG-JH-0839,LG-KA-0840",ACTIVE,2024-01-01 00:00:00,2024-02-25 11:20:00
USR-PJM-085,pm_85,$pbkdf2-sha256$29000$ujeGEGKMkfL.n1MqZSxF6A$W0sEfaLZQ8cd02tix.pHlU6R3ssS.8PDNTh.yVoIeXM,Project Manager 85,PROJECT_MANAGER,PROJECT,,,,,"LG-KL-0841,LG-MP-0842,LG-MH-0843,LG-MN-0844,LG-ML-0845,LG-MZ-0846,LG-NL-0847,LG-OD-0848,LG-PB-0849,LG-RJ-0850",ACTIVE,2024-01-01 00:00:00,2024-02-25 11:20:00
USR-PJM-086,pm_86,$pbkdf2-sha256$29000$ujeGEGKMkfL.n1MqZSxF6A$W0sEfaLZQ8cd02tix.pHlU6R3ssS.8PDNTh.yVoIeXM,Project Manager 86,PROJECT_MANAGER,PROJECT,,,,,"LG-SK-0851,LG-TN-0852,LG-TS-0853,LG-TR-0854,LG-UP-0855,LG-UK-0856,LG-WB-0857,LG-AN-0858,LG-CH-0859,LG-DH-0860",ACTIVE,2024-01-01 00:00:00,2024-02-25 11:20:00
USR-PJM-087,pm_87,$pbkdf2-sha256$29000$ujeGEGKMkfL.n1MqZSxF6A$W0sEfaLZQ8cd02tix.pHlU6R3ssS.8PDNTh.yVoIeXM,Project Manager 87,PROJECT_MANAGER,PROJECT,,,,,"LG-DL-0861,LG-JK-0862,LG-LA-0863,LG-LD-0864,LG-PY-0865,LG-AP-0866,LG-AR-0867,LG-AS-0868,LG-BR-0869,LG-CG-0870",ACTIVE,2024-01-01 00:00:00,2024-02-25 11:20:00
USR-PJM-088,pm_88,$pbkdf2-sha256$29000$ujeGEGKMkfL.n1MqZSxF6A$W0sEfaLZQ8cd02tix.pHlU6R3ssS.8PDNTh.yVoIeXM,Project Manager 88,PROJECT_MANAGER,PROJECT,,,,,"LG-GA-0871,LG-GJ-0872,LG-HR-0873,LG-HP-0874,LG-JH-0875,LG-KA-0876,LG-KL-0877,LG-MP-0878,LG-MH-0879,LG-MN-0880",ACTIVE,2024-01-01 00:00:00,2024-02-25 11:20:00
USR-PJM-089,pm_89,$pbkdf2-sha256$29000$ujeGEGKMkfL.n1MqZSxF6A$W0sEfaLZQ8cd02tix.pHlU6R3ssS.8PDNTh.yVoIeXM,Project Manager 89,PROJECT_MANAGER,PROJECT,,,,,"LG-ML-0881,LG-MZ-0882,LG-NL-0883,LG-OD-0884,LG-PB-0885,LG-RJ-0886,LG-SK-0887,LG-TN-0888,LG-TS-0889,LG-TR-0890",ACTIVE,2024-01-01 00:00:00,2024-02-25 11:20:00
USR-PJM-090,pm_90,$pbkdf2-sha256$29000$ujeGEGKMkfL.n1MqZSxF6A$W0sEfaLZQ8cd02tix.pHlU6R3ssS.8PDNTh.yVoIeXM,Project Manager 90,PROJECT_MANAGER,PROJECT,,,,,"LG-UP-0891,LG-UK-0892,LG-WB-0893,LG-AN-0894,LG-CH-0895,LG-DH-0896,LG-DL-0897,LG-JK-0898,LG-LA-0899,LG-LD-0900",ACTIVE,2024-01-01 00:00:00,2024-02-25 11:20:00
USR-PJM-091,pm_91,$pbkdf2-sha256$29000$ujeGEGKMkfL.n1MqZSxF6A$W0sEfaLZQ8cd02tix.pHlU6R3ssS.8PDNTh.yVoIeXM,Project Manager 91,PROJECT_MANAGER,PROJECT,,,,,"LG-PY-0901,LG-AP-0902,LG-AR-0903,LG-AS-0904,LG-BR-0905,LG-CG-0906,LG-GA-0907,LG-GJ-0908,LG-HR-0909,LG-HP-0910",ACTIVE,2024-01-01 00:00:00,2024-02-25 11:20:00
USR-PJM-092,pm_92,$pbkdf2-sha256$29000$ujeGEGKMkfL.n1MqZSxF6A$W0sEfaLZQ8cd02tix.pHlU6R3ssS.8PDNTh.yVoIeXM,Project Manager 92,PROJECT_MANAGER,PROJECT,,,,,"LG-JH-0911,LG-KA-0912,LG-KL-0913,LG-MP-0914,LG-MH-0915,LG-MN-0916,LG-ML-0917,LG-MZ-0918,LG-NL-0919,LG-OD-0920",ACTIVE,2024-01-01 00:00:00,2024-02-25 11:20:00
USR-PJM-093,pm_93,$pbkdf2-sha256$29000$ujeGEGKMkfL.n1MqZSxF6A$W0sEfaLZQ8cd02tix.pHlU6R3ssS.8PDNTh.yVoIeXM,Project Manager 93,PROJECT_MANAGER,PROJECT,,,,,"LG-PB-0921,LG-RJ-0922,LG-SK-0923,LG-TN-0924,LG-TS-0925,LG-TR-0926,LG-UP-0927,LG-UK-0928,LG-WB-0929,LG-AN-0930",ACTIVE,2024-01-01 00:00:00,2024-02-25 11:20:00
USR-PJM-094,pm_94,$pbkdf2-sha256$29000$ujeGEGKMkfL.n1MqZSxF6A$W0sEfaLZQ8cd02tix.pHlU6R3ssS.8PDNTh.yVoIeXM,Project Manager 94,PROJECT_MANAGER,PROJECT,,,,,"LG-CH-0931,LG-DH-0932,LG-DL-0933,LG-JK-0934,LG-LA-0935,LG-LD-0936,LG-PY-0937,LG-AP-0938,LG-AR-0939,LG-AS-0940",ACTIVE,2024-01-01 00:00:00,2024-02-25 11:20:00
USR-PJM-095,pm_95,$pbkdf2-sha256$29000$ujeGEGKMkfL.n1MqZSxF6A$W0sEfaLZQ8cd02tix.pHlU6R3ssS.8PDNTh.yVoIeXM,Project Manager 95,PROJECT_MANAGER,PROJECT,,,,,"LG-BR-0941,LG-CG-0942,LG-GA-0943,LG-GJ-0944,LG-HR-0945,LG-HP-0946,LG-JH-0947,LG-KA-0948,LG-KL-0949,LG-MP-0950",ACTIVE,2024-01-01 00:00:00,2024-02-25 11:20:00
USR-PJM-096,pm_96,$pbkdf2-sha256$29000$ujeGEGKMkfL.n1MqZSxF6A$W0sEfaLZQ8cd02tix.pHlU6R3ssS.8PDNTh.yVoIeXM,Project Manager 96,PROJECT_MANAGER,PROJECT,,,,,"LG-MH-0951,LG-MN-0952,LG-ML-0953,LG-MZ-0954,LG-NL-0955,LG-OD-0956,LG-PB-0957,LG-RJ-0958,LG-SK-0959,LG-TN-0960",ACTIVE,2024-01-01 00:00:00,2024-02-25 11:20:00
USR-PJM-097,pm_97,$pbkdf2-sha256$29000$ujeGEGKMkfL.n1MqZSxF6A$W0sEfaLZQ8cd02tix.pHlU6R3ssS.8PDNTh.yVoIeXM,Project Manager 97,PROJECT_MANAGER,PROJECT,,,,,"LG-TS-0961,LG-TR-0962,LG-UP-0963,LG-UK-0964,LG-WB-0965,LG-AN-0966,LG-CH-0967,LG-DH-0968,LG-DL-0969,LG-JK-0970",ACTIVE,2024-01-01 00:00:00,2024-02-25 11:20:00
USR-PJM-098,pm_98,$pbkdf2-sha256$29000$ujeGEGKMkfL.n1MqZSxF6A$W0sEfaLZQ8cd02tix.pHlU6R3ssS.8PDNTh.yVoIeXM,Project Manager 98,PROJECT_MANAGER,PROJECT,,,,,"LG-LA-0971,LG-LD-0972,LG-PY-0973,LG-AP-0974,LG-AR-0975,LG-AS-0976,LG-BR-0977,LG-CG-0978,LG-GA-0979,LG-GJ-0980",ACTIVE,2024-01-01 00:00:00,2024-02-25 11:20:00
USR-PJM-099,pm_99,$pbkdf2-sha256$29000$ujeGEGKMkfL.n1MqZSxF6A$W0sEfaLZQ8cd02tix.pHlU6R3ssS.8PDNTh.yVoIeXM,Project Manager 99,PROJECT_MANAGER,PROJECT,,,,,"LG-HR-0981,LG-HP-0982,LG-JH-0983,LG-KA-0984,LG-KL-0985,LG-MP-0986,LG-MH-0987,LG-MN-0988,LG-ML-0989,LG-MZ-0990",ACTIVE,2024-01-01 00:00:00,2024-02-25 11:20:00
USR-PJM-100,pm_100,$pbkdf2-sha256$29000$ujeGEGKMkfL.n1MqZSxF6A$W0sEfaLZQ8cd02tix.pHlU6R3ssS.8PDNTh.yVoIeXM,Project Manager 100,PROJECT_MANAGER,PROJECT,,,,,"LG-NL-0991,LG-OD-0992,LG-PB-0993,LG-RJ-0994,LG-SK-0995,LG-TN-0996,LG-TS-0997,LG-TR-0998,LG-UP-0999,LG-UK-1000",ACTIVE,2024-01-01 00:00:00,2024-02-25 11:20:00
USR-PJM-101,pm_101,$pbkdf2-sha256$29000$ujeGEGKMkfL.n1MqZSxF6A$W0sEfaLZQ8cd02tix.pHlU6R3ssS.8PDNTh.yVoIeXM,Project Manager 101,PROJECT_MANAGER,PROJECT,,,,,"LG-WB-1001,LG-AN-1002,LG-CH-1003,LG-DH-1004,LG-DL-1005,LG-JK-1006,LG-LA-1007,LG-LD-1008,LG-PY-1009,LG-AP-1010",ACTIVE,2024-01-01 00:00:00,2024-02-25 11:20:00
USR-PJM-102,pm_102,$pbkdf2-sha256$29000$ujeGEGKMkfL.n1MqZSxF6A$W0sEfaLZQ8cd02tix.pHlU6R3ssS.8PDNTh.yVoIeXM,Project Manager 102,PROJECT_MANAGER,PROJECT,,,,,"LG-AR-1011,LG-AS-1012,LG-BR-1013,LG-CG-1014,LG-GA-1015,LG-GJ-1016,LG-HR-1017,LG-HP-1018,LG-JH-1019,LG-KA-1020",ACTIVE,2024-01-01 00:00:00,2024-02-25 11:20:00
USR-PJM-103,pm_103,$pbkdf2-sha256$29000$ujeGEGKMkfL.n1MqZSxF6A$W0sEfaLZQ8cd02tix.pHlU6R3ssS.8PDNTh.yVoIeXM,Project Manager 103,PROJECT_MANAGER,PROJECT,,,,,"LG-KL-1021,LG-MP-1022,LG-MH-1023,LG-MN-1024,LG-ML-1025,LG-MZ-1026,LG-NL-1027,LG-OD-1028,LG-PB-1029,LG-RJ-1030",ACTIVE,2024-01-01 00:00:00,2024-02-25 11:20:00
USR-PJM-104,pm_104,$pbkdf2-sha256$29000$ujeGEGKMkfL.n1MqZSxF6A$W0sEfaLZQ8cd02tix.pHlU6R3ssS.8PDNTh.yVoIeXM,Project Manager 104,PROJECT_MANAGER,PROJECT,,,,,"LG-SK-1031,LG-TN-1032,LG-TS-1033,LG-TR-1034,LG-UP-1035,LG-UK-1036,LG-WB-1037,LG-AN-1038,LG-CH-1039,LG-DH-1040",ACTIVE,2024-01-01 00:00:00,2024-02-25 11:20:00
USR-PJM-105,pm_105,$pbkdf2-sha256$29000$ujeGEGKMkfL.n1MqZSxF6A$W0sEfaLZQ8cd02tix.pHlU6R3ssS.8PDNTh.yVoIeXM,Project Manager 105,PROJECT_MANAGER,PROJECT,,,,,"LG-DL-1041,LG-JK-1042,LG-LA-1043,LG-LD-1044,LG-PY-1045,LG-AP-1046,LG-AR-1047,LG-AS-1048,LG-BR-1049,LG-CG-1050",ACTIVE,2024-01-01 00:00:00,2024-02-25 11:20:00
USR-PJM-106,pm_106,$pbkdf2-sha256$29000$ujeGEGKMkfL.n1MqZSxF6A$W0sEfaLZQ8cd02tix.pHlU6R3ssS.8PDNTh.yVoIeXM,Project Manager 106,PROJECT_MANAGER,PROJECT,,,,,"LG-GA-1051,LG-GJ-1052,LG-HR-1053,LG-HP-1054,LG-JH-1055,LG-KA-1056,LG-KL-1057,LG-MP-1058,LG-MH-1059,LG-MN-1060",ACTIVE,2024-01-01 00:00:00,2024-02-25 11:20:00
USR-PJM-107,pm_107,$pbkdf2-sha256$29000$ujeGEGKMkfL.n1MqZSxF6A$W0sEfaLZQ8cd02tix.pHlU6R3ssS.8PDNTh.yVoIeXM,Project Manager 107,PROJECT_MANAGER,PROJECT,,,,,"LG-ML-1061,LG-MZ-1062,LG-NL-1063,LG-OD-1064,LG-PB-1065,LG-RJ-1066,LG-SK-1067,LG-TN-1068,LG-TS-1069,LG-TR-1070",ACTIVE,2024-01-01 00:00:00,2024-02-25 11:20:00
USR-PJM-108,pm_108,$pbkdf2-sha256$29000$ujeGEGKMkfL.n1MqZSxF6A$W0sEfaLZQ8cd02tix.pHlU6R3ssS.8PDNTh.yVoIeXM,Project Manager 108,PROJECT_MANAGER,PROJECT,,,,,"LG-UP-1071,LG-UK-1072,LG-WB-1073,LG-AN-1074,LG-CH-1075,LG-DH-1076,LG-DL-1077,LG-JK-1078,LG-LA-1079,LG-LD-1080",ACTIVE,2024-01-01 00:00:00,2024-02-25 11:20:00
USR-PJM-109,pm_109,$pbkdf2-sha256$29000$ujeGEGKMkfL.n1MqZSxF6A$W0sEfaLZQ8cd02tix.pHlU6R3ssS.8PDNTh.yVoIeXM,Project Manager 109,PROJECT_MANAGER,PROJECT,,,,,"LG-PY-1081,LG-AP-1082,LG-AR-1083,LG-AS-1084,LG-BR-1085,LG-CG-1086,LG-GA-1087,LG-GJ-1088,LG-HR-1089,LG-HP-1090",ACTIVE,2024-01-01 00:00:00,2024-02-25 11:20:00
USR-PJM-110,pm_110,$pbkdf2-sha256$29000$ujeGEGKMkfL.n1MqZSxF6A$W0sEfaLZQ8cd02tix.pHlU6R3ssS.8PDNTh.yVoIeXM,Project Manager 110,PROJECT_MANAGER,PROJECT,,,,,"LG-JH-1091,LG-KA-1092,LG-KL-1093,LG-MP-1094,LG-MH-1095,LG-MN-1096,LG-ML-1097,LG-MZ-1098,LG-NL-1099,LG-OD-1100",ACTIVE,2024-01-01 00:00:00,2024-02-25 11:20:00
USR-PJM-111,pm_111,$pbkdf2-sha256$29000$ujeGEGKMkfL.n1MqZSxF6A$W0sEfaLZQ8cd02tix.pHlU6R3ssS.8PDNTh.yVoIeXM,Project Manager 111,PROJECT_MANAGER,PROJECT,,,,,"LG-PB-1101,LG-RJ-1102,LG-SK-1103,LG-TN-1104,LG-TS-1105,LG-TR-1106,LG-UP-1107,LG-UK-1108,LG-WB-1109,LG-AN-1110",ACTIVE,2024-01-01 00:00:00,2024-02-25 11:20:00
USR-PJM-112,pm_112,$pbkdf2-sha256$29000$ujeGEGKMkfL.n1MqZSxF6A$W0sEfaLZQ8cd02tix.pHlU6R3ssS.8PDNTh.yVoIeXM,Project Manager 112,PROJECT_MANAGER,PROJECT,,,,,"LG-CH-1111,LG-DH-1112,LG-DL-1113,LG-JK-1114,LG-LA-1115,LG-LD-1116,LG-PY-1117,LG-AP-1118,LG-AR-1119,LG-AS-1120",ACTIVE,2024-01-01 00:00:00,2024-02-25 11:20:00
USR-PJM-113,pm_113,$pbkdf2-sha256$29000$ujeGEGKMkfL.n1MqZSxF6A$W0sEfaLZQ8cd02tix.pHlU6R3ssS.8PDNTh.yVoIeXM,Project Manager 113,PROJECT_MANAGER,PROJECT,,,,,"LG-BR-1121,LG-CG-1122,LG-GA-1123,LG-GJ-1124,LG-HR-1125,LG-HP-1126,LG-JH-1127,LG-KA-1128,LG-KL-1129,LG-MP-1130",ACTIVE,2024-01-01 00:00:00,2024-02-25 11:20:00
USR-PJM-114,pm_114,$pbkdf2-sha256$29000$ujeGEGKMkfL.n1MqZSxF6A$W0sEfaLZQ8cd02tix.pHlU6R3ssS.8PDNTh.yVoIeXM,Project Manager 114,PROJECT_MANAGER,PROJECT,,,,,"LG-MH-1131,LG-MN-1132,LG-ML-1133,LG-MZ-1134,LG-NL-1135,LG-OD-1136,LG-PB-1137,LG-RJ-1138,LG-SK-1139,LG-TN-1140",ACTIVE,2024-01-01 00:00:00,2024-02-25 11:20:00
USR-PJM-115,pm_115,$pbkdf2-sha256$29000$ujeGEGKMkfL.n1MqZSxF6A$W0sEfaLZQ8cd02tix.pHlU6R3ssS.8PDNTh.yVoIeXM,Project Manager 115,PROJECT_MANAGER,PROJECT,,,,,"LG-TS-1141,LG-TR-1142,LG-UP-1143,LG-UK-1144,LG-WB-1145,LG-AN-1146,LG-CH-1147,LG-DH-1148,LG-DL-1149,LG-JK-1150",ACTIVE,2024-01-01 00:00:00,2024-02-25 11:20:00
USR-PJM-116,pm_116,$pbkdf2-sha256$29000$ujeGEGKMkfL.n1MqZSxF6A$W0sEfaLZQ8cd02tix.pHlU6R3ssS.8PDNTh.yVoIeXM,Project Manager 116,PROJECT_MANAGER,PROJECT,,,,,"LG-LA-1151,LG-LD-1152,LG-PY-1153,LG-AP-1154,LG-AR-1155,LG-AS-1156,LG-BR-1157,LG-CG-1158,LG-GA-1159,LG-GJ-1160",ACTIVE,2024-01-01 00:00:00,2024-02-25 11:20:00
USR-PJM-117,pm_117,$pbkdf2-sha256$29000$ujeGEGKMkfL.n1MqZSxF6A$W0sEfaLZQ8cd02tix.pHlU6R3ssS.8PDNTh.yVoIeXM,Project Manager 117,PROJECT_MANAGER,PROJECT,,,,,"LG-HR-1161,LG-HP-1162,LG-JH-1163,LG-KA-1164,LG-KL-1165,LG-MP-1166,LG-MH-1167,LG-MN-1168,LG-ML-1169,LG-MZ-1170",ACTIVE,2024-01-01 00:00:00,2024-02-25 11:20:00
USR-PJM-118,pm_118,$pbkdf2-sha256$29000$ujeGEGKMkfL.n1MqZSxF6A$W0sEfaLZQ8cd02tix.pHlU6R3ssS.8PDNTh.yVoIeXM,Project Manager 118,PROJECT_MANAGER,PROJECT,,,,,"LG-NL-1171,LG-OD-1172,LG-PB-1173,LG-RJ-1174,LG-SK-1175,LG-TN-1176,LG-TS-1177,LG-TR-1178,LG-UP-1179,LG-UK-1180",ACTIVE,2024-01-01 00:00:00,2024-02-25 11:20:00
USR-PJM-119,pm_119,$pbkdf2-sha256$29000$ujeGEGKMkfL.n1MqZSxF6A$W0sEfaLZQ8cd02tix.pHlU6R3ssS.8PDNTh.yVoIeXM,Project Manager 119,PROJECT_MANAGER,PROJECT,,,,,"LG-WB-1181,LG-AN-1182,LG-CH-1183,LG-DH-1184,LG-DL-1185,LG-JK-1186,LG-LA-1187,LG-LD-1188,LG-PY-1189,LG-AP-1190",ACTIVE,2024-01-01 00:00:00,2024-02-25 11:20:00
USR-PJM-120,pm_120,$pbkdf2-sha256$29000$ujeGEGKMkfL.n1MqZSxF6A$W0sEfaLZQ8cd02tix.pHlU6R3ssS.8PDNTh.yVoIeXM,Project Manager 120,PROJECT_MANAGER,PROJECT,,,,,"LG-AR-1191,LG-AS-1192,LG-BR-1193,LG-CG-1194,LG-GA-1195,LG-GJ-1196,LG-HR-1197,LG-HP-1198,LG-JH-1199,LG-KA-1200",ACTIVE,2024-01-01 00:00:00,2024-02-25 11:20:00
USR-PJM-121,pm_121,$pbkdf2-sha256$29000$ujeGEGKMkfL.n1MqZSxF6A$W0sEfaLZQ8cd02tix.pHlU6R3ssS.8PDNTh.yVoIeXM,Project Manager 121,PROJECT_MANAGER,PROJECT,,,,,"LG-KL-1201,LG-MP-1202,LG-MH-1203,LG-MN-1204,LG-ML-1205,LG-MZ-1206,LG-NL-1207,LG-OD-1208,LG-PB-1209,LG-RJ-1210",ACTIVE,2024-01-01 00:00:00,2024-02-25 11:20:00
USR-PJM-122,pm_122,$pbkdf2-sha256$29000$ujeGEGKMkfL.n1MqZSxF6A$W0sEfaLZQ8cd02tix.pHlU6R3ssS.8PDNTh.yVoIeXM,Project Manager 122,PROJECT_MANAGER,PROJECT,,,,,"LG-SK-1211,LG-TN-1212,LG-TS-1213,LG-TR-1214,LG-UP-1215,LG-UK-1216,LG-WB-1217,LG-AN-1218,LG-CH-1219,LG-DH-1220",ACTIVE,2024-01-01 00:00:00,2024-02-25 11:20:00
USR-PJM-123,pm_123,$pbkdf2-sha256$29000$ujeGEGKMkfL.n1MqZSxF6A$W0sEfaLZQ8cd02tix.pHlU6R3ssS.8PDNTh.yVoIeXM,Project Manager 123,PROJECT_MANAGER,PROJECT,,,,,"LG-DL-1221,LG-JK-1222,LG-LA-1223,LG-LD-1224,LG-PY-1225,LG-AP-1226,LG-AR-1227,LG-AS-1228,LG-BR-1229,LG-CG-1230",ACTIVE,2024-01-01 00:00:00,2024-02-25 11:20:00
USR-PJM-124,pm_124,$pbkdf2-sha256$29000$ujeGEGKMkfL.n1MqZSxF6A$W0sEfaLZQ8cd02tix.pHlU6R3ssS.8PDNTh.yVoIeXM,Project Manager 124,PROJECT_MANAGER,PROJECT,,,,,"LG-GA-1231,LG-GJ-1232,LG-HR-1233,LG-HP-1234,LG-JH-1235,LG-KA-1236,LG-KL-1237,LG-MP-1238,LG-MH-1239,LG-MN-1240",ACTIVE,2024-01-01 00:00:00,2024-02-25 11:20:00
USR-PJM-125,pm_125,$pbkdf2-sha256$29000$ujeGEGKMkfL.n1MqZSxF6A$W0sEfaLZQ8cd02tix.pHlU6R3ssS.8PDNTh.yVoIeXM,Project Manager 125,PROJECT_MANAGER,PROJECT,,,,,"LG-ML-1241,LG-MZ-1242,LG-NL-1243,LG-OD-1244,LG-PB-1245,LG-RJ-1246,LG-SK-1247,LG-TN-1248,LG-TS-1249,LG-TR-1250",ACTIVE,2024-01-01 00:00:00,2024-02-25 11:20:00
USR-ANY-01,analyst,$pbkdf2-sha256$29000$IiRkLOWcs/b.37tX6r13jg$wT0nU9f.sIcvKhbuE4x8XEfxqADbHR52b5cuxMZtpYk,Lead Policy Analyst 1,ANALYST,NATIONAL,,,,,,ACTIVE,2024-01-01 00:00:00,2024-02-24 16:45:00
USR-ANY-02,analyst2,$pbkdf2-sha256$29000$IiRkLOWcs/b.37tX6r13jg$wT0nU9f.sIcvKhbuE4x8XEfxqADbHR52b5cuxMZtpYk,Lead Policy Analyst 2,ANALYST,NATIONAL,,,,,,ACTIVE,2024-01-01 00:00:00,2024-02-24 16:45:00
USR-ANY-03,analyst3,$pbkdf2-sha256$29000$IiRkLOWcs/b.37tX6r13jg$wT0nU9f.sIcvKhbuE4x8XEfxqADbHR52b5cuxMZtpYk,Lead Policy Analyst 3,ANALYST,NATIONAL,,,,,,ACTIVE,2024-01-01 00:00:00,2024-02-24 16:45:00
USR-ANY-04,analyst4,$pbkdf2-sha256$29000$IiRkLOWcs/b.37tX6r13jg$wT0nU9f.sIcvKhbuE4x8XEfxqADbHR52b5cuxMZtpYk,Lead Policy Analyst 4,ANALYST,NATIONAL,,,,,,ACTIVE,2024-01-01 00:00:00,2024-02-24 16:45:00
USR-ANY-05,analyst5,$pbkdf2-sha256$29000$IiRkLOWcs/b.37tX6r13jg$wT0nU9f.sIcvKhbuE4x8XEfxqADbHR52b5cuxMZtpYk,Lead Policy Analyst 5,ANALYST,NATIONAL,,,,,,ACTIVE,2024-01-01 00:00:00,2024-02-24 16:45:00
USR-ANY-06,analyst6,$pbkdf2-sha256$29000$IiRkLOWcs/b.37tX6r13jg$wT0nU9f.sIcvKhbuE4x8XEfxqADbHR52b5cuxMZtpYk,Lead Policy Analyst 6,ANALYST,NATIONAL,,,,,,ACTIVE,2024-01-01 00:00:00,2024-02-24 16:45:00
USR-ANY-07,analyst7,$pbkdf2-sha256$29000$IiRkLOWcs/b.37tX6r13jg$wT0nU9f.sIcvKhbuE4x8XEfxqADbHR52b5cuxMZtpYk,Lead Policy Analyst 7,ANALYST,NATIONAL,,,,,,ACTIVE,2024-01-01 00:00:00,2024-02-24 16:45:00
USR-ANY-08,analyst8,$pbkdf2-sha256$29000$IiRkLOWcs/b.37tX6r13jg$wT0nU9f.sIcvKhbuE4x8XEfxqADbHR52b5cuxMZtpYk,Lead Policy Analyst 8,ANALYST,NATIONAL,,,,,,ACTIVE,2024-01-01 00:00:00,2024-02-24 16:45:00
USR-ANY-09,analyst9,$pbkdf2-sha256$29000$IiRkLOWcs/b.37tX6r13jg$wT0nU9f.sIcvKhbuE4x8XEfxqADbHR52b5cuxMZtpYk,Lead Policy Analyst 9,ANALYST,NATIONAL,,,,,,ACTIVE,2024-01-01 00:00:00,2024-02-24 16:45:00
USR-ANY-10,analyst10,$pbkdf2-sha256$29000$IiRkLOWcs/b.37tX6r13jg$wT0nU9f.sIcvKhbuE4x8XEfxqADbHR52b5cuxMZtpYk,Lead Policy Analyst 10,ANALYST,NATIONAL,,,,,,ACTIVE,2024-01-01 00:00:00,2024-02-24 16:45:00
USR-ANY-11,analyst11,$pbkdf2-sha256$29000$IiRkLOWcs/b.37tX6r13jg$wT0nU9f.sIcvKhbuE4x8XEfxqADbHR52b5cuxMZtpYk,Lead Policy Analyst 11,ANALYST,NATIONAL,,,,,,ACTIVE,2024-01-01 00:00:00,2024-02-24 16:45:00
USR-ANY-12,analyst12,$pbkdf2-sha256$29000$IiRkLOWcs/b.37tX6r13jg$wT0nU9f.sIcvKhbuE4x8XEfxqADbHR52b5cuxMZtpYk,Lead Policy Analyst 12,ANALYST,NATIONAL,,,,,,ACTIVE,2024-01-01 00:00:00,2024-02-24 16:45:00
USR-ANY-13,analyst13,$pbkdf2-sha256$29000$IiRkLOWcs/b.37tX6r13jg$wT0nU9f.sIcvKhbuE4x8XEfxqADbHR52b5cuxMZtpYk,Lead Policy Analyst 13,ANALYST,NATIONAL,,,,,,ACTIVE,2024-01-01 00:00:00,2024-02-24 16:45:00
USR-ANY-14,analyst14,$pbkdf2-sha256$29000$IiRkLOWcs/b.37tX6r13jg$wT0nU9f.sIcvKhbuE4x8XEfxqADbHR52b5cuxMZtpYk,Lead Policy Analyst 14,ANALYST,NATIONAL,,,,,,ACTIVE,2024-01-01 00:00:00,2024-02-24 16:45:00
USR-ANY-15,analyst15,$pbkdf2-sha256$29000$IiRkLOWcs/b.37tX6r13jg$wT0nU9f.sIcvKhbuE4x8XEfxqADbHR52b5cuxMZtpYk,Lead Policy Analyst 15,ANALYST,NATIONAL,,,,,,ACTIVE,2024-01-01 00:00:00,2024-02-24 16:45:00
